age,sex,cp,trestbps,chol,fbs,restecg,thalach,exang,oldpeak,slope,ca,thal,num,target,cp_desc,sex_desc,fbs_desc,restecg_desc,exang_desc,slope_desc,thal_desc,age_group,time_period,month_index,predicted_outcome,predicted_risk_score,data_origin,patient_id,error_classification,is_error,risk_category
59.0,1.0,4.0,138.0,271.0,0.0,2.0,182.0,0.0,0.0,1.0,0.0,3.0,0,0,Asymptomatic,Male,<= 120 mg/dl,Left Ventricular Hypertrophy,No,Upsloping,Normal,Senior (>=55),Month 0 (Baseline Ref),0,0,0.3055,BASELINE_TEST_SET,,True Negative,0,Low Risk (<40%)
66.0,1.0,4.0,160.0,228.0,0.0,2.0,138.0,0.0,2.3,1.0,0.0,6.0,0,0,Asymptomatic,Male,<= 120 mg/dl,Left Ventricular Hypertrophy,No,Upsloping,Fixed Defect,Senior (>=55),Month 0 (Baseline Ref),0,1,0.5735,BASELINE_TEST_SET,,False Positive,1,Moderate Risk (40-60%)
51.0,0.0,3.0,130.0,256.0,0.0,2.0,149.0,0.0,0.5,1.0,0.0,3.0,0,0,Non-Anginal Pain,Female,<= 120 mg/dl,Left Ventricular Hypertrophy,No,Upsloping,Normal,Younger (<55),Month 0 (Baseline Ref),0,0,0.048,BASELINE_TEST_SET,,True Negative,0,Low Risk (<40%)
34.0,1.0,1.0,118.0,182.0,0.0,2.0,174.0,0.0,0.0,1.0,0.0,3.0,0,0,Typical Angina,Male,<= 120 mg/dl,Left Ventricular Hypertrophy,No,Upsloping,Normal,Younger (<55),Month 0 (Baseline Ref),0,0,0.0961,BASELINE_TEST_SET,,True Negative,0,Low Risk (<40%)
54.0,1.0,3.0,150.0,232.0,0.0,2.0,165.0,0.0,1.6,1.0,0.0,7.0,0,0,Non-Anginal Pain,Male,<= 120 mg/dl,Left Ventricular Hypertrophy,No,Upsloping,Reversible Defect,Younger (<55),Month 0 (Baseline Ref),0,0,0.3652,BASELINE_TEST_SET,,True Negative,0,Low Risk (<40%)
60.0,0.0,3.0,120.0,178.0,1.0,0.0,96.0,0.0,0.0,1.0,0.0,3.0,0,0,Non-Anginal Pain,Female,> 120 mg/dl,Normal,No,Upsloping,Normal,Senior (>=55),Month 0 (Baseline Ref),0,0,0.1972,BASELINE_TEST_SET,,True Negative,0,Low Risk (<40%)
63.0,0.0,2.0,140.0,195.0,0.0,0.0,179.0,0.0,0.0,1.0,2.0,3.0,0,0,Atypical Angina,Female,<= 120 mg/dl,Normal,No,Upsloping,Normal,Senior (>=55),Month 0 (Baseline Ref),0,0,0.269,BASELINE_TEST_SET,,True Negative,0,Low Risk (<40%)
74.0,0.0,2.0,120.0,269.0,0.0,2.0,121.0,1.0,0.2,1.0,1.0,3.0,0,0,Atypical Angina,Female,<= 120 mg/dl,Left Ventricular Hypertrophy,Yes,Upsloping,Normal,Senior (>=55),Month 0 (Baseline Ref),0,0,0.3596,BASELINE_TEST_SET,,True Negative,0,Low Risk (<40%)
35.0,1.0,4.0,126.0,282.0,0.0,2.0,156.0,1.0,0.0,1.0,0.0,7.0,1,1,Asymptomatic,Male,<= 120 mg/dl,Left Ventricular Hypertrophy,Yes,Upsloping,Reversible Defect,Younger (<55),Month 0 (Baseline Ref),0,1,0.6604,BASELINE_TEST_SET,,True Positive,0,High Risk (>60%)
45.0,0.0,4.0,138.0,236.0,0.0,2.0,152.0,1.0,0.2,2.0,0.0,3.0,0,0,Asymptomatic,Female,<= 120 mg/dl,Left Ventricular Hypertrophy,Yes,Flat,Normal,Younger (<55),Month 0 (Baseline Ref),0,0,0.3101,BASELINE_TEST_SET,,True Negative,0,Low Risk (<40%)
62.0,1.0,2.0,120.0,281.0,0.0,2.0,103.0,0.0,1.4,2.0,1.0,7.0,3,1,Atypical Angina,Male,<= 120 mg/dl,Left Ventricular Hypertrophy,No,Flat,Reversible Defect,Senior (>=55),Month 0 (Baseline Ref),0,1,0.7955,BASELINE_TEST_SET,,True Positive,0,High Risk (>60%)
58.0,0.0,1.0,150.0,283.0,1.0,2.0,162.0,0.0,1.0,1.0,0.0,3.0,0,0,Typical Angina,Female,> 120 mg/dl,Left Ventricular Hypertrophy,No,Upsloping,Normal,Senior (>=55),Month 0 (Baseline Ref),0,0,0.1899,BASELINE_TEST_SET,,True Negative,0,Low Risk (<40%)
38.0,1.0,3.0,138.0,175.0,0.0,0.0,173.0,0.0,0.0,1.0,0.0,3.0,0,0,Non-Anginal Pain,Male,<= 120 mg/dl,Normal,No,Upsloping,Normal,Younger (<55),Month 0 (Baseline Ref),0,0,0.0666,BASELINE_TEST_SET,,True Negative,0,Low Risk (<40%)
66.0,1.0,2.0,160.0,246.0,0.0,0.0,120.0,1.0,0.0,2.0,3.0,6.0,2,1,Atypical Angina,Male,<= 120 mg/dl,Normal,Yes,Flat,Fixed Defect,Senior (>=55),Month 0 (Baseline Ref),0,1,0.721,BASELINE_TEST_SET,,True Positive,0,High Risk (>60%)
54.0,1.0,4.0,120.0,188.0,0.0,0.0,113.0,0.0,1.4,2.0,1.0,7.0,2,1,Asymptomatic,Male,<= 120 mg/dl,Normal,No,Flat,Reversible Defect,Younger (<55),Month 0 (Baseline Ref),0,1,0.86,BASELINE_TEST_SET,,True Positive,0,High Risk (>60%)
59.0,1.0,4.0,164.0,176.0,1.0,2.0,90.0,0.0,1.0,2.0,2.0,6.0,3,1,Asymptomatic,Male,> 120 mg/dl,Left Ventricular Hypertrophy,No,Flat,Fixed Defect,Senior (>=55),Month 0 (Baseline Ref),0,1,0.8438,BASELINE_TEST_SET,,True Positive,0,High Risk (>60%)
58.0,1.0,3.0,132.0,224.0,0.0,2.0,173.0,0.0,3.2,1.0,2.0,7.0,3,1,Non-Anginal Pain,Male,<= 120 mg/dl,Left Ventricular Hypertrophy,No,Upsloping,Reversible Defect,Senior (>=55),Month 0 (Baseline Ref),0,1,0.6068,BASELINE_TEST_SET,,True Positive,0,High Risk (>60%)
69.0,1.0,1.0,160.0,234.0,1.0,2.0,131.0,0.0,0.1,2.0,1.0,3.0,0,0,Typical Angina,Male,> 120 mg/dl,Left Ventricular Hypertrophy,No,Flat,Normal,Senior (>=55),Month 0 (Baseline Ref),0,1,0.5212,BASELINE_TEST_SET,,False Positive,1,Moderate Risk (40-60%)
62.0,0.0,4.0,140.0,268.0,0.0,2.0,160.0,0.0,3.6,3.0,2.0,3.0,3,1,Asymptomatic,Female,<= 120 mg/dl,Left Ventricular Hypertrophy,No,Downsloping,Normal,Senior (>=55),Month 0 (Baseline Ref),0,1,0.5612,BASELINE_TEST_SET,,True Positive,0,Moderate Risk (40-60%)
57.0,1.0,4.0,130.0,131.0,0.0,0.0,115.0,1.0,1.2,2.0,1.0,7.0,3,1,Asymptomatic,Male,<= 120 mg/dl,Normal,Yes,Flat,Reversible Defect,Senior (>=55),Month 0 (Baseline Ref),0,1,0.9152,BASELINE_TEST_SET,,True Positive,0,High Risk (>60%)
59.0,1.0,4.0,135.0,234.0,0.0,0.0,161.0,0.0,0.5,2.0,0.0,7.0,0,0,Asymptomatic,Male,<= 120 mg/dl,Normal,No,Flat,Reversible Defect,Senior (>=55),Month 0 (Baseline Ref),0,1,0.6263,BASELINE_TEST_SET,,False Positive,1,High Risk (>60%)
42.0,1.0,3.0,130.0,180.0,0.0,0.0,150.0,0.0,0.0,1.0,0.0,3.0,0,0,Non-Anginal Pain,Male,<= 120 mg/dl,Normal,No,Upsloping,Normal,Younger (<55),Month 0 (Baseline Ref),0,0,0.1134,BASELINE_TEST_SET,,True Negative,0,Low Risk (<40%)
43.0,0.0,4.0,132.0,341.0,1.0,2.0,136.0,1.0,3.0,2.0,0.0,7.0,2,1,Asymptomatic,Female,> 120 mg/dl,Left Ventricular Hypertrophy,Yes,Flat,Reversible Defect,Younger (<55),Month 0 (Baseline Ref),0,1,0.9134,BASELINE_TEST_SET,,True Positive,0,High Risk (>60%)
53.0,1.0,3.0,130.0,246.0,1.0,2.0,173.0,0.0,0.0,1.0,3.0,3.0,0,0,Non-Anginal Pain,Male,> 120 mg/dl,Left Ventricular Hypertrophy,No,Upsloping,Normal,Younger (<55),Month 0 (Baseline Ref),0,0,0.2798,BASELINE_TEST_SET,,True Negative,0,Low Risk (<40%)
55.0,0.0,4.0,180.0,327.0,0.0,1.0,117.0,1.0,3.4,2.0,0.0,3.0,2,1,Asymptomatic,Female,<= 120 mg/dl,ST-T Abnormality,Yes,Flat,Normal,Senior (>=55),Month 0 (Baseline Ref),0,1,0.6006,BASELINE_TEST_SET,,True Positive,0,High Risk (>60%)
39.0,0.0,3.0,138.0,220.0,0.0,0.0,152.0,0.0,0.0,2.0,0.0,3.0,0,0,Non-Anginal Pain,Female,<= 120 mg/dl,Normal,No,Flat,Normal,Younger (<55),Month 0 (Baseline Ref),0,0,0.074,BASELINE_TEST_SET,,True Negative,0,Low Risk (<40%)
54.0,0.0,3.0,160.0,201.0,0.0,0.0,163.0,0.0,0.0,1.0,1.0,3.0,0,0,Non-Anginal Pain,Female,<= 120 mg/dl,Normal,No,Upsloping,Normal,Younger (<55),Month 0 (Baseline Ref),0,0,0.1519,BASELINE_TEST_SET,,True Negative,0,Low Risk (<40%)
49.0,1.0,3.0,120.0,188.0,0.0,0.0,139.0,0.0,2.0,2.0,3.0,7.0,3,1,Non-Anginal Pain,Male,<= 120 mg/dl,Normal,No,Flat,Reversible Defect,Younger (<55),Month 0 (Baseline Ref),0,1,0.7664,BASELINE_TEST_SET,,True Positive,0,High Risk (>60%)
37.0,1.0,3.0,130.0,250.0,0.0,0.0,187.0,0.0,3.5,3.0,0.0,3.0,0,0,Non-Anginal Pain,Male,<= 120 mg/dl,Normal,No,Downsloping,Normal,Younger (<55),Month 0 (Baseline Ref),0,0,0.1875,BASELINE_TEST_SET,,True Negative,0,Low Risk (<40%)
61.0,1.0,4.0,138.0,166.0,0.0,2.0,125.0,1.0,3.6,2.0,1.0,3.0,4,1,Asymptomatic,Male,<= 120 mg/dl,Left Ventricular Hypertrophy,Yes,Flat,Normal,Senior (>=55),Month 0 (Baseline Ref),0,1,0.8161,BASELINE_TEST_SET,,True Positive,0,High Risk (>60%)
41.0,1.0,2.0,135.0,203.0,0.0,0.0,132.0,0.0,0.0,2.0,0.0,6.0,0,0,Atypical Angina,Male,<= 120 mg/dl,Normal,No,Flat,Fixed Defect,Younger (<55),Month 0 (Baseline Ref),0,0,0.3914,BASELINE_TEST_SET,,True Negative,0,Low Risk (<40%)
58.0,0.0,4.0,170.0,225.0,1.0,2.0,146.0,1.0,2.8,2.0,2.0,6.0,2,1,Asymptomatic,Female,> 120 mg/dl,Left Ventricular Hypertrophy,Yes,Flat,Fixed Defect,Senior (>=55),Month 0 (Baseline Ref),0,1,0.8445,BASELINE_TEST_SET,,True Positive,0,High Risk (>60%)
44.0,1.0,4.0,120.0,169.0,0.0,0.0,144.0,1.0,2.8,3.0,0.0,6.0,2,1,Asymptomatic,Male,<= 120 mg/dl,Normal,Yes,Downsloping,Fixed Defect,Younger (<55),Month 0 (Baseline Ref),0,1,0.6708,BASELINE_TEST_SET,,True Positive,0,High Risk (>60%)
58.0,1.0,2.0,125.0,220.0,0.0,0.0,144.0,0.0,0.4,2.0,0.0,7.0,0,0,Atypical Angina,Male,<= 120 mg/dl,Normal,No,Flat,Reversible Defect,Senior (>=55),Month 0 (Baseline Ref),0,1,0.5543,BASELINE_TEST_SET,,False Positive,1,Moderate Risk (40-60%)
45.0,1.0,4.0,115.0,260.0,0.0,2.0,185.0,0.0,0.0,1.0,0.0,3.0,0,0,Asymptomatic,Male,<= 120 mg/dl,Left Ventricular Hypertrophy,No,Upsloping,Normal,Younger (<55),Month 0 (Baseline Ref),0,0,0.2046,BASELINE_TEST_SET,,True Negative,0,Low Risk (<40%)
58.0,1.0,4.0,125.0,300.0,0.0,2.0,171.0,0.0,0.0,1.0,2.0,7.0,1,1,Asymptomatic,Male,<= 120 mg/dl,Left Ventricular Hypertrophy,No,Upsloping,Reversible Defect,Senior (>=55),Month 0 (Baseline Ref),0,1,0.7484,BASELINE_TEST_SET,,True Positive,0,High Risk (>60%)
41.0,1.0,3.0,130.0,214.0,0.0,2.0,168.0,0.0,2.0,2.0,0.0,3.0,0,0,Non-Anginal Pain,Male,<= 120 mg/dl,Left Ventricular Hypertrophy,No,Flat,Normal,Younger (<55),Month 0 (Baseline Ref),0,0,0.1827,BASELINE_TEST_SET,,True Negative,0,Low Risk (<40%)
60.0,1.0,3.0,140.0,185.0,0.0,2.0,155.0,0.0,3.0,2.0,0.0,3.0,1,1,Non-Anginal Pain,Male,<= 120 mg/dl,Left Ventricular Hypertrophy,No,Flat,Normal,Senior (>=55),Month 0 (Baseline Ref),0,0,0.2803,BASELINE_TEST_SET,,False Negative,1,Low Risk (<40%)
52.0,1.0,3.0,138.0,223.0,0.0,0.0,169.0,0.0,0.0,1.0,0.0,3.0,0,0,Non-Anginal Pain,Male,<= 120 mg/dl,Normal,No,Upsloping,Normal,Younger (<55),Month 0 (Baseline Ref),0,0,0.0686,BASELINE_TEST_SET,,True Negative,0,Low Risk (<40%)
61.0,1.0,4.0,148.0,203.0,0.0,0.0,161.0,0.0,0.0,1.0,1.0,7.0,2,1,Asymptomatic,Male,<= 120 mg/dl,Normal,No,Upsloping,Reversible Defect,Senior (>=55),Month 0 (Baseline Ref),0,1,0.6621,BASELINE_TEST_SET,,True Positive,0,High Risk (>60%)
62.0,1.0,3.0,130.0,231.0,0.0,0.0,146.0,0.0,1.8,2.0,3.0,7.0,0,0,Non-Anginal Pain,Male,<= 120 mg/dl,Normal,No,Flat,Reversible Defect,Senior (>=55),Month 0 (Baseline Ref),0,1,0.8444,BASELINE_TEST_SET,,False Positive,1,High Risk (>60%)
58.0,1.0,4.0,128.0,216.0,0.0,2.0,131.0,1.0,2.2,2.0,3.0,7.0,1,1,Asymptomatic,Male,<= 120 mg/dl,Left Ventricular Hypertrophy,Yes,Flat,Reversible Defect,Senior (>=55),Month 0 (Baseline Ref),0,1,0.9698,BASELINE_TEST_SET,,True Positive,0,High Risk (>60%)
54.0,1.0,4.0,122.0,286.0,0.0,2.0,116.0,1.0,3.2,2.0,2.0,3.0,3,1,Asymptomatic,Male,<= 120 mg/dl,Left Ventricular Hypertrophy,Yes,Flat,Normal,Younger (<55),Month 0 (Baseline Ref),0,1,0.8307,BASELINE_TEST_SET,,True Positive,0,High Risk (>60%)
66.0,0.0,4.0,178.0,228.0,1.0,0.0,165.0,1.0,1.0,2.0,2.0,7.0,3,1,Asymptomatic,Female,> 120 mg/dl,Normal,Yes,Flat,Reversible Defect,Senior (>=55),Month 0 (Baseline Ref),0,1,0.8816,BASELINE_TEST_SET,,True Positive,0,High Risk (>60%)
46.0,1.0,2.0,101.0,197.0,1.0,0.0,156.0,0.0,0.0,1.0,0.0,7.0,0,0,Atypical Angina,Male,> 120 mg/dl,Normal,No,Upsloping,Reversible Defect,Younger (<55),Month 0 (Baseline Ref),0,0,0.2757,BASELINE_TEST_SET,,True Negative,0,Low Risk (<40%)
53.0,0.0,3.0,128.0,216.0,0.0,2.0,115.0,0.0,0.0,1.0,0.0,3.0,0,0,Non-Anginal Pain,Female,<= 120 mg/dl,Left Ventricular Hypertrophy,No,Upsloping,Normal,Younger (<55),Month 0 (Baseline Ref),0,0,0.0999,BASELINE_TEST_SET,,True Negative,0,Low Risk (<40%)
55.0,0.0,4.0,128.0,205.0,0.0,1.0,130.0,1.0,2.0,2.0,1.0,7.0,3,1,Asymptomatic,Female,<= 120 mg/dl,ST-T Abnormality,Yes,Flat,Reversible Defect,Senior (>=55),Month 0 (Baseline Ref),0,1,0.9171,BASELINE_TEST_SET,,True Positive,0,High Risk (>60%)
54.0,0.0,3.0,110.0,214.0,0.0,0.0,158.0,0.0,1.6,2.0,0.0,3.0,0,0,Non-Anginal Pain,Female,<= 120 mg/dl,Normal,No,Flat,Normal,Younger (<55),Month 0 (Baseline Ref),0,0,0.0957,BASELINE_TEST_SET,,True Negative,0,Low Risk (<40%)
45.0,1.0,4.0,142.0,309.0,0.0,2.0,147.0,1.0,0.0,2.0,3.0,7.0,3,1,Asymptomatic,Male,<= 120 mg/dl,Left Ventricular Hypertrophy,Yes,Flat,Reversible Defect,Younger (<55),Month 0 (Baseline Ref),0,1,0.8305,BASELINE_TEST_SET,,True Positive,0,High Risk (>60%)
42.0,1.0,3.0,120.0,240.0,1.0,0.0,194.0,0.0,0.8,3.0,0.0,7.0,0,0,Non-Anginal Pain,Male,> 120 mg/dl,Normal,No,Downsloping,Reversible Defect,Younger (<55),Month 0 (Baseline Ref),0,0,0.4424,BASELINE_TEST_SET,,True Negative,0,Moderate Risk (40-60%)
43.0,0.0,3.0,122.0,213.0,0.0,0.0,165.0,0.0,0.2,2.0,0.0,3.0,0,0,Non-Anginal Pain,Female,<= 120 mg/dl,Normal,No,Flat,Normal,Younger (<55),Month 0 (Baseline Ref),0,0,0.0436,BASELINE_TEST_SET,,True Negative,0,Low Risk (<40%)
60.0,1.0,4.0,125.0,258.0,0.0,2.0,141.0,1.0,2.8,2.0,1.0,7.0,1,1,Asymptomatic,Male,<= 120 mg/dl,Left Ventricular Hypertrophy,Yes,Flat,Reversible Defect,Senior (>=55),Month 0 (Baseline Ref),0,1,0.9897,BASELINE_TEST_SET,,True Positive,0,High Risk (>60%)
51.0,1.0,3.0,94.0,227.0,0.0,0.0,154.0,1.0,0.0,1.0,1.0,7.0,0,0,Non-Anginal Pain,Male,<= 120 mg/dl,Normal,Yes,Upsloping,Reversible Defect,Younger (<55),Month 0 (Baseline Ref),0,0,0.4933,BASELINE_TEST_SET,,True Negative,0,Moderate Risk (40-60%)
44.0,1.0,3.0,130.0,233.0,0.0,0.0,179.0,1.0,0.4,1.0,0.0,3.0,0,0,Non-Anginal Pain,Male,<= 120 mg/dl,Normal,Yes,Upsloping,Normal,Younger (<55),Month 0 (Baseline Ref),0,0,0.1365,BASELINE_TEST_SET,,True Negative,0,Low Risk (<40%)
59.0,0.0,4.0,174.0,249.0,0.0,0.0,143.0,1.0,0.0,2.0,0.0,3.0,1,1,Asymptomatic,Female,<= 120 mg/dl,Normal,Yes,Flat,Normal,Senior (>=55),Month 0 (Baseline Ref),0,0,0.4649,BASELINE_TEST_SET,,False Negative,1,Moderate Risk (40-60%)
61.0,1.0,4.0,140.0,207.0,0.0,2.0,138.0,1.0,1.9,1.0,1.0,7.0,1,1,Asymptomatic,Male,<= 120 mg/dl,Left Ventricular Hypertrophy,Yes,Upsloping,Reversible Defect,Senior (>=55),Month 0 (Baseline Ref),0,1,0.9235,BASELINE_TEST_SET,,True Positive,0,High Risk (>60%)
58.0,1.0,4.0,114.0,318.0,0.0,1.0,140.0,0.0,4.4,3.0,3.0,6.0,4,1,Asymptomatic,Male,<= 120 mg/dl,ST-T Abnormality,No,Downsloping,Fixed Defect,Senior (>=55),Month 0 (Baseline Ref),0,1,0.7942,BASELINE_TEST_SET,,True Positive,0,High Risk (>60%)
61.0,1.0,1.0,134.0,234.0,0.0,0.0,145.0,0.0,2.6,2.0,2.0,3.0,2,1,Typical Angina,Male,<= 120 mg/dl,Normal,No,Flat,Normal,Senior (>=55),Month 0 (Baseline Ref),0,1,0.5312,BASELINE_TEST_SET,,True Positive,0,Moderate Risk (40-60%)
63.0,0.0,3.0,135.0,252.0,0.0,2.0,172.0,0.0,0.0,1.0,0.0,3.0,0,0,Non-Anginal Pain,Female,<= 120 mg/dl,Left Ventricular Hypertrophy,No,Upsloping,Normal,Senior (>=55),Month 0 (Baseline Ref),0,0,0.1405,BASELINE_TEST_SET,,True Negative,0,Low Risk (<40%)
55.0,0.0,2.0,132.0,342.0,0.0,0.0,166.0,0.0,1.2,1.0,0.0,3.0,0,0,Atypical Angina,Female,<= 120 mg/dl,Normal,No,Upsloping,Normal,Senior (>=55),Month 0 (Baseline Ref),0,0,0.099,BASELINE_TEST_SET,,True Negative,0,Low Risk (<40%)
70.0,1.0,4.0,130.0,322.0,0.0,2.0,109.0,0.0,2.4,2.0,3.0,3.0,1,1,Asymptomatic,Male,<= 120 mg/dl,Left Ventricular Hypertrophy,No,Flat,Normal,Senior (>=55),Month 0 (Baseline Ref),0,1,0.7505,BASELINE_TEST_SET,,True Positive,0,High Risk (>60%)
42.0,0.0,3.0,121.0,206.0,0.0,0.0,173.0,0.0,0.0,2.0,0.0,3.0,0,0,Non-Anginal Pain,Female,<= 120 mg/dl,Normal,No,Flat,Normal,Younger (<55),Month 1,1,0,0.0425,SIMULATED_MONITORING_DATA (EDUCATIONAL_USE_ONLY),PT-M01-0001,True Negative,0,Low Risk (<40%)
39.0,0.0,3.0,138.0,222.0,0.0,0.0,152.0,0.0,0.0,2.0,0.0,3.0,0,0,Non-Anginal Pain,Female,<= 120 mg/dl,Normal,No,Flat,Normal,Younger (<55),Month 1,1,0,0.074,SIMULATED_MONITORING_DATA (EDUCATIONAL_USE_ONLY),PT-M01-0002,True Negative,0,Low Risk (<40%)
54.0,1.0,3.0,126.0,277.0,0.0,2.0,152.0,0.0,0.5,3.0,1.0,3.0,0,0,Non-Anginal Pain,Male,<= 120 mg/dl,Left Ventricular Hypertrophy,No,Downsloping,Normal,Younger (<55),Month 1,1,0,0.2556,SIMULATED_MONITORING_DATA (EDUCATIONAL_USE_ONLY),PT-M01-0003,True Negative,0,Low Risk (<40%)
48.0,1.0,2.0,112.0,231.0,0.0,0.0,168.0,0.0,1.0,3.0,0.0,7.0,1,1,Atypical Angina,Male,<= 120 mg/dl,Normal,No,Downsloping,Reversible Defect,Younger (<55),Month 1,1,1,0.5089,SIMULATED_MONITORING_DATA (EDUCATIONAL_USE_ONLY),PT-M01-0004,True Positive,0,Moderate Risk (40-60%)
47.0,1.0,3.0,108.0,240.0,0.0,0.0,152.0,0.0,0.0,1.0,0.0,3.0,1,1,Non-Anginal Pain,Male,<= 120 mg/dl,Normal,No,Upsloping,Normal,Younger (<55),Month 1,1,0,0.1533,SIMULATED_MONITORING_DATA (EDUCATIONAL_USE_ONLY),PT-M01-0005,False Negative,1,Low Risk (<40%)
66.0,1.0,2.0,160.0,245.0,0.0,0.0,120.0,1.0,0.0,2.0,3.0,6.0,2,1,Atypical Angina,Male,<= 120 mg/dl,Normal,Yes,Flat,Fixed Defect,Senior (>=55),Month 1,1,1,0.7123,SIMULATED_MONITORING_DATA (EDUCATIONAL_USE_ONLY),PT-M01-0006,True Positive,0,High Risk (>60%)
55.0,0.0,2.0,134.0,345.0,0.0,0.0,166.0,0.0,1.2,1.0,0.0,3.0,0,0,Atypical Angina,Female,<= 120 mg/dl,Normal,No,Upsloping,Normal,Senior (>=55),Month 1,1,0,0.1057,SIMULATED_MONITORING_DATA (EDUCATIONAL_USE_ONLY),PT-M01-0007,True Negative,0,Low Risk (<40%)
51.0,0.0,3.0,131.0,255.0,0.0,2.0,149.0,0.0,0.5,1.0,0.0,3.0,0,0,Non-Anginal Pain,Female,<= 120 mg/dl,Left Ventricular Hypertrophy,No,Upsloping,Normal,Younger (<55),Month 1,1,0,0.048,SIMULATED_MONITORING_DATA (EDUCATIONAL_USE_ONLY),PT-M01-0008,True Negative,0,Low Risk (<40%)
44.0,1.0,3.0,129.0,234.0,0.0,0.0,179.0,1.0,0.4,1.0,0.0,3.0,0,0,Non-Anginal Pain,Male,<= 120 mg/dl,Normal,Yes,Upsloping,Normal,Younger (<55),Month 1,1,0,0.1358,SIMULATED_MONITORING_DATA (EDUCATIONAL_USE_ONLY),PT-M01-0009,True Negative,0,Low Risk (<40%)
68.0,0.0,3.0,121.0,213.0,0.0,2.0,115.0,0.0,1.5,2.0,0.0,3.0,0,0,Non-Anginal Pain,Female,<= 120 mg/dl,Left Ventricular Hypertrophy,No,Flat,Normal,Senior (>=55),Month 1,1,0,0.1624,SIMULATED_MONITORING_DATA (EDUCATIONAL_USE_ONLY),PT-M01-0010,True Negative,0,Low Risk (<40%)
67.0,0.0,3.0,151.0,275.0,0.0,0.0,172.0,0.0,0.0,1.0,1.0,3.0,0,0,Non-Anginal Pain,Female,<= 120 mg/dl,Normal,No,Upsloping,Normal,Senior (>=55),Month 1,1,0,0.1177,SIMULATED_MONITORING_DATA (EDUCATIONAL_USE_ONLY),PT-M01-0011,True Negative,0,Low Risk (<40%)
29.0,1.0,2.0,129.0,204.0,0.0,2.0,202.0,0.0,0.0,1.0,0.0,3.0,0,0,Atypical Angina,Male,<= 120 mg/dl,Left Ventricular Hypertrophy,No,Upsloping,Normal,Younger (<55),Month 1,1,0,0.0731,SIMULATED_MONITORING_DATA (EDUCATIONAL_USE_ONLY),PT-M01-0012,True Negative,0,Low Risk (<40%)
44.0,1.0,4.0,120.0,163.0,0.0,0.0,144.0,1.0,2.8,3.0,0.0,6.0,2,1,Asymptomatic,Male,<= 120 mg/dl,Normal,Yes,Downsloping,Fixed Defect,Younger (<55),Month 1,1,1,0.6708,SIMULATED_MONITORING_DATA (EDUCATIONAL_USE_ONLY),PT-M01-0013,True Positive,0,High Risk (>60%)
41.0,1.0,2.0,107.0,233.0,0.0,0.0,153.0,0.0,0.0,1.0,0.0,3.0,0,0,Atypical Angina,Male,<= 120 mg/dl,Normal,No,Upsloping,Normal,Younger (<55),Month 1,1,0,0.1388,SIMULATED_MONITORING_DATA (EDUCATIONAL_USE_ONLY),PT-M01-0014,True Negative,0,Low Risk (<40%)
43.0,1.0,4.0,107.0,210.0,0.0,0.0,161.0,0.0,0.0,1.0,0.0,7.0,0,0,Asymptomatic,Male,<= 120 mg/dl,Normal,No,Upsloping,Reversible Defect,Younger (<55),Month 1,1,0,0.3994,SIMULATED_MONITORING_DATA (EDUCATIONAL_USE_ONLY),PT-M01-0015,True Negative,0,Low Risk (<40%)
46.0,0.0,2.0,104.0,202.0,0.0,0.0,172.0,0.0,0.0,1.0,0.0,3.0,0,0,Atypical Angina,Female,<= 120 mg/dl,Normal,No,Upsloping,Normal,Younger (<55),Month 1,1,0,0.0337,SIMULATED_MONITORING_DATA (EDUCATIONAL_USE_ONLY),PT-M01-0016,True Negative,0,Low Risk (<40%)
64.0,1.0,4.0,126.0,266.0,0.0,0.0,105.0,1.0,0.2,2.0,1.0,7.0,0,0,Asymptomatic,Male,<= 120 mg/dl,Normal,Yes,Flat,Reversible Defect,Senior (>=55),Month 1,1,1,0.7524,SIMULATED_MONITORING_DATA (EDUCATIONAL_USE_ONLY),PT-M01-0017,False Positive,1,High Risk (>60%)
57.0,1.0,4.0,152.0,271.0,0.0,0.0,88.0,1.0,1.2,2.0,1.0,7.0,1,1,Asymptomatic,Male,<= 120 mg/dl,Normal,Yes,Flat,Reversible Defect,Senior (>=55),Month 1,1,1,0.9418,SIMULATED_MONITORING_DATA (EDUCATIONAL_USE_ONLY),PT-M01-0018,True Positive,0,High Risk (>60%)
64.0,1.0,3.0,139.0,334.0,0.0,0.0,158.0,0.0,0.0,1.0,0.0,3.0,1,1,Non-Anginal Pain,Male,<= 120 mg/dl,Normal,No,Upsloping,Normal,Senior (>=55),Month 1,1,0,0.2635,SIMULATED_MONITORING_DATA (EDUCATIONAL_USE_ONLY),PT-M01-0019,False Negative,1,Low Risk (<40%)
57.0,1.0,3.0,148.0,126.0,1.0,0.0,173.0,0.0,0.2,1.0,1.0,7.0,0,0,Non-Anginal Pain,Male,> 120 mg/dl,Normal,No,Upsloping,Reversible Defect,Senior (>=55),Month 1,1,0,0.3739,SIMULATED_MONITORING_DATA (EDUCATIONAL_USE_ONLY),PT-M01-0020,True Negative,0,Low Risk (<40%)
65.0,1.0,4.0,112.0,251.0,0.0,2.0,158.0,0.0,0.6,1.0,2.0,6.0,1,1,Asymptomatic,Male,<= 120 mg/dl,Left Ventricular Hypertrophy,No,Upsloping,Fixed Defect,Senior (>=55),Month 1,1,1,0.7392,SIMULATED_MONITORING_DATA (EDUCATIONAL_USE_ONLY),PT-M01-0021,True Positive,0,High Risk (>60%)
43.0,1.0,4.0,150.0,244.0,0.0,0.0,171.0,0.0,1.5,1.0,0.0,3.0,0,0,Asymptomatic,Male,<= 120 mg/dl,Normal,No,Upsloping,Normal,Younger (<55),Month 1,1,0,0.1987,SIMULATED_MONITORING_DATA (EDUCATIONAL_USE_ONLY),PT-M01-0022,True Negative,0,Low Risk (<40%)
65.0,1.0,4.0,110.0,250.0,0.0,2.0,158.0,0.0,0.6,1.0,2.0,6.0,1,1,Asymptomatic,Male,<= 120 mg/dl,Left Ventricular Hypertrophy,No,Upsloping,Fixed Defect,Senior (>=55),Month 1,1,1,0.7414,SIMULATED_MONITORING_DATA (EDUCATIONAL_USE_ONLY),PT-M01-0023,True Positive,0,High Risk (>60%)
55.0,0.0,2.0,133.0,250.0,0.0,2.0,161.0,0.0,1.4,2.0,0.0,3.0,0,0,Atypical Angina,Female,<= 120 mg/dl,Left Ventricular Hypertrophy,No,Flat,Normal,Senior (>=55),Month 1,1,0,0.0949,SIMULATED_MONITORING_DATA (EDUCATIONAL_USE_ONLY),PT-M01-0024,True Negative,0,Low Risk (<40%)
52.0,1.0,2.0,119.0,323.0,0.0,0.0,172.0,0.0,0.2,1.0,0.0,3.0,0,0,Atypical Angina,Male,<= 120 mg/dl,Normal,No,Upsloping,Normal,Younger (<55),Month 1,1,0,0.079,SIMULATED_MONITORING_DATA (EDUCATIONAL_USE_ONLY),PT-M01-0025,True Negative,0,Low Risk (<40%)
49.0,1.0,3.0,120.0,189.0,0.0,0.0,139.0,0.0,2.0,2.0,3.0,7.0,3,1,Non-Anginal Pain,Male,<= 120 mg/dl,Normal,No,Flat,Reversible Defect,Younger (<55),Month 1,1,1,0.7664,SIMULATED_MONITORING_DATA (EDUCATIONAL_USE_ONLY),PT-M01-0026,True Positive,0,High Risk (>60%)
56.0,0.0,4.0,132.0,409.0,0.0,2.0,150.0,1.0,1.9,2.0,2.0,7.0,2,1,Asymptomatic,Female,<= 120 mg/dl,Left Ventricular Hypertrophy,Yes,Flat,Reversible Defect,Senior (>=55),Month 1,1,1,0.9321,SIMULATED_MONITORING_DATA (EDUCATIONAL_USE_ONLY),PT-M01-0027,True Positive,0,High Risk (>60%)
57.0,1.0,2.0,125.0,260.0,0.0,0.0,141.0,0.0,0.3,1.0,0.0,7.0,1,1,Atypical Angina,Male,<= 120 mg/dl,Normal,No,Upsloping,Reversible Defect,Senior (>=55),Month 1,1,0,0.4379,SIMULATED_MONITORING_DATA (EDUCATIONAL_USE_ONLY),PT-M01-0028,False Negative,1,Moderate Risk (40-60%)
45.0,0.0,2.0,111.0,160.0,0.0,0.0,138.0,0.0,0.0,2.0,0.0,3.0,0,0,Atypical Angina,Female,<= 120 mg/dl,Normal,No,Flat,Normal,Younger (<55),Month 1,1,0,0.0914,SIMULATED_MONITORING_DATA (EDUCATIONAL_USE_ONLY),PT-M01-0029,True Negative,0,Low Risk (<40%)
63.0,1.0,4.0,130.0,329.0,1.0,2.0,132.0,1.0,1.8,1.0,3.0,7.0,3,1,Asymptomatic,Male,> 120 mg/dl,Left Ventricular Hypertrophy,Yes,Upsloping,Reversible Defect,Senior (>=55),Month 1,1,1,0.9457,SIMULATED_MONITORING_DATA (EDUCATIONAL_USE_ONLY),PT-M01-0030,True Positive,0,High Risk (>60%)
57.0,1.0,4.0,109.0,201.0,0.0,0.0,126.0,1.0,1.5,2.0,0.0,6.0,0,0,Asymptomatic,Male,<= 120 mg/dl,Normal,Yes,Flat,Fixed Defect,Senior (>=55),Month 1,1,1,0.6024,SIMULATED_MONITORING_DATA (EDUCATIONAL_USE_ONLY),PT-M01-0031,False Positive,1,High Risk (>60%)
56.0,0.0,4.0,137.0,410.0,0.0,2.0,150.0,1.0,1.9,2.0,2.0,7.0,2,1,Asymptomatic,Female,<= 120 mg/dl,Left Ventricular Hypertrophy,Yes,Flat,Reversible Defect,Senior (>=55),Month 1,1,1,0.9366,SIMULATED_MONITORING_DATA (EDUCATIONAL_USE_ONLY),PT-M01-0032,True Positive,0,High Risk (>60%)
66.0,0.0,4.0,178.0,231.0,1.0,0.0,165.0,1.0,1.0,2.0,2.0,7.0,3,1,Asymptomatic,Female,> 120 mg/dl,Normal,Yes,Flat,Reversible Defect,Senior (>=55),Month 1,1,1,0.889,SIMULATED_MONITORING_DATA (EDUCATIONAL_USE_ONLY),PT-M01-0033,True Positive,0,High Risk (>60%)
58.0,0.0,1.0,148.0,281.0,1.0,2.0,162.0,0.0,1.0,1.0,0.0,3.0,0,0,Typical Angina,Female,> 120 mg/dl,Left Ventricular Hypertrophy,No,Upsloping,Normal,Senior (>=55),Month 1,1,0,0.1811,SIMULATED_MONITORING_DATA (EDUCATIONAL_USE_ONLY),PT-M01-0034,True Negative,0,Low Risk (<40%)
49.0,1.0,3.0,119.0,153.0,0.0,2.0,126.0,0.0,0.8,1.0,3.0,3.0,1,1,Non-Anginal Pain,Male,<= 120 mg/dl,Left Ventricular Hypertrophy,No,Upsloping,Normal,Younger (<55),Month 1,1,0,0.395,SIMULATED_MONITORING_DATA (EDUCATIONAL_USE_ONLY),PT-M01-0035,False Negative,1,Low Risk (<40%)
35.0,1.0,2.0,120.0,188.0,0.0,0.0,174.0,0.0,0.0,1.0,0.0,3.0,0,0,Atypical Angina,Male,<= 120 mg/dl,Normal,No,Upsloping,Normal,Younger (<55),Month 1,1,0,0.0485,SIMULATED_MONITORING_DATA (EDUCATIONAL_USE_ONLY),PT-M01-0036,True Negative,0,Low Risk (<40%)
42.0,1.0,3.0,120.0,240.0,1.0,0.0,194.0,0.0,0.8,3.0,0.0,7.0,0,0,Non-Anginal Pain,Male,> 120 mg/dl,Normal,No,Downsloping,Reversible Defect,Younger (<55),Month 1,1,0,0.4424,SIMULATED_MONITORING_DATA (EDUCATIONAL_USE_ONLY),PT-M01-0037,True Negative,0,Moderate Risk (40-60%)
57.0,0.0,4.0,117.0,355.0,0.0,0.0,163.0,1.0,0.6,1.0,0.0,3.0,0,0,Asymptomatic,Female,<= 120 mg/dl,Normal,Yes,Upsloping,Normal,Senior (>=55),Month 1,1,0,0.2617,SIMULATED_MONITORING_DATA (EDUCATIONAL_USE_ONLY),PT-M01-0038,True Negative,0,Low Risk (<40%)
46.0,0.0,3.0,140.0,178.0,0.0,2.0,160.0,1.0,1.4,3.0,0.0,3.0,0,0,Non-Anginal Pain,Female,<= 120 mg/dl,Left Ventricular Hypertrophy,Yes,Downsloping,Normal,Younger (<55),Month 1,1,0,0.1251,SIMULATED_MONITORING_DATA (EDUCATIONAL_USE_ONLY),PT-M01-0039,True Negative,0,Low Risk (<40%)
48.0,1.0,4.0,122.0,221.0,0.0,2.0,186.0,0.0,0.0,1.0,0.0,3.0,0,0,Asymptomatic,Male,<= 120 mg/dl,Left Ventricular Hypertrophy,No,Upsloping,Normal,Younger (<55),Month 1,1,0,0.1661,SIMULATED_MONITORING_DATA (EDUCATIONAL_USE_ONLY),PT-M01-0040,True Negative,0,Low Risk (<40%)
63.0,1.0,4.0,131.0,330.0,1.0,2.0,132.0,1.0,1.8,1.0,3.0,7.0,3,1,Asymptomatic,Male,> 120 mg/dl,Left Ventricular Hypertrophy,Yes,Upsloping,Reversible Defect,Senior (>=55),Month 1,1,1,0.9457,SIMULATED_MONITORING_DATA (EDUCATIONAL_USE_ONLY),PT-M01-0041,True Positive,0,High Risk (>60%)
59.0,1.0,4.0,140.0,176.0,0.0,0.0,162.0,1.0,0.0,1.0,1.0,7.0,2,1,Asymptomatic,Male,<= 120 mg/dl,Normal,Yes,Upsloping,Reversible Defect,Senior (>=55),Month 1,1,1,0.7539,SIMULATED_MONITORING_DATA (EDUCATIONAL_USE_ONLY),PT-M01-0042,True Positive,0,High Risk (>60%)
44.0,1.0,4.0,112.0,289.0,0.0,2.0,153.0,0.0,0.0,1.0,1.0,3.0,2,1,Asymptomatic,Male,<= 120 mg/dl,Left Ventricular Hypertrophy,No,Upsloping,Normal,Younger (<55),Month 1,1,1,0.5662,SIMULATED_MONITORING_DATA (EDUCATIONAL_USE_ONLY),PT-M01-0043,True Positive,0,Moderate Risk (40-60%)
57.0,1.0,4.0,165.0,291.0,1.0,2.0,124.0,0.0,1.0,2.0,3.0,7.0,4,1,Asymptomatic,Male,> 120 mg/dl,Left Ventricular Hypertrophy,No,Flat,Reversible Defect,Senior (>=55),Month 1,1,1,0.9388,SIMULATED_MONITORING_DATA (EDUCATIONAL_USE_ONLY),PT-M01-0044,True Positive,0,High Risk (>60%)
58.0,0.0,4.0,128.0,198.0,0.0,0.0,131.0,0.0,0.6,2.0,0.0,3.0,0,0,Asymptomatic,Female,<= 120 mg/dl,Normal,No,Flat,Normal,Senior (>=55),Month 1,1,0,0.2116,SIMULATED_MONITORING_DATA (EDUCATIONAL_USE_ONLY),PT-M01-0045,True Negative,0,Low Risk (<40%)
65.0,0.0,3.0,154.0,268.0,0.0,0.0,148.0,0.0,0.8,1.0,0.0,3.0,0,0,Non-Anginal Pain,Female,<= 120 mg/dl,Normal,No,Upsloping,Normal,Senior (>=55),Month 1,1,0,0.1071,SIMULATED_MONITORING_DATA (EDUCATIONAL_USE_ONLY),PT-M01-0046,True Negative,0,Low Risk (<40%)
57.0,1.0,4.0,109.0,337.0,0.0,0.0,143.0,1.0,3.0,2.0,1.0,7.0,2,1,Asymptomatic,Male,<= 120 mg/dl,Normal,Yes,Flat,Reversible Defect,Senior (>=55),Month 1,1,1,0.949,SIMULATED_MONITORING_DATA (EDUCATIONAL_USE_ONLY),PT-M01-0047,True Positive,0,High Risk (>60%)
60.0,0.0,1.0,152.0,241.0,0.0,0.0,171.0,0.0,0.9,1.0,0.0,3.0,0,0,Typical Angina,Female,<= 120 mg/dl,Normal,No,Upsloping,Normal,Senior (>=55),Month 1,1,0,0.1362,SIMULATED_MONITORING_DATA (EDUCATIONAL_USE_ONLY),PT-M01-0048,True Negative,0,Low Risk (<40%)
59.0,0.0,4.0,175.0,251.0,0.0,0.0,143.0,1.0,0.0,2.0,0.0,3.0,1,1,Asymptomatic,Female,<= 120 mg/dl,Normal,Yes,Flat,Normal,Senior (>=55),Month 1,1,0,0.4649,SIMULATED_MONITORING_DATA (EDUCATIONAL_USE_ONLY),PT-M01-0049,False Negative,1,Moderate Risk (40-60%)
44.0,1.0,4.0,117.0,170.0,0.0,0.0,144.0,1.0,2.8,3.0,0.0,6.0,2,1,Asymptomatic,Male,<= 120 mg/dl,Normal,Yes,Downsloping,Fixed Defect,Younger (<55),Month 1,1,1,0.6675,SIMULATED_MONITORING_DATA (EDUCATIONAL_USE_ONLY),PT-M01-0050,True Positive,0,High Risk (>60%)
52.0,1.0,3.0,172.0,197.0,1.0,0.0,162.0,0.0,0.5,1.0,0.0,7.0,0,0,Non-Anginal Pain,Male,> 120 mg/dl,Normal,No,Upsloping,Reversible Defect,Younger (<55),Month 1,1,0,0.2248,SIMULATED_MONITORING_DATA (EDUCATIONAL_USE_ONLY),PT-M01-0051,True Negative,0,Low Risk (<40%)
68.0,1.0,3.0,179.0,273.0,1.0,2.0,150.0,1.0,1.6,2.0,0.0,7.0,3,1,Non-Anginal Pain,Male,> 120 mg/dl,Left Ventricular Hypertrophy,Yes,Flat,Reversible Defect,Senior (>=55),Month 1,1,1,0.7636,SIMULATED_MONITORING_DATA (EDUCATIONAL_USE_ONLY),PT-M01-0052,True Positive,0,High Risk (>60%)
44.0,1.0,3.0,139.0,236.0,0.0,2.0,180.0,0.0,0.0,1.0,0.0,3.0,0,0,Non-Anginal Pain,Male,<= 120 mg/dl,Left Ventricular Hypertrophy,No,Upsloping,Normal,Younger (<55),Month 1,1,0,0.0858,SIMULATED_MONITORING_DATA (EDUCATIONAL_USE_ONLY),PT-M01-0053,True Negative,0,Low Risk (<40%)
65.0,0.0,4.0,151.0,226.0,0.0,2.0,114.0,0.0,1.0,2.0,3.0,7.0,4,1,Asymptomatic,Female,<= 120 mg/dl,Left Ventricular Hypertrophy,No,Flat,Reversible Defect,Senior (>=55),Month 1,1,1,0.8951,SIMULATED_MONITORING_DATA (EDUCATIONAL_USE_ONLY),PT-M01-0054,True Positive,0,High Risk (>60%)
66.0,0.0,4.0,180.0,228.0,1.0,0.0,165.0,1.0,1.0,2.0,2.0,7.0,3,1,Asymptomatic,Female,> 120 mg/dl,Normal,Yes,Flat,Reversible Defect,Senior (>=55),Month 1,1,1,0.8816,SIMULATED_MONITORING_DATA (EDUCATIONAL_USE_ONLY),PT-M01-0055,True Positive,0,High Risk (>60%)
35.0,1.0,2.0,123.0,192.0,0.0,0.0,174.0,0.0,0.0,1.0,0.0,3.0,0,0,Atypical Angina,Male,<= 120 mg/dl,Normal,No,Upsloping,Normal,Younger (<55),Month 1,1,0,0.0485,SIMULATED_MONITORING_DATA (EDUCATIONAL_USE_ONLY),PT-M01-0056,True Negative,0,Low Risk (<40%)
45.0,1.0,1.0,109.0,267.0,0.0,0.0,132.0,0.0,1.2,2.0,0.0,7.0,1,1,Typical Angina,Male,<= 120 mg/dl,Normal,No,Flat,Reversible Defect,Younger (<55),Month 1,1,1,0.6076,SIMULATED_MONITORING_DATA (EDUCATIONAL_USE_ONLY),PT-M01-0057,True Positive,0,High Risk (>60%)
53.0,1.0,3.0,130.0,196.0,1.0,2.0,152.0,0.0,1.2,3.0,0.0,3.0,0,0,Non-Anginal Pain,Male,> 120 mg/dl,Left Ventricular Hypertrophy,No,Downsloping,Normal,Younger (<55),Month 1,1,0,0.0997,SIMULATED_MONITORING_DATA (EDUCATIONAL_USE_ONLY),PT-M01-0058,True Negative,0,Low Risk (<40%)
50.0,0.0,2.0,120.0,245.0,0.0,0.0,162.0,0.0,1.1,1.0,0.0,3.0,0,0,Atypical Angina,Female,<= 120 mg/dl,Normal,No,Upsloping,Normal,Younger (<55),Month 1,1,0,0.0403,SIMULATED_MONITORING_DATA (EDUCATIONAL_USE_ONLY),PT-M01-0059,True Negative,0,Low Risk (<40%)
58.0,1.0,3.0,106.0,240.0,0.0,2.0,154.0,1.0,0.6,2.0,0.0,7.0,0,0,Non-Anginal Pain,Male,<= 120 mg/dl,Left Ventricular Hypertrophy,Yes,Flat,Reversible Defect,Senior (>=55),Month 1,1,0,0.4917,SIMULATED_MONITORING_DATA (EDUCATIONAL_USE_ONLY),PT-M01-0060,True Negative,0,Moderate Risk (40-60%)
46.0,1.0,4.0,139.0,311.0,0.0,0.0,120.0,1.0,1.8,2.0,2.0,7.0,2,1,Asymptomatic,Male,<= 120 mg/dl,Normal,Yes,Flat,Reversible Defect,Younger (<55),Month 1,1,1,0.9657,SIMULATED_MONITORING_DATA (EDUCATIONAL_USE_ONLY),PT-M01-0061,True Positive,0,High Risk (>60%)
61.0,1.0,4.0,120.0,262.0,0.0,0.0,140.0,1.0,3.6,2.0,1.0,7.0,2,1,Asymptomatic,Male,<= 120 mg/dl,Normal,Yes,Flat,Reversible Defect,Senior (>=55),Month 1,1,1,0.9745,SIMULATED_MONITORING_DATA (EDUCATIONAL_USE_ONLY),PT-M01-0062,True Positive,0,High Risk (>60%)
58.0,1.0,4.0,126.0,261.0,0.0,2.0,130.0,1.0,3.0,2.0,2.0,7.0,3,1,Asymptomatic,Male,<= 120 mg/dl,Left Ventricular Hypertrophy,Yes,Flat,Reversible Defect,Senior (>=55),Month 1,1,1,0.9863,SIMULATED_MONITORING_DATA (EDUCATIONAL_USE_ONLY),PT-M01-0063,True Positive,0,High Risk (>60%)
54.0,0.0,3.0,133.0,306.0,1.0,0.0,170.0,0.0,0.0,1.0,0.0,3.0,0,0,Non-Anginal Pain,Female,> 120 mg/dl,Normal,No,Upsloping,Normal,Younger (<55),Month 1,1,0,0.0429,SIMULATED_MONITORING_DATA (EDUCATIONAL_USE_ONLY),PT-M01-0064,True Negative,0,Low Risk (<40%)
58.0,1.0,2.0,126.0,223.0,0.0,0.0,144.0,0.0,0.4,2.0,0.0,7.0,0,0,Atypical Angina,Male,<= 120 mg/dl,Normal,No,Flat,Reversible Defect,Senior (>=55),Month 1,1,1,0.5566,SIMULATED_MONITORING_DATA (EDUCATIONAL_USE_ONLY),PT-M01-0065,False Positive,1,Moderate Risk (40-60%)
62.0,0.0,4.0,152.0,244.0,0.0,0.0,154.0,1.0,1.4,2.0,0.0,3.0,1,1,Asymptomatic,Female,<= 120 mg/dl,Normal,Yes,Flat,Normal,Senior (>=55),Month 1,1,0,0.4965,SIMULATED_MONITORING_DATA (EDUCATIONAL_USE_ONLY),PT-M01-0066,False Negative,1,Moderate Risk (40-60%)
56.0,1.0,2.0,120.0,237.0,0.0,0.0,178.0,0.0,0.8,1.0,0.0,3.0,0,0,Atypical Angina,Male,<= 120 mg/dl,Normal,No,Upsloping,Normal,Senior (>=55),Month 1,1,0,0.0749,SIMULATED_MONITORING_DATA (EDUCATIONAL_USE_ONLY),PT-M01-0067,True Negative,0,Low Risk (<40%)
42.0,1.0,3.0,132.0,179.0,0.0,0.0,150.0,0.0,0.0,1.0,0.0,3.0,0,0,Non-Anginal Pain,Male,<= 120 mg/dl,Normal,No,Upsloping,Normal,Younger (<55),Month 1,1,0,0.1134,SIMULATED_MONITORING_DATA (EDUCATIONAL_USE_ONLY),PT-M01-0068,True Negative,0,Low Risk (<40%)
61.0,1.0,4.0,139.0,167.0,0.0,2.0,125.0,1.0,3.6,2.0,1.0,3.0,4,1,Asymptomatic,Male,<= 120 mg/dl,Left Ventricular Hypertrophy,Yes,Flat,Normal,Senior (>=55),Month 1,1,1,0.8161,SIMULATED_MONITORING_DATA (EDUCATIONAL_USE_ONLY),PT-M01-0069,True Positive,0,High Risk (>60%)
43.0,1.0,4.0,131.0,247.0,1.0,2.0,143.0,1.0,0.1,2.0,0.0,7.0,1,1,Asymptomatic,Male,> 120 mg/dl,Left Ventricular Hypertrophy,Yes,Flat,Reversible Defect,Younger (<55),Month 1,1,1,0.8223,SIMULATED_MONITORING_DATA (EDUCATIONAL_USE_ONLY),PT-M01-0070,True Positive,0,High Risk (>60%)
65.0,1.0,4.0,111.0,248.0,0.0,2.0,158.0,0.0,0.6,1.0,2.0,6.0,1,1,Asymptomatic,Male,<= 120 mg/dl,Left Ventricular Hypertrophy,No,Upsloping,Fixed Defect,Senior (>=55),Month 1,1,1,0.743,SIMULATED_MONITORING_DATA (EDUCATIONAL_USE_ONLY),PT-M01-0071,True Positive,0,High Risk (>60%)
41.0,0.0,2.0,132.0,205.0,0.0,2.0,172.0,0.0,1.4,1.0,0.0,3.0,0,0,Atypical Angina,Female,<= 120 mg/dl,Left Ventricular Hypertrophy,No,Upsloping,Normal,Younger (<55),Month 1,1,0,0.0454,SIMULATED_MONITORING_DATA (EDUCATIONAL_USE_ONLY),PT-M01-0072,True Negative,0,Low Risk (<40%)
64.0,1.0,4.0,145.0,210.0,0.0,2.0,132.0,0.0,2.0,2.0,2.0,6.0,4,1,Asymptomatic,Male,<= 120 mg/dl,Left Ventricular Hypertrophy,No,Flat,Fixed Defect,Senior (>=55),Month 1,1,1,0.8525,SIMULATED_MONITORING_DATA (EDUCATIONAL_USE_ONLY),PT-M01-0073,True Positive,0,High Risk (>60%)
42.0,0.0,3.0,122.0,213.0,0.0,0.0,173.0,0.0,0.0,2.0,0.0,3.0,0,0,Non-Anginal Pain,Female,<= 120 mg/dl,Normal,No,Flat,Normal,Younger (<55),Month 1,1,0,0.0449,SIMULATED_MONITORING_DATA (EDUCATIONAL_USE_ONLY),PT-M01-0074,True Negative,0,Low Risk (<40%)
53.0,1.0,4.0,138.0,224.0,0.0,2.0,111.0,1.0,0.0,1.0,0.0,7.0,0,0,Asymptomatic,Male,<= 120 mg/dl,Left Ventricular Hypertrophy,Yes,Upsloping,Reversible Defect,Younger (<55),Month 1,1,1,0.6123,SIMULATED_MONITORING_DATA (EDUCATIONAL_USE_ONLY),PT-M01-0075,False Positive,1,High Risk (>60%)
53.0,0.0,3.0,129.0,214.0,0.0,2.0,115.0,0.0,0.0,1.0,0.0,3.0,0,0,Non-Anginal Pain,Female,<= 120 mg/dl,Left Ventricular Hypertrophy,No,Upsloping,Normal,Younger (<55),Month 1,1,0,0.0999,SIMULATED_MONITORING_DATA (EDUCATIONAL_USE_ONLY),PT-M01-0076,True Negative,0,Low Risk (<40%)
47.0,1.0,3.0,130.0,255.0,0.0,0.0,179.0,0.0,0.0,1.0,0.0,3.0,0,0,Non-Anginal Pain,Male,<= 120 mg/dl,Normal,No,Upsloping,Normal,Younger (<55),Month 1,1,0,0.0655,SIMULATED_MONITORING_DATA (EDUCATIONAL_USE_ONLY),PT-M01-0077,True Negative,0,Low Risk (<40%)
41.0,1.0,3.0,130.0,216.0,0.0,2.0,168.0,0.0,2.0,2.0,0.0,3.0,0,0,Non-Anginal Pain,Male,<= 120 mg/dl,Left Ventricular Hypertrophy,No,Flat,Normal,Younger (<55),Month 1,1,0,0.1827,SIMULATED_MONITORING_DATA (EDUCATIONAL_USE_ONLY),PT-M01-0078,True Negative,0,Low Risk (<40%)
57.0,1.0,4.0,110.0,336.0,0.0,0.0,143.0,1.0,3.0,2.0,1.0,7.0,2,1,Asymptomatic,Male,<= 120 mg/dl,Normal,Yes,Flat,Reversible Defect,Senior (>=55),Month 1,1,1,0.9564,SIMULATED_MONITORING_DATA (EDUCATIONAL_USE_ONLY),PT-M01-0079,True Positive,0,High Risk (>60%)
51.0,1.0,4.0,137.0,300.0,0.0,0.0,173.0,1.0,1.6,1.0,0.0,7.0,1,1,Asymptomatic,Male,<= 120 mg/dl,Normal,Yes,Upsloping,Reversible Defect,Younger (<55),Month 1,1,1,0.7242,SIMULATED_MONITORING_DATA (EDUCATIONAL_USE_ONLY),PT-M01-0080,True Positive,0,High Risk (>60%)
42.0,0.0,4.0,102.0,265.0,0.0,2.0,122.0,0.0,0.6,2.0,0.0,3.0,0,0,Asymptomatic,Female,<= 120 mg/dl,Left Ventricular Hypertrophy,No,Flat,Normal,Younger (<55),Month 1,1,0,0.1884,SIMULATED_MONITORING_DATA (EDUCATIONAL_USE_ONLY),PT-M01-0081,True Negative,0,Low Risk (<40%)
48.0,1.0,3.0,125.0,253.0,1.0,0.0,175.0,0.0,0.0,1.0,2.0,3.0,0,0,Non-Anginal Pain,Male,> 120 mg/dl,Normal,No,Upsloping,Normal,Younger (<55),Month 1,1,0,0.1924,SIMULATED_MONITORING_DATA (EDUCATIONAL_USE_ONLY),PT-M01-0082,True Negative,0,Low Risk (<40%)
62.0,0.0,4.0,162.0,164.0,0.0,2.0,145.0,0.0,6.2,3.0,3.0,7.0,3,1,Asymptomatic,Female,<= 120 mg/dl,Left Ventricular Hypertrophy,No,Downsloping,Reversible Defect,Senior (>=55),Month 1,1,1,0.8907,SIMULATED_MONITORING_DATA (EDUCATIONAL_USE_ONLY),PT-M01-0083,True Positive,0,High Risk (>60%)
59.0,1.0,1.0,133.0,203.0,0.0,0.0,162.0,0.0,0.8,1.0,2.0,3.0,1,1,Typical Angina,Male,<= 120 mg/dl,Normal,No,Upsloping,Normal,Senior (>=55),Month 1,1,0,0.4109,SIMULATED_MONITORING_DATA (EDUCATIONAL_USE_ONLY),PT-M01-0084,False Negative,1,Moderate Risk (40-60%)
47.0,1.0,3.0,129.0,255.0,0.0,0.0,179.0,0.0,0.0,1.0,0.0,3.0,0,0,Non-Anginal Pain,Male,<= 120 mg/dl,Normal,No,Upsloping,Normal,Younger (<55),Month 1,1,0,0.0648,SIMULATED_MONITORING_DATA (EDUCATIONAL_USE_ONLY),PT-M01-0085,True Negative,0,Low Risk (<40%)
58.0,0.0,4.0,129.0,197.0,0.0,0.0,131.0,0.0,0.6,2.0,0.0,3.0,0,0,Asymptomatic,Female,<= 120 mg/dl,Normal,No,Flat,Normal,Senior (>=55),Month 1,1,0,0.2092,SIMULATED_MONITORING_DATA (EDUCATIONAL_USE_ONLY),PT-M01-0086,True Negative,0,Low Risk (<40%)
55.0,1.0,4.0,141.0,215.0,0.0,0.0,111.0,1.0,5.6,3.0,0.0,7.0,3,1,Asymptomatic,Male,<= 120 mg/dl,Normal,Yes,Downsloping,Reversible Defect,Senior (>=55),Month 1,1,1,0.895,SIMULATED_MONITORING_DATA (EDUCATIONAL_USE_ONLY),PT-M01-0087,True Positive,0,High Risk (>60%)
34.0,0.0,2.0,118.0,209.0,0.0,0.0,192.0,0.0,0.7,1.0,0.0,3.0,0,0,Atypical Angina,Female,<= 120 mg/dl,Normal,No,Upsloping,Normal,Younger (<55),Month 1,1,0,0.0219,SIMULATED_MONITORING_DATA (EDUCATIONAL_USE_ONLY),PT-M01-0088,True Negative,0,Low Risk (<40%)
50.0,0.0,4.0,109.0,255.0,0.0,2.0,159.0,0.0,0.0,1.0,0.0,3.0,0,0,Asymptomatic,Female,<= 120 mg/dl,Left Ventricular Hypertrophy,No,Upsloping,Normal,Younger (<55),Month 1,1,0,0.1649,SIMULATED_MONITORING_DATA (EDUCATIONAL_USE_ONLY),PT-M01-0089,True Negative,0,Low Risk (<40%)
57.0,1.0,4.0,153.0,273.0,0.0,0.0,88.0,1.0,1.2,2.0,1.0,7.0,1,1,Asymptomatic,Male,<= 120 mg/dl,Normal,Yes,Flat,Reversible Defect,Senior (>=55),Month 1,1,1,0.9418,SIMULATED_MONITORING_DATA (EDUCATIONAL_USE_ONLY),PT-M01-0090,True Positive,0,High Risk (>60%)
45.0,0.0,4.0,138.0,234.0,0.0,2.0,152.0,1.0,0.2,2.0,0.0,3.0,0,0,Asymptomatic,Female,<= 120 mg/dl,Left Ventricular Hypertrophy,Yes,Flat,Normal,Younger (<55),Month 1,1,0,0.3076,SIMULATED_MONITORING_DATA (EDUCATIONAL_USE_ONLY),PT-M01-0091,True Negative,0,Low Risk (<40%)
59.0,1.0,4.0,141.0,177.0,0.0,0.0,162.0,1.0,0.0,1.0,1.0,7.0,2,1,Asymptomatic,Male,<= 120 mg/dl,Normal,Yes,Upsloping,Reversible Defect,Senior (>=55),Month 1,1,1,0.7516,SIMULATED_MONITORING_DATA (EDUCATIONAL_USE_ONLY),PT-M01-0092,True Positive,0,High Risk (>60%)
47.0,1.0,3.0,137.0,257.0,0.0,2.0,156.0,0.0,0.0,1.0,0.0,3.0,0,0,Non-Anginal Pain,Male,<= 120 mg/dl,Left Ventricular Hypertrophy,No,Upsloping,Normal,Younger (<55),Month 1,1,0,0.1059,SIMULATED_MONITORING_DATA (EDUCATIONAL_USE_ONLY),PT-M01-0093,True Negative,0,Low Risk (<40%)
57.0,1.0,4.0,110.0,334.0,0.0,0.0,143.0,1.0,3.0,2.0,1.0,7.0,2,1,Asymptomatic,Male,<= 120 mg/dl,Normal,Yes,Flat,Reversible Defect,Senior (>=55),Month 1,1,1,0.9564,SIMULATED_MONITORING_DATA (EDUCATIONAL_USE_ONLY),PT-M01-0094,True Positive,0,High Risk (>60%)
65.0,1.0,4.0,119.0,176.0,0.0,0.0,140.0,0.0,0.4,1.0,0.0,7.0,0,0,Asymptomatic,Male,<= 120 mg/dl,Normal,No,Upsloping,Reversible Defect,Senior (>=55),Month 1,1,0,0.4406,SIMULATED_MONITORING_DATA (EDUCATIONAL_USE_ONLY),PT-M01-0095,True Negative,0,Moderate Risk (40-60%)
71.0,0.0,2.0,158.0,302.0,0.0,0.0,162.0,0.0,0.4,1.0,2.0,3.0,0,0,Atypical Angina,Female,<= 120 mg/dl,Normal,No,Upsloping,Normal,Senior (>=55),Month 1,1,0,0.2113,SIMULATED_MONITORING_DATA (EDUCATIONAL_USE_ONLY),PT-M01-0096,True Negative,0,Low Risk (<40%)
67.0,1.0,3.0,152.0,209.0,0.0,2.0,150.0,0.0,0.8,2.0,0.0,7.0,1,1,Non-Anginal Pain,Male,<= 120 mg/dl,Left Ventricular Hypertrophy,No,Flat,Reversible Defect,Senior (>=55),Month 1,1,1,0.575,SIMULATED_MONITORING_DATA (EDUCATIONAL_USE_ONLY),PT-M01-0097,True Positive,0,Moderate Risk (40-60%)
41.0,0.0,3.0,112.0,265.0,0.0,2.0,172.0,1.0,0.0,1.0,0.0,3.0,0,0,Non-Anginal Pain,Female,<= 120 mg/dl,Left Ventricular Hypertrophy,Yes,Upsloping,Normal,Younger (<55),Month 1,1,0,0.1082,SIMULATED_MONITORING_DATA (EDUCATIONAL_USE_ONLY),PT-M01-0098,True Negative,0,Low Risk (<40%)
53.0,0.0,4.0,130.0,263.0,0.0,2.0,143.0,0.0,0.4,2.0,0.0,3.0,0,0,Asymptomatic,Female,<= 120 mg/dl,Left Ventricular Hypertrophy,No,Flat,Normal,Younger (<55),Month 1,1,0,0.153,SIMULATED_MONITORING_DATA (EDUCATIONAL_USE_ONLY),PT-M01-0099,True Negative,0,Low Risk (<40%)
59.0,1.0,4.0,135.0,234.0,0.0,0.0,161.0,0.0,0.5,2.0,0.0,7.0,0,0,Asymptomatic,Male,<= 120 mg/dl,Normal,No,Flat,Reversible Defect,Senior (>=55),Month 1,1,1,0.6263,SIMULATED_MONITORING_DATA (EDUCATIONAL_USE_ONLY),PT-M01-0100,False Positive,1,High Risk (>60%)
62.0,0.0,4.0,158.0,165.0,0.0,2.0,145.0,0.0,6.2,3.0,3.0,7.0,3,1,Asymptomatic,Female,<= 120 mg/dl,Left Ventricular Hypertrophy,No,Downsloping,Reversible Defect,Senior (>=55),Month 1,1,1,0.8893,SIMULATED_MONITORING_DATA (EDUCATIONAL_USE_ONLY),PT-M01-0101,True Positive,0,High Risk (>60%)
60.0,1.0,4.0,139.0,296.0,0.0,2.0,170.0,0.0,1.2,2.0,2.0,7.0,2,1,Asymptomatic,Male,<= 120 mg/dl,Left Ventricular Hypertrophy,No,Flat,Reversible Defect,Senior (>=55),Month 1,1,1,0.9059,SIMULATED_MONITORING_DATA (EDUCATIONAL_USE_ONLY),PT-M01-0102,True Positive,0,High Risk (>60%)
45.0,1.0,2.0,127.0,310.0,0.0,2.0,170.0,0.0,0.0,1.0,0.0,3.0,0,0,Atypical Angina,Male,<= 120 mg/dl,Left Ventricular Hypertrophy,No,Upsloping,Normal,Younger (<55),Month 1,1,0,0.1067,SIMULATED_MONITORING_DATA (EDUCATIONAL_USE_ONLY),PT-M01-0103,True Negative,0,Low Risk (<40%)
56.0,0.0,4.0,133.0,409.0,0.0,2.0,150.0,1.0,1.9,2.0,2.0,7.0,2,1,Asymptomatic,Female,<= 120 mg/dl,Left Ventricular Hypertrophy,Yes,Flat,Reversible Defect,Senior (>=55),Month 1,1,1,0.9366,SIMULATED_MONITORING_DATA (EDUCATIONAL_USE_ONLY),PT-M01-0104,True Positive,0,High Risk (>60%)
56.0,1.0,2.0,120.0,236.0,0.0,0.0,178.0,0.0,0.8,1.0,0.0,3.0,0,0,Atypical Angina,Male,<= 120 mg/dl,Normal,No,Upsloping,Normal,Senior (>=55),Month 1,1,0,0.0745,SIMULATED_MONITORING_DATA (EDUCATIONAL_USE_ONLY),PT-M01-0105,True Negative,0,Low Risk (<40%)
48.0,1.0,2.0,111.0,227.0,0.0,0.0,168.0,0.0,1.0,3.0,0.0,7.0,1,1,Atypical Angina,Male,<= 120 mg/dl,Normal,No,Downsloping,Reversible Defect,Younger (<55),Month 1,1,0,0.4958,SIMULATED_MONITORING_DATA (EDUCATIONAL_USE_ONLY),PT-M01-0106,False Negative,1,Moderate Risk (40-60%)
66.0,0.0,3.0,149.0,278.0,0.0,2.0,152.0,0.0,0.0,2.0,1.0,3.0,0,0,Non-Anginal Pain,Female,<= 120 mg/dl,Left Ventricular Hypertrophy,No,Flat,Normal,Senior (>=55),Month 1,1,0,0.2511,SIMULATED_MONITORING_DATA (EDUCATIONAL_USE_ONLY),PT-M01-0107,True Negative,0,Low Risk (<40%)
55.0,0.0,4.0,128.0,204.0,0.0,1.0,130.0,1.0,2.0,2.0,1.0,7.0,3,1,Asymptomatic,Female,<= 120 mg/dl,ST-T Abnormality,Yes,Flat,Reversible Defect,Senior (>=55),Month 1,1,1,0.9171,SIMULATED_MONITORING_DATA (EDUCATIONAL_USE_ONLY),PT-M01-0108,True Positive,0,High Risk (>60%)
57.0,1.0,4.0,130.0,132.0,0.0,0.0,115.0,1.0,1.2,2.0,1.0,7.0,3,1,Asymptomatic,Male,<= 120 mg/dl,Normal,Yes,Flat,Reversible Defect,Senior (>=55),Month 1,1,1,0.9152,SIMULATED_MONITORING_DATA (EDUCATIONAL_USE_ONLY),PT-M01-0109,True Positive,0,High Risk (>60%)
58.0,1.0,3.0,132.0,222.0,0.0,2.0,173.0,0.0,3.2,1.0,2.0,7.0,3,1,Non-Anginal Pain,Male,<= 120 mg/dl,Left Ventricular Hypertrophy,No,Upsloping,Reversible Defect,Senior (>=55),Month 1,1,1,0.6058,SIMULATED_MONITORING_DATA (EDUCATIONAL_USE_ONLY),PT-M01-0110,True Positive,0,High Risk (>60%)
77.0,1.0,4.0,122.0,305.0,0.0,2.0,162.0,1.0,0.0,1.0,3.0,3.0,4,1,Asymptomatic,Male,<= 120 mg/dl,Left Ventricular Hypertrophy,Yes,Upsloping,Normal,Senior (>=55),Month 1,1,1,0.7138,SIMULATED_MONITORING_DATA (EDUCATIONAL_USE_ONLY),PT-M01-0111,True Positive,0,High Risk (>60%)
68.0,1.0,4.0,144.0,196.0,1.0,0.0,141.0,0.0,3.4,2.0,2.0,7.0,2,1,Asymptomatic,Male,> 120 mg/dl,Normal,No,Flat,Reversible Defect,Senior (>=55),Month 1,1,1,0.8921,SIMULATED_MONITORING_DATA (EDUCATIONAL_USE_ONLY),PT-M01-0112,True Positive,0,High Risk (>60%)
54.0,0.0,3.0,110.0,214.0,0.0,0.0,158.0,0.0,1.6,2.0,0.0,3.0,0,0,Non-Anginal Pain,Female,<= 120 mg/dl,Normal,No,Flat,Normal,Younger (<55),Month 1,1,0,0.0957,SIMULATED_MONITORING_DATA (EDUCATIONAL_USE_ONLY),PT-M01-0113,True Negative,0,Low Risk (<40%)
42.0,0.0,4.0,106.0,266.0,0.0,2.0,122.0,0.0,0.6,2.0,0.0,3.0,0,0,Asymptomatic,Female,<= 120 mg/dl,Left Ventricular Hypertrophy,No,Flat,Normal,Younger (<55),Month 1,1,0,0.1884,SIMULATED_MONITORING_DATA (EDUCATIONAL_USE_ONLY),PT-M01-0114,True Negative,0,Low Risk (<40%)
58.0,1.0,4.0,150.0,271.0,0.0,2.0,111.0,1.0,0.8,1.0,0.0,7.0,3,1,Asymptomatic,Male,<= 120 mg/dl,Left Ventricular Hypertrophy,Yes,Upsloping,Reversible Defect,Senior (>=55),Month 1,1,1,0.8163,SIMULATED_MONITORING_DATA (EDUCATIONAL_USE_ONLY),PT-M01-0115,True Positive,0,High Risk (>60%)
64.0,0.0,4.0,180.0,324.0,0.0,0.0,154.0,1.0,0.0,1.0,0.0,3.0,0,0,Asymptomatic,Female,<= 120 mg/dl,Normal,Yes,Upsloping,Normal,Senior (>=55),Month 1,1,0,0.3823,SIMULATED_MONITORING_DATA (EDUCATIONAL_USE_ONLY),PT-M01-0116,True Negative,0,Low Risk (<40%)
34.0,0.0,2.0,118.0,210.0,0.0,0.0,192.0,0.0,0.7,1.0,0.0,3.0,0,0,Atypical Angina,Female,<= 120 mg/dl,Normal,No,Upsloping,Normal,Younger (<55),Month 1,1,0,0.0219,SIMULATED_MONITORING_DATA (EDUCATIONAL_USE_ONLY),PT-M01-0117,True Negative,0,Low Risk (<40%)
51.0,1.0,3.0,108.0,175.0,0.0,0.0,123.0,0.0,0.6,1.0,0.0,3.0,0,0,Non-Anginal Pain,Male,<= 120 mg/dl,Normal,No,Upsloping,Normal,Younger (<55),Month 1,1,0,0.2056,SIMULATED_MONITORING_DATA (EDUCATIONAL_USE_ONLY),PT-M01-0118,True Negative,0,Low Risk (<40%)
41.0,0.0,2.0,128.0,306.0,0.0,0.0,163.0,0.0,0.0,1.0,0.0,3.0,0,0,Atypical Angina,Female,<= 120 mg/dl,Normal,No,Upsloping,Normal,Younger (<55),Month 1,1,0,0.0416,SIMULATED_MONITORING_DATA (EDUCATIONAL_USE_ONLY),PT-M01-0119,True Negative,0,Low Risk (<40%)
57.0,1.0,2.0,155.0,230.0,0.0,2.0,164.0,0.0,0.0,1.0,1.0,3.0,1,1,Atypical Angina,Male,<= 120 mg/dl,Left Ventricular Hypertrophy,No,Upsloping,Normal,Senior (>=55),Month 1,1,0,0.4981,SIMULATED_MONITORING_DATA (EDUCATIONAL_USE_ONLY),PT-M01-0120,False Negative,1,Moderate Risk (40-60%)
40.0,1.0,4.0,153.0,223.0,0.0,0.0,181.0,0.0,0.0,1.0,0.0,7.0,1,1,Asymptomatic,Male,<= 120 mg/dl,Normal,No,Upsloping,Reversible Defect,Younger (<55),Month 1,1,1,0.53,SIMULATED_MONITORING_DATA (EDUCATIONAL_USE_ONLY),PT-M01-0121,True Positive,0,Moderate Risk (40-60%)
51.0,0.0,3.0,139.0,309.0,0.0,2.0,142.0,0.0,1.5,1.0,1.0,3.0,0,0,Non-Anginal Pain,Female,<= 120 mg/dl,Left Ventricular Hypertrophy,No,Upsloping,Normal,Younger (<55),Month 1,1,0,0.1498,SIMULATED_MONITORING_DATA (EDUCATIONAL_USE_ONLY),PT-M01-0122,True Negative,0,Low Risk (<40%)
54.0,1.0,2.0,194.0,286.0,0.0,2.0,195.0,0.0,0.0,1.0,1.0,7.0,1,1,Atypical Angina,Male,<= 120 mg/dl,Left Ventricular Hypertrophy,No,Upsloping,Reversible Defect,Younger (<55),Month 1,1,1,0.6017,SIMULATED_MONITORING_DATA (EDUCATIONAL_USE_ONLY),PT-M01-0123,True Positive,0,High Risk (>60%)
51.0,0.0,3.0,118.0,297.0,0.0,2.0,157.0,0.0,0.6,1.0,0.0,3.0,0,0,Non-Anginal Pain,Female,<= 120 mg/dl,Left Ventricular Hypertrophy,No,Upsloping,Normal,Younger (<55),Month 1,1,0,0.056,SIMULATED_MONITORING_DATA (EDUCATIONAL_USE_ONLY),PT-M01-0124,True Negative,0,Low Risk (<40%)
39.0,0.0,3.0,95.0,203.0,0.0,0.0,179.0,0.0,0.0,1.0,0.0,3.0,0,0,Non-Anginal Pain,Female,<= 120 mg/dl,Normal,No,Upsloping,Normal,Younger (<55),Month 1,1,0,0.0323,SIMULATED_MONITORING_DATA (EDUCATIONAL_USE_ONLY),PT-M01-0125,True Negative,0,Low Risk (<40%)
62.0,0.0,4.0,143.0,392.0,0.0,2.0,157.0,0.0,1.2,2.0,0.0,3.0,0,0,Asymptomatic,Female,<= 120 mg/dl,Left Ventricular Hypertrophy,No,Flat,Normal,Senior (>=55),Month 1,1,0,0.3225,SIMULATED_MONITORING_DATA (EDUCATIONAL_USE_ONLY),PT-M01-0126,True Negative,0,Low Risk (<40%)
41.0,1.0,2.0,109.0,237.0,0.0,0.0,153.0,0.0,0.0,1.0,0.0,3.0,0,0,Atypical Angina,Male,<= 120 mg/dl,Normal,No,Upsloping,Normal,Younger (<55),Month 1,1,0,0.1351,SIMULATED_MONITORING_DATA (EDUCATIONAL_USE_ONLY),PT-M01-0127,True Negative,0,Low Risk (<40%)
60.0,0.0,4.0,157.0,305.0,0.0,2.0,161.0,0.0,0.0,1.0,0.0,3.0,1,1,Asymptomatic,Female,<= 120 mg/dl,Left Ventricular Hypertrophy,No,Upsloping,Normal,Senior (>=55),Month 1,1,0,0.3634,SIMULATED_MONITORING_DATA (EDUCATIONAL_USE_ONLY),PT-M01-0128,False Negative,1,Low Risk (<40%)
64.0,1.0,4.0,128.0,267.0,0.0,0.0,105.0,1.0,0.2,2.0,1.0,7.0,0,0,Asymptomatic,Male,<= 120 mg/dl,Normal,Yes,Flat,Reversible Defect,Senior (>=55),Month 1,1,1,0.751,SIMULATED_MONITORING_DATA (EDUCATIONAL_USE_ONLY),PT-M01-0129,False Positive,1,High Risk (>60%)
60.0,0.0,1.0,149.0,238.0,0.0,0.0,171.0,0.0,0.9,1.0,0.0,3.0,0,0,Typical Angina,Female,<= 120 mg/dl,Normal,No,Upsloping,Normal,Senior (>=55),Month 1,1,0,0.1324,SIMULATED_MONITORING_DATA (EDUCATIONAL_USE_ONLY),PT-M01-0130,True Negative,0,Low Risk (<40%)
52.0,1.0,4.0,126.0,253.0,0.0,0.0,161.0,1.0,0.0,1.0,1.0,7.0,1,1,Asymptomatic,Male,<= 120 mg/dl,Normal,Yes,Upsloping,Reversible Defect,Younger (<55),Month 1,1,1,0.7778,SIMULATED_MONITORING_DATA (EDUCATIONAL_USE_ONLY),PT-M01-0131,True Positive,0,High Risk (>60%)
60.0,1.0,4.0,140.0,292.0,0.0,2.0,170.0,0.0,1.2,2.0,2.0,7.0,2,1,Asymptomatic,Male,<= 120 mg/dl,Left Ventricular Hypertrophy,No,Flat,Reversible Defect,Senior (>=55),Month 1,1,1,0.9283,SIMULATED_MONITORING_DATA (EDUCATIONAL_USE_ONLY),PT-M01-0132,True Positive,0,High Risk (>60%)
39.0,1.0,4.0,116.0,215.0,0.0,0.0,140.0,0.0,1.2,2.0,0.0,7.0,3,1,Asymptomatic,Male,<= 120 mg/dl,Normal,No,Flat,Reversible Defect,Younger (<55),Month 1,1,1,0.783,SIMULATED_MONITORING_DATA (EDUCATIONAL_USE_ONLY),PT-M01-0133,True Positive,0,High Risk (>60%)
64.0,1.0,4.0,121.0,245.0,0.0,2.0,96.0,1.0,2.2,3.0,1.0,3.0,3,1,Asymptomatic,Male,<= 120 mg/dl,Left Ventricular Hypertrophy,Yes,Downsloping,Normal,Senior (>=55),Month 1,1,1,0.8529,SIMULATED_MONITORING_DATA (EDUCATIONAL_USE_ONLY),PT-M01-0134,True Positive,0,High Risk (>60%)
52.0,1.0,4.0,124.0,210.0,0.0,0.0,168.0,0.0,1.0,1.0,2.0,7.0,3,1,Asymptomatic,Male,<= 120 mg/dl,Normal,No,Upsloping,Reversible Defect,Younger (<55),Month 1,1,1,0.754,SIMULATED_MONITORING_DATA (EDUCATIONAL_USE_ONLY),PT-M01-0135,True Positive,0,High Risk (>60%)
62.0,1.0,2.0,122.0,281.0,0.0,2.0,103.0,0.0,1.4,2.0,1.0,7.0,3,1,Atypical Angina,Male,<= 120 mg/dl,Left Ventricular Hypertrophy,No,Flat,Reversible Defect,Senior (>=55),Month 1,1,1,0.7955,SIMULATED_MONITORING_DATA (EDUCATIONAL_USE_ONLY),PT-M01-0136,True Positive,0,High Risk (>60%)
68.0,1.0,4.0,143.0,194.0,1.0,0.0,141.0,0.0,3.4,2.0,2.0,7.0,2,1,Asymptomatic,Male,> 120 mg/dl,Normal,No,Flat,Reversible Defect,Senior (>=55),Month 1,1,1,0.891,SIMULATED_MONITORING_DATA (EDUCATIONAL_USE_ONLY),PT-M01-0137,True Positive,0,High Risk (>60%)
58.0,1.0,3.0,140.0,215.0,1.0,2.0,165.0,0.0,0.0,1.0,0.0,3.0,0,0,Non-Anginal Pain,Male,> 120 mg/dl,Left Ventricular Hypertrophy,No,Upsloping,Normal,Senior (>=55),Month 1,1,0,0.141,SIMULATED_MONITORING_DATA (EDUCATIONAL_USE_ONLY),PT-M01-0138,True Negative,0,Low Risk (<40%)
45.0,0.0,2.0,113.0,162.0,0.0,0.0,138.0,0.0,0.0,2.0,0.0,3.0,0,0,Atypical Angina,Female,<= 120 mg/dl,Normal,No,Flat,Normal,Younger (<55),Month 1,1,0,0.0824,SIMULATED_MONITORING_DATA (EDUCATIONAL_USE_ONLY),PT-M01-0139,True Negative,0,Low Risk (<40%)
60.0,0.0,1.0,148.0,239.0,0.0,0.0,171.0,0.0,0.9,1.0,0.0,3.0,0,0,Typical Angina,Female,<= 120 mg/dl,Normal,No,Upsloping,Normal,Senior (>=55),Month 1,1,0,0.1242,SIMULATED_MONITORING_DATA (EDUCATIONAL_USE_ONLY),PT-M01-0140,True Negative,0,Low Risk (<40%)
59.0,1.0,3.0,150.0,210.0,1.0,0.0,157.0,0.0,1.6,1.0,0.0,3.0,0,0,Non-Anginal Pain,Male,> 120 mg/dl,Normal,No,Upsloping,Normal,Senior (>=55),Month 1,1,0,0.1709,SIMULATED_MONITORING_DATA (EDUCATIONAL_USE_ONLY),PT-M01-0141,True Negative,0,Low Risk (<40%)
64.0,1.0,1.0,172.0,228.0,0.0,2.0,155.0,0.0,0.6,2.0,0.0,7.0,0,0,Typical Angina,Male,<= 120 mg/dl,Left Ventricular Hypertrophy,No,Flat,Reversible Defect,Senior (>=55),Month 1,1,0,0.428,SIMULATED_MONITORING_DATA (EDUCATIONAL_USE_ONLY),PT-M01-0142,True Negative,0,Moderate Risk (40-60%)
45.0,1.0,4.0,102.0,205.0,0.0,2.0,148.0,1.0,3.0,2.0,0.0,3.0,0,0,Asymptomatic,Male,<= 120 mg/dl,Left Ventricular Hypertrophy,Yes,Flat,Normal,Younger (<55),Month 1,1,0,0.4053,SIMULATED_MONITORING_DATA (EDUCATIONAL_USE_ONLY),PT-M01-0143,True Negative,0,Moderate Risk (40-60%)
57.0,1.0,3.0,128.0,233.0,0.0,2.0,150.0,0.0,0.4,2.0,1.0,7.0,1,1,Non-Anginal Pain,Male,<= 120 mg/dl,Left Ventricular Hypertrophy,No,Flat,Reversible Defect,Senior (>=55),Month 1,1,1,0.7185,SIMULATED_MONITORING_DATA (EDUCATIONAL_USE_ONLY),PT-M01-0144,True Positive,0,High Risk (>60%)
55.0,1.0,4.0,160.0,291.0,0.0,2.0,145.0,1.0,0.8,2.0,1.0,7.0,4,1,Asymptomatic,Male,<= 120 mg/dl,Left Ventricular Hypertrophy,Yes,Flat,Reversible Defect,Senior (>=55),Month 1,1,1,0.9644,SIMULATED_MONITORING_DATA (EDUCATIONAL_USE_ONLY),PT-M01-0145,True Positive,0,High Risk (>60%)
42.0,0.0,4.0,103.0,264.0,0.0,2.0,122.0,0.0,0.6,2.0,0.0,3.0,0,0,Asymptomatic,Female,<= 120 mg/dl,Left Ventricular Hypertrophy,No,Flat,Normal,Younger (<55),Month 1,1,0,0.1884,SIMULATED_MONITORING_DATA (EDUCATIONAL_USE_ONLY),PT-M01-0146,True Negative,0,Low Risk (<40%)
35.0,1.0,4.0,124.0,279.0,0.0,2.0,156.0,1.0,0.0,1.0,0.0,7.0,1,1,Asymptomatic,Male,<= 120 mg/dl,Left Ventricular Hypertrophy,Yes,Upsloping,Reversible Defect,Younger (<55),Month 1,1,1,0.6575,SIMULATED_MONITORING_DATA (EDUCATIONAL_USE_ONLY),PT-M01-0147,True Positive,0,High Risk (>60%)
43.0,1.0,4.0,148.0,250.0,0.0,0.0,171.0,0.0,1.5,1.0,0.0,3.0,0,0,Asymptomatic,Male,<= 120 mg/dl,Normal,No,Upsloping,Normal,Younger (<55),Month 1,1,0,0.1916,SIMULATED_MONITORING_DATA (EDUCATIONAL_USE_ONLY),PT-M01-0148,True Negative,0,Low Risk (<40%)
67.0,0.0,3.0,153.0,277.0,0.0,0.0,172.0,0.0,0.0,1.0,1.0,3.0,0,0,Non-Anginal Pain,Female,<= 120 mg/dl,Normal,No,Upsloping,Normal,Senior (>=55),Month 1,1,0,0.1263,SIMULATED_MONITORING_DATA (EDUCATIONAL_USE_ONLY),PT-M01-0149,True Negative,0,Low Risk (<40%)
60.0,1.0,4.0,117.0,232.0,1.0,0.0,160.0,1.0,1.4,1.0,2.0,7.0,2,1,Asymptomatic,Male,> 120 mg/dl,Normal,Yes,Upsloping,Reversible Defect,Senior (>=55),Month 1,1,1,0.8631,SIMULATED_MONITORING_DATA (EDUCATIONAL_USE_ONLY),PT-M01-0150,True Positive,0,High Risk (>60%)
63.0,0.0,4.0,108.0,266.0,0.0,0.0,169.0,1.0,1.8,2.0,2.0,3.0,1,1,Asymptomatic,Female,<= 120 mg/dl,Normal,Yes,Flat,Normal,Senior (>=55),Month 1,1,1,0.7214,SIMULATED_MONITORING_DATA (EDUCATIONAL_USE_ONLY),PT-M01-0151,True Positive,0,High Risk (>60%)
61.0,1.0,1.0,135.0,233.0,0.0,0.0,145.0,0.0,2.6,2.0,2.0,3.0,2,1,Typical Angina,Male,<= 120 mg/dl,Normal,No,Flat,Normal,Senior (>=55),Month 1,1,1,0.5339,SIMULATED_MONITORING_DATA (EDUCATIONAL_USE_ONLY),PT-M01-0152,True Positive,0,Moderate Risk (40-60%)
70.0,1.0,4.0,129.0,322.0,0.0,2.0,109.0,0.0,2.4,2.0,3.0,3.0,1,1,Asymptomatic,Male,<= 120 mg/dl,Left Ventricular Hypertrophy,No,Flat,Normal,Senior (>=55),Month 1,1,1,0.7505,SIMULATED_MONITORING_DATA (EDUCATIONAL_USE_ONLY),PT-M01-0153,True Positive,0,High Risk (>60%)
61.0,1.0,3.0,150.0,243.0,1.0,0.0,137.0,1.0,1.0,2.0,0.0,3.0,0,0,Non-Anginal Pain,Male,> 120 mg/dl,Normal,Yes,Flat,Normal,Senior (>=55),Month 1,1,0,0.4037,SIMULATED_MONITORING_DATA (EDUCATIONAL_USE_ONLY),PT-M01-0154,True Negative,0,Moderate Risk (40-60%)
53.0,1.0,4.0,140.0,202.0,1.0,2.0,155.0,1.0,3.1,3.0,0.0,7.0,1,1,Asymptomatic,Male,> 120 mg/dl,Left Ventricular Hypertrophy,Yes,Downsloping,Reversible Defect,Younger (<55),Month 1,1,1,0.8212,SIMULATED_MONITORING_DATA (EDUCATIONAL_USE_ONLY),PT-M01-0155,True Positive,0,High Risk (>60%)
69.0,1.0,3.0,139.0,255.0,0.0,2.0,146.0,0.0,2.0,2.0,3.0,7.0,2,1,Non-Anginal Pain,Male,<= 120 mg/dl,Left Ventricular Hypertrophy,No,Flat,Reversible Defect,Senior (>=55),Month 1,1,1,0.848,SIMULATED_MONITORING_DATA (EDUCATIONAL_USE_ONLY),PT-M01-0156,True Positive,0,High Risk (>60%)
65.0,0.0,3.0,158.0,267.0,0.0,0.0,148.0,0.0,0.8,1.0,0.0,3.0,0,0,Non-Anginal Pain,Female,<= 120 mg/dl,Normal,No,Upsloping,Normal,Senior (>=55),Month 1,1,0,0.1315,SIMULATED_MONITORING_DATA (EDUCATIONAL_USE_ONLY),PT-M01-0157,True Negative,0,Low Risk (<40%)
45.0,1.0,4.0,105.0,208.0,0.0,2.0,148.0,1.0,3.0,2.0,0.0,3.0,0,0,Asymptomatic,Male,<= 120 mg/dl,Left Ventricular Hypertrophy,Yes,Flat,Normal,Younger (<55),Month 1,1,0,0.3966,SIMULATED_MONITORING_DATA (EDUCATIONAL_USE_ONLY),PT-M01-0158,True Negative,0,Low Risk (<40%)
48.0,1.0,3.0,122.0,255.0,1.0,0.0,175.0,0.0,0.0,1.0,2.0,3.0,0,0,Non-Anginal Pain,Male,> 120 mg/dl,Normal,No,Upsloping,Normal,Younger (<55),Month 1,1,0,0.1926,SIMULATED_MONITORING_DATA (EDUCATIONAL_USE_ONLY),PT-M01-0159,True Negative,0,Low Risk (<40%)
64.0,1.0,4.0,129.0,264.0,0.0,0.0,105.0,1.0,0.2,2.0,1.0,7.0,0,0,Asymptomatic,Male,<= 120 mg/dl,Normal,Yes,Flat,Reversible Defect,Senior (>=55),Month 1,1,1,0.7431,SIMULATED_MONITORING_DATA (EDUCATIONAL_USE_ONLY),PT-M01-0160,False Positive,1,High Risk (>60%)
43.0,1.0,4.0,114.0,304.0,0.0,0.0,181.0,0.0,1.2,2.0,0.0,3.0,0,0,Asymptomatic,Male,<= 120 mg/dl,Normal,No,Flat,Normal,Younger (<55),Month 1,1,0,0.2226,SIMULATED_MONITORING_DATA (EDUCATIONAL_USE_ONLY),PT-M01-0161,True Negative,0,Low Risk (<40%)
57.0,1.0,3.0,129.0,227.0,0.0,2.0,150.0,0.0,0.4,2.0,1.0,7.0,1,1,Non-Anginal Pain,Male,<= 120 mg/dl,Left Ventricular Hypertrophy,No,Flat,Reversible Defect,Senior (>=55),Month 1,1,1,0.7145,SIMULATED_MONITORING_DATA (EDUCATIONAL_USE_ONLY),PT-M01-0162,True Positive,0,High Risk (>60%)
51.0,1.0,4.0,142.0,296.0,0.0,0.0,173.0,1.0,1.6,1.0,0.0,7.0,1,1,Asymptomatic,Male,<= 120 mg/dl,Normal,Yes,Upsloping,Reversible Defect,Younger (<55),Month 1,1,1,0.7274,SIMULATED_MONITORING_DATA (EDUCATIONAL_USE_ONLY),PT-M01-0163,True Positive,0,High Risk (>60%)
57.0,1.0,2.0,153.0,235.0,0.0,2.0,164.0,0.0,0.0,1.0,1.0,3.0,1,1,Atypical Angina,Male,<= 120 mg/dl,Left Ventricular Hypertrophy,No,Upsloping,Normal,Senior (>=55),Month 1,1,0,0.4893,SIMULATED_MONITORING_DATA (EDUCATIONAL_USE_ONLY),PT-M01-0164,False Negative,1,Moderate Risk (40-60%)
49.0,1.0,2.0,131.0,267.0,0.0,0.0,171.0,0.0,0.6,1.0,0.0,3.0,0,0,Atypical Angina,Male,<= 120 mg/dl,Normal,No,Upsloping,Normal,Younger (<55),Month 1,1,0,0.0582,SIMULATED_MONITORING_DATA (EDUCATIONAL_USE_ONLY),PT-M01-0165,True Negative,0,Low Risk (<40%)
43.0,0.0,3.0,123.0,212.0,0.0,0.0,165.0,0.0,0.2,2.0,0.0,3.0,0,0,Non-Anginal Pain,Female,<= 120 mg/dl,Normal,No,Flat,Normal,Younger (<55),Month 1,1,0,0.0436,SIMULATED_MONITORING_DATA (EDUCATIONAL_USE_ONLY),PT-M01-0166,True Negative,0,Low Risk (<40%)
56.0,1.0,1.0,121.0,196.0,0.0,2.0,162.0,0.0,1.9,2.0,0.0,7.0,0,0,Typical Angina,Male,<= 120 mg/dl,Left Ventricular Hypertrophy,No,Flat,Reversible Defect,Senior (>=55),Month 1,1,0,0.3749,SIMULATED_MONITORING_DATA (EDUCATIONAL_USE_ONLY),PT-M01-0167,True Negative,0,Low Risk (<40%)
60.0,0.0,4.0,161.0,305.0,0.0,2.0,161.0,0.0,0.0,1.0,0.0,3.0,1,1,Asymptomatic,Female,<= 120 mg/dl,Left Ventricular Hypertrophy,No,Upsloping,Normal,Senior (>=55),Month 1,1,0,0.3888,SIMULATED_MONITORING_DATA (EDUCATIONAL_USE_ONLY),PT-M01-0168,False Negative,1,Low Risk (<40%)
34.0,0.0,2.0,118.0,212.0,0.0,0.0,192.0,0.0,0.7,1.0,0.0,3.0,0,0,Atypical Angina,Female,<= 120 mg/dl,Normal,No,Upsloping,Normal,Younger (<55),Month 1,1,0,0.0257,SIMULATED_MONITORING_DATA (EDUCATIONAL_USE_ONLY),PT-M01-0169,True Negative,0,Low Risk (<40%)
52.0,1.0,3.0,171.0,199.0,1.0,0.0,162.0,0.0,0.5,1.0,0.0,7.0,0,0,Non-Anginal Pain,Male,> 120 mg/dl,Normal,No,Upsloping,Reversible Defect,Younger (<55),Month 1,1,0,0.2194,SIMULATED_MONITORING_DATA (EDUCATIONAL_USE_ONLY),PT-M01-0170,True Negative,0,Low Risk (<40%)
45.0,1.0,4.0,114.0,264.0,0.0,2.0,185.0,0.0,0.0,1.0,0.0,3.0,0,0,Asymptomatic,Male,<= 120 mg/dl,Left Ventricular Hypertrophy,No,Upsloping,Normal,Younger (<55),Month 1,1,0,0.2094,SIMULATED_MONITORING_DATA (EDUCATIONAL_USE_ONLY),PT-M01-0171,True Negative,0,Low Risk (<40%)
56.0,1.0,2.0,119.0,240.0,0.0,0.0,178.0,0.0,0.8,1.0,0.0,3.0,0,0,Atypical Angina,Male,<= 120 mg/dl,Normal,No,Upsloping,Normal,Senior (>=55),Month 1,1,0,0.082,SIMULATED_MONITORING_DATA (EDUCATIONAL_USE_ONLY),PT-M01-0172,True Negative,0,Low Risk (<40%)
62.0,0.0,4.0,124.0,209.0,0.0,0.0,163.0,0.0,0.0,1.0,0.0,3.0,0,0,Asymptomatic,Female,<= 120 mg/dl,Normal,No,Upsloping,Normal,Senior (>=55),Month 1,1,0,0.1683,SIMULATED_MONITORING_DATA (EDUCATIONAL_USE_ONLY),PT-M01-0173,True Negative,0,Low Risk (<40%)
52.0,1.0,4.0,129.0,257.0,0.0,0.0,161.0,1.0,0.0,1.0,1.0,7.0,1,1,Asymptomatic,Male,<= 120 mg/dl,Normal,Yes,Upsloping,Reversible Defect,Younger (<55),Month 1,1,1,0.7718,SIMULATED_MONITORING_DATA (EDUCATIONAL_USE_ONLY),PT-M01-0174,True Positive,0,High Risk (>60%)
54.0,1.0,3.0,125.0,274.0,0.0,2.0,152.0,0.0,0.5,3.0,1.0,3.0,0,0,Non-Anginal Pain,Male,<= 120 mg/dl,Left Ventricular Hypertrophy,No,Downsloping,Normal,Younger (<55),Month 1,1,0,0.2489,SIMULATED_MONITORING_DATA (EDUCATIONAL_USE_ONLY),PT-M01-0175,True Negative,0,Low Risk (<40%)
46.0,1.0,2.0,102.0,200.0,1.0,0.0,156.0,0.0,0.0,1.0,0.0,7.0,0,0,Atypical Angina,Male,> 120 mg/dl,Normal,No,Upsloping,Reversible Defect,Younger (<55),Month 1,1,0,0.2703,SIMULATED_MONITORING_DATA (EDUCATIONAL_USE_ONLY),PT-M01-0176,True Negative,0,Low Risk (<40%)
65.0,1.0,1.0,138.0,280.0,1.0,2.0,174.0,0.0,1.4,2.0,1.0,3.0,1,1,Typical Angina,Male,> 120 mg/dl,Left Ventricular Hypertrophy,No,Flat,Normal,Senior (>=55),Month 1,1,1,0.5647,SIMULATED_MONITORING_DATA (EDUCATIONAL_USE_ONLY),PT-M01-0177,True Positive,0,Moderate Risk (40-60%)
60.0,1.0,3.0,142.0,186.0,0.0,2.0,155.0,0.0,3.0,2.0,0.0,3.0,1,1,Non-Anginal Pain,Male,<= 120 mg/dl,Left Ventricular Hypertrophy,No,Flat,Normal,Senior (>=55),Month 1,1,0,0.2813,SIMULATED_MONITORING_DATA (EDUCATIONAL_USE_ONLY),PT-M01-0178,False Negative,1,Low Risk (<40%)
54.0,0.0,2.0,132.0,290.0,1.0,2.0,159.0,1.0,0.0,1.0,1.0,3.0,0,0,Atypical Angina,Female,> 120 mg/dl,Left Ventricular Hypertrophy,Yes,Upsloping,Normal,Younger (<55),Month 1,1,0,0.2999,SIMULATED_MONITORING_DATA (EDUCATIONAL_USE_ONLY),PT-M01-0179,True Negative,0,Low Risk (<40%)
60.0,1.0,4.0,134.0,249.0,0.0,0.0,144.0,1.0,1.4,1.0,1.0,7.0,1,1,Asymptomatic,Male,<= 120 mg/dl,Normal,Yes,Upsloping,Reversible Defect,Senior (>=55),Month 1,1,1,0.9041,SIMULATED_MONITORING_DATA (EDUCATIONAL_USE_ONLY),PT-M01-0180,True Positive,0,High Risk (>60%)
56.0,1.0,4.0,126.0,247.0,1.0,2.0,144.0,1.0,1.2,2.0,1.0,3.0,1,1,Asymptomatic,Male,> 120 mg/dl,Left Ventricular Hypertrophy,Yes,Flat,Normal,Senior (>=55),Month 1,1,1,0.82,SIMULATED_MONITORING_DATA (EDUCATIONAL_USE_ONLY),PT-M01-0181,True Positive,0,High Risk (>60%)
62.0,1.0,3.0,129.0,227.0,0.0,0.0,146.0,0.0,1.8,2.0,3.0,7.0,0,0,Non-Anginal Pain,Male,<= 120 mg/dl,Normal,No,Flat,Reversible Defect,Senior (>=55),Month 1,1,1,0.8281,SIMULATED_MONITORING_DATA (EDUCATIONAL_USE_ONLY),PT-M01-0182,False Positive,1,High Risk (>60%)
52.0,1.0,3.0,170.0,198.0,1.0,0.0,162.0,0.0,0.5,1.0,0.0,7.0,0,0,Non-Anginal Pain,Male,> 120 mg/dl,Normal,No,Upsloping,Reversible Defect,Younger (<55),Month 1,1,0,0.2248,SIMULATED_MONITORING_DATA (EDUCATIONAL_USE_ONLY),PT-M01-0183,True Negative,0,Low Risk (<40%)
70.0,1.0,4.0,131.0,323.0,0.0,2.0,109.0,0.0,2.4,2.0,3.0,3.0,1,1,Asymptomatic,Male,<= 120 mg/dl,Left Ventricular Hypertrophy,No,Flat,Normal,Senior (>=55),Month 1,1,1,0.7505,SIMULATED_MONITORING_DATA (EDUCATIONAL_USE_ONLY),PT-M01-0184,True Positive,0,High Risk (>60%)
58.0,1.0,3.0,140.0,214.0,1.0,2.0,165.0,0.0,0.0,1.0,0.0,3.0,0,0,Non-Anginal Pain,Male,> 120 mg/dl,Left Ventricular Hypertrophy,No,Upsloping,Normal,Senior (>=55),Month 1,1,0,0.141,SIMULATED_MONITORING_DATA (EDUCATIONAL_USE_ONLY),PT-M01-0185,True Negative,0,Low Risk (<40%)
44.0,1.0,2.0,121.0,220.0,0.0,0.0,170.0,0.0,0.0,1.0,0.0,3.0,0,0,Atypical Angina,Male,<= 120 mg/dl,Normal,No,Upsloping,Normal,Younger (<55),Month 1,1,0,0.0495,SIMULATED_MONITORING_DATA (EDUCATIONAL_USE_ONLY),PT-M01-0186,True Negative,0,Low Risk (<40%)
63.0,1.0,4.0,131.0,257.0,0.0,2.0,147.0,0.0,1.4,2.0,1.0,7.0,2,1,Asymptomatic,Male,<= 120 mg/dl,Left Ventricular Hypertrophy,No,Flat,Reversible Defect,Senior (>=55),Month 1,1,1,0.9199,SIMULATED_MONITORING_DATA (EDUCATIONAL_USE_ONLY),PT-M01-0187,True Positive,0,High Risk (>60%)
53.0,0.0,4.0,138.0,231.0,0.0,2.0,160.0,0.0,0.0,1.0,0.0,3.0,0,0,Asymptomatic,Female,<= 120 mg/dl,Left Ventricular Hypertrophy,No,Upsloping,Normal,Younger (<55),Month 1,1,0,0.1286,SIMULATED_MONITORING_DATA (EDUCATIONAL_USE_ONLY),PT-M01-0188,True Negative,0,Low Risk (<40%)
53.0,0.0,4.0,129.0,261.0,0.0,2.0,143.0,0.0,0.4,2.0,0.0,3.0,0,0,Asymptomatic,Female,<= 120 mg/dl,Left Ventricular Hypertrophy,No,Flat,Normal,Younger (<55),Month 1,1,0,0.153,SIMULATED_MONITORING_DATA (EDUCATIONAL_USE_ONLY),PT-M01-0189,True Negative,0,Low Risk (<40%)
35.0,1.0,4.0,124.0,282.0,0.0,2.0,156.0,1.0,0.0,1.0,0.0,7.0,1,1,Asymptomatic,Male,<= 120 mg/dl,Left Ventricular Hypertrophy,Yes,Upsloping,Reversible Defect,Younger (<55),Month 1,1,1,0.6575,SIMULATED_MONITORING_DATA (EDUCATIONAL_USE_ONLY),PT-M01-0190,True Positive,0,High Risk (>60%)
47.0,1.0,3.0,137.0,258.0,0.0,2.0,156.0,0.0,0.0,1.0,0.0,3.0,0,0,Non-Anginal Pain,Male,<= 120 mg/dl,Left Ventricular Hypertrophy,No,Upsloping,Normal,Younger (<55),Month 1,1,0,0.1059,SIMULATED_MONITORING_DATA (EDUCATIONAL_USE_ONLY),PT-M01-0191,True Negative,0,Low Risk (<40%)
46.0,1.0,4.0,141.0,311.0,0.0,0.0,120.0,1.0,1.8,2.0,2.0,7.0,2,1,Asymptomatic,Male,<= 120 mg/dl,Normal,Yes,Flat,Reversible Defect,Younger (<55),Month 1,1,1,0.9657,SIMULATED_MONITORING_DATA (EDUCATIONAL_USE_ONLY),PT-M01-0192,True Positive,0,High Risk (>60%)
61.0,0.0,4.0,145.0,303.0,0.0,2.0,146.0,1.0,1.0,2.0,0.0,7.0,1,1,Asymptomatic,Female,<= 120 mg/dl,Left Ventricular Hypertrophy,Yes,Flat,Reversible Defect,Senior (>=55),Month 1,1,1,0.9087,SIMULATED_MONITORING_DATA (EDUCATIONAL_USE_ONLY),PT-M01-0193,True Positive,0,High Risk (>60%)
34.0,0.0,2.0,116.0,210.0,0.0,0.0,192.0,0.0,0.7,1.0,0.0,3.0,0,0,Atypical Angina,Female,<= 120 mg/dl,Normal,No,Upsloping,Normal,Younger (<55),Month 1,1,0,0.025,SIMULATED_MONITORING_DATA (EDUCATIONAL_USE_ONLY),PT-M01-0194,True Negative,0,Low Risk (<40%)
44.0,1.0,2.0,130.0,216.0,0.0,2.0,188.0,0.0,0.0,1.0,0.0,3.0,0,0,Atypical Angina,Male,<= 120 mg/dl,Left Ventricular Hypertrophy,No,Upsloping,Normal,Younger (<55),Month 1,1,0,0.0766,SIMULATED_MONITORING_DATA (EDUCATIONAL_USE_ONLY),PT-M01-0195,True Negative,0,Low Risk (<40%)
50.0,0.0,3.0,121.0,220.0,0.0,0.0,158.0,0.0,1.6,2.0,0.0,3.0,0,0,Non-Anginal Pain,Female,<= 120 mg/dl,Normal,No,Flat,Normal,Younger (<55),Month 1,1,0,0.085,SIMULATED_MONITORING_DATA (EDUCATIONAL_USE_ONLY),PT-M01-0196,True Negative,0,Low Risk (<40%)
56.0,1.0,4.0,124.0,250.0,1.0,2.0,144.0,1.0,1.2,2.0,1.0,3.0,1,1,Asymptomatic,Male,> 120 mg/dl,Left Ventricular Hypertrophy,Yes,Flat,Normal,Senior (>=55),Month 1,1,1,0.82,SIMULATED_MONITORING_DATA (EDUCATIONAL_USE_ONLY),PT-M01-0197,True Positive,0,High Risk (>60%)
41.0,1.0,2.0,110.0,233.0,0.0,0.0,153.0,0.0,0.0,1.0,0.0,3.0,0,0,Atypical Angina,Male,<= 120 mg/dl,Normal,No,Upsloping,Normal,Younger (<55),Month 1,1,0,0.1388,SIMULATED_MONITORING_DATA (EDUCATIONAL_USE_ONLY),PT-M01-0198,True Negative,0,Low Risk (<40%)
56.0,0.0,4.0,134.0,408.0,0.0,2.0,150.0,1.0,1.9,2.0,2.0,7.0,2,1,Asymptomatic,Female,<= 120 mg/dl,Left Ventricular Hypertrophy,Yes,Flat,Reversible Defect,Senior (>=55),Month 1,1,1,0.9366,SIMULATED_MONITORING_DATA (EDUCATIONAL_USE_ONLY),PT-M01-0199,True Positive,0,High Risk (>60%)
42.0,1.0,4.0,134.0,313.0,0.0,0.0,125.0,1.0,1.8,2.0,0.0,6.0,2,1,Asymptomatic,Male,<= 120 mg/dl,Normal,Yes,Flat,Fixed Defect,Younger (<55),Month 1,1,1,0.786,SIMULATED_MONITORING_DATA (EDUCATIONAL_USE_ONLY),PT-M01-0200,True Positive,0,High Risk (>60%)
66.0,1.0,4.0,113.0,212.0,0.0,2.0,132.0,1.0,0.1,1.0,1.0,3.0,2,1,Asymptomatic,Male,<= 120 mg/dl,Left Ventricular Hypertrophy,Yes,Upsloping,Normal,Senior (>=55),Month 1,1,1,0.7364,SIMULATED_MONITORING_DATA (EDUCATIONAL_USE_ONLY),PT-M01-0201,True Positive,0,High Risk (>60%)
41.0,1.0,2.0,136.0,205.0,0.0,0.0,132.0,0.0,0.0,2.0,0.0,6.0,0,0,Atypical Angina,Male,<= 120 mg/dl,Normal,No,Flat,Fixed Defect,Younger (<55),Month 1,1,0,0.3914,SIMULATED_MONITORING_DATA (EDUCATIONAL_USE_ONLY),PT-M01-0202,True Negative,0,Low Risk (<40%)
70.0,1.0,2.0,158.0,243.0,0.0,2.0,143.0,0.0,0.0,1.0,0.0,3.0,0,0,Atypical Angina,Male,<= 120 mg/dl,Left Ventricular Hypertrophy,No,Upsloping,Normal,Senior (>=55),Month 1,1,0,0.3076,SIMULATED_MONITORING_DATA (EDUCATIONAL_USE_ONLY),PT-M01-0203,True Negative,0,Low Risk (<40%)
57.0,1.0,4.0,152.0,277.0,0.0,2.0,112.0,1.0,0.6,2.0,1.0,6.0,1,1,Asymptomatic,Male,<= 120 mg/dl,Left Ventricular Hypertrophy,Yes,Flat,Fixed Defect,Senior (>=55),Month 1,1,1,0.9164,SIMULATED_MONITORING_DATA (EDUCATIONAL_USE_ONLY),PT-M01-0204,True Positive,0,High Risk (>60%)
34.0,1.0,1.0,116.0,181.0,0.0,2.0,174.0,0.0,0.0,1.0,0.0,3.0,0,0,Typical Angina,Male,<= 120 mg/dl,Left Ventricular Hypertrophy,No,Upsloping,Normal,Younger (<55),Month 1,1,0,0.1032,SIMULATED_MONITORING_DATA (EDUCATIONAL_USE_ONLY),PT-M01-0205,True Negative,0,Low Risk (<40%)
51.0,1.0,3.0,99.0,220.0,0.0,0.0,143.0,1.0,1.2,2.0,0.0,3.0,0,0,Non-Anginal Pain,Male,<= 120 mg/dl,Normal,Yes,Flat,Normal,Younger (<55),Month 1,1,0,0.2597,SIMULATED_MONITORING_DATA (EDUCATIONAL_USE_ONLY),PT-M01-0206,True Negative,0,Low Risk (<40%)
60.0,1.0,4.0,126.0,258.0,0.0,2.0,141.0,1.0,2.8,2.0,1.0,7.0,1,1,Asymptomatic,Male,<= 120 mg/dl,Left Ventricular Hypertrophy,Yes,Flat,Reversible Defect,Senior (>=55),Month 1,1,1,0.9897,SIMULATED_MONITORING_DATA (EDUCATIONAL_USE_ONLY),PT-M01-0207,True Positive,0,High Risk (>60%)
65.0,0.0,3.0,161.0,358.0,0.0,2.0,151.0,0.0,0.8,1.0,0.0,3.0,0,0,Non-Anginal Pain,Female,<= 120 mg/dl,Left Ventricular Hypertrophy,No,Upsloping,Normal,Senior (>=55),Month 1,1,0,0.2115,SIMULATED_MONITORING_DATA (EDUCATIONAL_USE_ONLY),PT-M01-0208,True Negative,0,Low Risk (<40%)
60.0,0.0,3.0,103.0,317.0,0.0,0.0,160.0,0.0,0.0,1.0,1.0,3.0,0,0,Non-Anginal Pain,Female,<= 120 mg/dl,Normal,No,Upsloping,Normal,Senior (>=55),Month 1,1,0,0.1593,SIMULATED_MONITORING_DATA (EDUCATIONAL_USE_ONLY),PT-M01-0209,True Negative,0,Low Risk (<40%)
60.0,1.0,3.0,146.0,183.0,0.0,2.0,155.0,0.0,3.0,2.0,0.0,3.0,1,1,Non-Anginal Pain,Male,<= 120 mg/dl,Left Ventricular Hypertrophy,No,Flat,Normal,Senior (>=55),Month 1,1,0,0.2912,SIMULATED_MONITORING_DATA (EDUCATIONAL_USE_ONLY),PT-M01-0210,False Negative,1,Low Risk (<40%)
52.0,1.0,4.0,129.0,259.0,0.0,0.0,161.0,1.0,0.0,1.0,1.0,7.0,1,1,Asymptomatic,Male,<= 120 mg/dl,Normal,Yes,Upsloping,Reversible Defect,Younger (<55),Month 1,1,1,0.7673,SIMULATED_MONITORING_DATA (EDUCATIONAL_USE_ONLY),PT-M01-0211,True Positive,0,High Risk (>60%)
46.0,1.0,2.0,103.0,197.0,1.0,0.0,156.0,0.0,0.0,1.0,0.0,7.0,0,0,Atypical Angina,Male,> 120 mg/dl,Normal,No,Upsloping,Reversible Defect,Younger (<55),Month 1,1,0,0.2757,SIMULATED_MONITORING_DATA (EDUCATIONAL_USE_ONLY),PT-M01-0212,True Negative,0,Low Risk (<40%)
59.0,1.0,3.0,151.0,211.0,1.0,0.0,157.0,0.0,1.6,1.0,0.0,3.0,0,0,Non-Anginal Pain,Male,> 120 mg/dl,Normal,No,Upsloping,Normal,Senior (>=55),Month 1,1,0,0.1709,SIMULATED_MONITORING_DATA (EDUCATIONAL_USE_ONLY),PT-M01-0213,True Negative,0,Low Risk (<40%)
52.0,1.0,4.0,129.0,204.0,1.0,0.0,156.0,1.0,1.0,2.0,0.0,3.0,2,1,Asymptomatic,Male,> 120 mg/dl,Normal,Yes,Flat,Normal,Younger (<55),Month 1,1,0,0.44,SIMULATED_MONITORING_DATA (EDUCATIONAL_USE_ONLY),PT-M01-0214,False Negative,1,Moderate Risk (40-60%)
57.0,0.0,4.0,120.0,354.0,0.0,0.0,163.0,1.0,0.6,1.0,0.0,3.0,0,0,Asymptomatic,Female,<= 120 mg/dl,Normal,Yes,Upsloping,Normal,Senior (>=55),Month 1,1,0,0.2627,SIMULATED_MONITORING_DATA (EDUCATIONAL_USE_ONLY),PT-M01-0215,True Negative,0,Low Risk (<40%)
64.0,0.0,4.0,181.0,325.0,0.0,0.0,154.0,1.0,0.0,1.0,0.0,3.0,0,0,Asymptomatic,Female,<= 120 mg/dl,Normal,Yes,Upsloping,Normal,Senior (>=55),Month 1,1,0,0.3823,SIMULATED_MONITORING_DATA (EDUCATIONAL_USE_ONLY),PT-M01-0216,True Negative,0,Low Risk (<40%)
63.0,1.0,4.0,129.0,255.0,0.0,2.0,147.0,0.0,1.4,2.0,1.0,7.0,2,1,Asymptomatic,Male,<= 120 mg/dl,Left Ventricular Hypertrophy,No,Flat,Reversible Defect,Senior (>=55),Month 1,1,1,0.9208,SIMULATED_MONITORING_DATA (EDUCATIONAL_USE_ONLY),PT-M01-0217,True Positive,0,High Risk (>60%)
62.0,0.0,4.0,150.0,246.0,0.0,0.0,154.0,1.0,1.4,2.0,0.0,3.0,1,1,Asymptomatic,Female,<= 120 mg/dl,Normal,Yes,Flat,Normal,Senior (>=55),Month 1,1,1,0.501,SIMULATED_MONITORING_DATA (EDUCATIONAL_USE_ONLY),PT-M01-0218,True Positive,0,Moderate Risk (40-60%)
35.0,1.0,4.0,125.0,281.0,0.0,2.0,156.0,1.0,0.0,1.0,0.0,7.0,1,1,Asymptomatic,Male,<= 120 mg/dl,Left Ventricular Hypertrophy,Yes,Upsloping,Reversible Defect,Younger (<55),Month 1,1,1,0.6604,SIMULATED_MONITORING_DATA (EDUCATIONAL_USE_ONLY),PT-M01-0219,True Positive,0,High Risk (>60%)
51.0,1.0,4.0,140.0,260.0,0.0,2.0,186.0,1.0,0.0,1.0,0.0,3.0,0,0,Asymptomatic,Male,<= 120 mg/dl,Left Ventricular Hypertrophy,Yes,Upsloping,Normal,Younger (<55),Month 1,1,0,0.2687,SIMULATED_MONITORING_DATA (EDUCATIONAL_USE_ONLY),PT-M01-0220,True Negative,0,Low Risk (<40%)
43.0,0.0,4.0,135.0,340.0,1.0,2.0,136.0,1.0,3.0,2.0,0.0,7.0,2,1,Asymptomatic,Female,> 120 mg/dl,Left Ventricular Hypertrophy,Yes,Flat,Reversible Defect,Younger (<55),Month 1,1,1,0.918,SIMULATED_MONITORING_DATA (EDUCATIONAL_USE_ONLY),PT-M01-0221,True Positive,0,High Risk (>60%)
60.0,0.0,4.0,147.0,253.0,0.0,2.0,157.0,0.0,2.6,2.0,2.0,7.0,3,1,Asymptomatic,Female,<= 120 mg/dl,Left Ventricular Hypertrophy,No,Flat,Reversible Defect,Senior (>=55),Month 1,1,1,0.9045,SIMULATED_MONITORING_DATA (EDUCATIONAL_USE_ONLY),PT-M01-0222,True Positive,0,High Risk (>60%)
70.0,1.0,4.0,131.0,319.0,0.0,2.0,109.0,0.0,2.4,2.0,3.0,3.0,1,1,Asymptomatic,Male,<= 120 mg/dl,Left Ventricular Hypertrophy,No,Flat,Normal,Senior (>=55),Month 1,1,1,0.7505,SIMULATED_MONITORING_DATA (EDUCATIONAL_USE_ONLY),PT-M01-0223,True Positive,0,High Risk (>60%)
59.0,1.0,3.0,124.0,221.0,1.0,0.0,134.0,0.0,2.2,2.0,1.0,6.0,2,1,Non-Anginal Pain,Male,> 120 mg/dl,Normal,No,Flat,Fixed Defect,Senior (>=55),Month 1,1,1,0.7502,SIMULATED_MONITORING_DATA (EDUCATIONAL_USE_ONLY),PT-M01-0224,True Positive,0,High Risk (>60%)
65.0,0.0,4.0,149.0,228.0,0.0,2.0,114.0,0.0,1.0,2.0,3.0,7.0,4,1,Asymptomatic,Female,<= 120 mg/dl,Left Ventricular Hypertrophy,No,Flat,Reversible Defect,Senior (>=55),Month 1,1,1,0.8951,SIMULATED_MONITORING_DATA (EDUCATIONAL_USE_ONLY),PT-M01-0225,True Positive,0,High Risk (>60%)
64.0,1.0,4.0,122.0,246.0,0.0,2.0,96.0,1.0,2.2,3.0,1.0,3.0,3,1,Asymptomatic,Male,<= 120 mg/dl,Left Ventricular Hypertrophy,Yes,Downsloping,Normal,Senior (>=55),Month 1,1,1,0.8531,SIMULATED_MONITORING_DATA (EDUCATIONAL_USE_ONLY),PT-M01-0226,True Positive,0,High Risk (>60%)
56.0,1.0,2.0,120.0,241.0,0.0,0.0,169.0,0.0,0.0,3.0,0.0,3.0,0,0,Atypical Angina,Male,<= 120 mg/dl,Normal,No,Downsloping,Normal,Senior (>=55),Month 1,1,0,0.1109,SIMULATED_MONITORING_DATA (EDUCATIONAL_USE_ONLY),PT-M01-0227,True Negative,0,Low Risk (<40%)
43.0,1.0,4.0,148.0,248.0,0.0,0.0,171.0,0.0,1.5,1.0,0.0,3.0,0,0,Asymptomatic,Male,<= 120 mg/dl,Normal,No,Upsloping,Normal,Younger (<55),Month 1,1,0,0.1916,SIMULATED_MONITORING_DATA (EDUCATIONAL_USE_ONLY),PT-M01-0228,True Negative,0,Low Risk (<40%)
50.0,1.0,3.0,139.0,239.0,0.0,0.0,163.0,0.0,0.6,2.0,1.0,7.0,1,1,Non-Anginal Pain,Male,<= 120 mg/dl,Normal,No,Flat,Reversible Defect,Younger (<55),Month 1,1,1,0.6754,SIMULATED_MONITORING_DATA (EDUCATIONAL_USE_ONLY),PT-M01-0229,True Positive,0,High Risk (>60%)
51.0,1.0,3.0,95.0,229.0,0.0,0.0,154.0,1.0,0.0,1.0,1.0,7.0,0,0,Non-Anginal Pain,Male,<= 120 mg/dl,Normal,Yes,Upsloping,Reversible Defect,Younger (<55),Month 1,1,1,0.502,SIMULATED_MONITORING_DATA (EDUCATIONAL_USE_ONLY),PT-M01-0230,False Positive,1,Moderate Risk (40-60%)
65.0,0.0,4.0,149.0,225.0,0.0,2.0,114.0,0.0,1.0,2.0,3.0,7.0,4,1,Asymptomatic,Female,<= 120 mg/dl,Left Ventricular Hypertrophy,No,Flat,Reversible Defect,Senior (>=55),Month 1,1,1,0.8962,SIMULATED_MONITORING_DATA (EDUCATIONAL_USE_ONLY),PT-M01-0231,True Positive,0,High Risk (>60%)
44.0,1.0,2.0,120.0,261.0,0.0,0.0,173.0,0.0,0.0,1.0,0.0,7.0,0,0,Atypical Angina,Male,<= 120 mg/dl,Normal,No,Upsloping,Reversible Defect,Younger (<55),Month 1,1,0,0.2958,SIMULATED_MONITORING_DATA (EDUCATIONAL_USE_ONLY),PT-M01-0232,True Negative,0,Low Risk (<40%)
58.0,1.0,3.0,132.0,221.0,0.0,2.0,173.0,0.0,3.2,1.0,2.0,7.0,3,1,Non-Anginal Pain,Male,<= 120 mg/dl,Left Ventricular Hypertrophy,No,Upsloping,Reversible Defect,Senior (>=55),Month 1,1,1,0.6058,SIMULATED_MONITORING_DATA (EDUCATIONAL_USE_ONLY),PT-M01-0233,True Positive,0,High Risk (>60%)
45.0,1.0,1.0,109.0,264.0,0.0,0.0,132.0,0.0,1.2,2.0,0.0,7.0,1,1,Typical Angina,Male,<= 120 mg/dl,Normal,No,Flat,Reversible Defect,Younger (<55),Month 1,1,1,0.6076,SIMULATED_MONITORING_DATA (EDUCATIONAL_USE_ONLY),PT-M01-0234,True Positive,0,High Risk (>60%)
47.0,1.0,4.0,115.0,202.0,0.0,0.0,143.0,0.0,0.1,1.0,0.0,3.0,0,0,Asymptomatic,Male,<= 120 mg/dl,Normal,No,Upsloping,Normal,Younger (<55),Month 1,1,0,0.2003,SIMULATED_MONITORING_DATA (EDUCATIONAL_USE_ONLY),PT-M01-0235,True Negative,0,Low Risk (<40%)
62.0,0.0,3.0,131.0,260.0,0.0,0.0,97.0,0.0,1.2,2.0,1.0,7.0,2,1,Non-Anginal Pain,Female,<= 120 mg/dl,Normal,No,Flat,Reversible Defect,Senior (>=55),Month 1,1,1,0.753,SIMULATED_MONITORING_DATA (EDUCATIONAL_USE_ONLY),PT-M01-0236,True Positive,0,High Risk (>60%)
58.0,0.0,4.0,127.0,196.0,0.0,0.0,131.0,0.0,0.6,2.0,0.0,3.0,0,0,Asymptomatic,Female,<= 120 mg/dl,Normal,No,Flat,Normal,Senior (>=55),Month 1,1,0,0.2083,SIMULATED_MONITORING_DATA (EDUCATIONAL_USE_ONLY),PT-M01-0237,True Negative,0,Low Risk (<40%)
76.0,0.0,3.0,140.0,195.0,0.0,1.0,116.0,0.0,1.1,2.0,0.0,3.0,0,0,Non-Anginal Pain,Female,<= 120 mg/dl,ST-T Abnormality,No,Flat,Normal,Senior (>=55),Month 1,1,0,0.1602,SIMULATED_MONITORING_DATA (EDUCATIONAL_USE_ONLY),PT-M01-0238,True Negative,0,Low Risk (<40%)
59.0,1.0,4.0,137.0,274.0,0.0,2.0,182.0,0.0,0.0,1.0,0.0,3.0,0,0,Asymptomatic,Male,<= 120 mg/dl,Left Ventricular Hypertrophy,No,Upsloping,Normal,Senior (>=55),Month 1,1,0,0.3135,SIMULATED_MONITORING_DATA (EDUCATIONAL_USE_ONLY),PT-M01-0239,True Negative,0,Low Risk (<40%)
41.0,1.0,3.0,131.0,216.0,0.0,2.0,168.0,0.0,2.0,2.0,0.0,3.0,0,0,Non-Anginal Pain,Male,<= 120 mg/dl,Left Ventricular Hypertrophy,No,Flat,Normal,Younger (<55),Month 1,1,0,0.188,SIMULATED_MONITORING_DATA (EDUCATIONAL_USE_ONLY),PT-M01-0240,True Negative,0,Low Risk (<40%)
42.0,1.0,2.0,119.0,295.0,0.0,0.0,162.0,0.0,0.0,1.0,0.0,3.0,0,0,Atypical Angina,Male,<= 120 mg/dl,Normal,No,Upsloping,Normal,Younger (<55),Month 1,1,0,0.0883,SIMULATED_MONITORING_DATA (EDUCATIONAL_USE_ONLY),PT-M01-0241,True Negative,0,Low Risk (<40%)
60.0,0.0,1.0,150.0,243.0,0.0,0.0,171.0,0.0,0.9,1.0,0.0,3.0,0,0,Typical Angina,Female,<= 120 mg/dl,Normal,No,Upsloping,Normal,Senior (>=55),Month 1,1,0,0.1354,SIMULATED_MONITORING_DATA (EDUCATIONAL_USE_ONLY),PT-M01-0242,True Negative,0,Low Risk (<40%)
58.0,0.0,4.0,101.0,248.0,0.0,2.0,122.0,0.0,1.0,2.0,0.0,3.0,0,0,Asymptomatic,Female,<= 120 mg/dl,Left Ventricular Hypertrophy,No,Flat,Normal,Senior (>=55),Month 1,1,0,0.235,SIMULATED_MONITORING_DATA (EDUCATIONAL_USE_ONLY),PT-M01-0243,True Negative,0,Low Risk (<40%)
41.0,1.0,2.0,121.0,155.0,0.0,0.0,182.0,0.0,0.0,1.0,0.0,3.0,0,0,Atypical Angina,Male,<= 120 mg/dl,Normal,No,Upsloping,Normal,Younger (<55),Month 1,1,0,0.0581,SIMULATED_MONITORING_DATA (EDUCATIONAL_USE_ONLY),PT-M01-0244,True Negative,0,Low Risk (<40%)
70.0,1.0,4.0,143.0,177.0,0.0,0.0,125.0,1.0,2.6,3.0,0.0,7.0,4,1,Asymptomatic,Male,<= 120 mg/dl,Normal,Yes,Downsloping,Reversible Defect,Senior (>=55),Month 1,1,1,0.8777,SIMULATED_MONITORING_DATA (EDUCATIONAL_USE_ONLY),PT-M01-0245,True Positive,0,High Risk (>60%)
50.0,0.0,4.0,109.0,255.0,0.0,2.0,159.0,0.0,0.0,1.0,0.0,3.0,0,0,Asymptomatic,Female,<= 120 mg/dl,Left Ventricular Hypertrophy,No,Upsloping,Normal,Younger (<55),Month 1,1,0,0.1649,SIMULATED_MONITORING_DATA (EDUCATIONAL_USE_ONLY),PT-M01-0246,True Negative,0,Low Risk (<40%)
45.0,0.0,2.0,111.0,158.0,0.0,0.0,138.0,0.0,0.0,2.0,0.0,3.0,0,0,Atypical Angina,Female,<= 120 mg/dl,Normal,No,Flat,Normal,Younger (<55),Month 1,1,0,0.0914,SIMULATED_MONITORING_DATA (EDUCATIONAL_USE_ONLY),PT-M01-0247,True Negative,0,Low Risk (<40%)
44.0,1.0,3.0,129.0,233.0,0.0,0.0,179.0,1.0,0.4,1.0,0.0,3.0,0,0,Non-Anginal Pain,Male,<= 120 mg/dl,Normal,Yes,Upsloping,Normal,Younger (<55),Month 1,1,0,0.1358,SIMULATED_MONITORING_DATA (EDUCATIONAL_USE_ONLY),PT-M01-0248,True Negative,0,Low Risk (<40%)
57.0,1.0,4.0,113.0,333.0,0.0,0.0,143.0,1.0,3.0,2.0,1.0,7.0,2,1,Asymptomatic,Male,<= 120 mg/dl,Normal,Yes,Flat,Reversible Defect,Senior (>=55),Month 1,1,1,0.9615,SIMULATED_MONITORING_DATA (EDUCATIONAL_USE_ONLY),PT-M01-0249,True Positive,0,High Risk (>60%)
59.0,1.0,4.0,165.0,173.0,1.0,2.0,90.0,0.0,1.0,2.0,2.0,6.0,3,1,Asymptomatic,Male,> 120 mg/dl,Left Ventricular Hypertrophy,No,Flat,Fixed Defect,Senior (>=55),Month 1,1,1,0.8438,SIMULATED_MONITORING_DATA (EDUCATIONAL_USE_ONLY),PT-M01-0250,True Positive,0,High Risk (>60%)
66.0,0.0,3.0,155.0,286.0,0.0,2.0,150.0,0.0,0.0,2.0,1.0,3.0,0,0,Non-Anginal Pain,Female,<= 120 mg/dl,Left Ventricular Hypertrophy,No,Flat,Normal,Senior (>=55),Month 2,2,0,0.2633,SIMULATED_MONITORING_DATA (EDUCATIONAL_USE_ONLY),PT-M02-0001,True Negative,0,Low Risk (<40%)
41.0,0.0,2.0,136.0,314.0,0.0,0.0,160.0,0.0,0.0,1.0,0.0,3.0,0,0,Atypical Angina,Female,<= 120 mg/dl,Normal,No,Upsloping,Normal,Younger (<55),Month 2,2,0,0.0829,SIMULATED_MONITORING_DATA (EDUCATIONAL_USE_ONLY),PT-M02-0002,True Negative,0,Low Risk (<40%)
62.0,0.0,4.0,144.0,407.0,0.0,2.0,152.0,0.0,1.2,2.0,0.0,3.0,0,0,Asymptomatic,Female,<= 120 mg/dl,Left Ventricular Hypertrophy,No,Flat,Normal,Senior (>=55),Month 2,2,0,0.3286,SIMULATED_MONITORING_DATA (EDUCATIONAL_USE_ONLY),PT-M02-0003,True Negative,0,Low Risk (<40%)
51.0,1.0,1.0,132.0,225.0,0.0,2.0,120.0,1.0,1.4,1.0,1.0,3.0,0,0,Typical Angina,Male,<= 120 mg/dl,Left Ventricular Hypertrophy,Yes,Upsloping,Normal,Younger (<55),Month 2,2,0,0.4176,SIMULATED_MONITORING_DATA (EDUCATIONAL_USE_ONLY),PT-M02-0004,True Negative,0,Moderate Risk (40-60%)
59.0,1.0,4.0,114.0,246.0,0.0,2.0,139.0,1.0,1.2,2.0,1.0,7.0,2,1,Asymptomatic,Male,<= 120 mg/dl,Left Ventricular Hypertrophy,Yes,Flat,Reversible Defect,Senior (>=55),Month 2,2,1,0.9646,SIMULATED_MONITORING_DATA (EDUCATIONAL_USE_ONLY),PT-M02-0005,True Positive,0,High Risk (>60%)
52.0,1.0,2.0,125.0,346.0,0.0,0.0,168.0,0.0,0.2,1.0,0.0,3.0,0,0,Atypical Angina,Male,<= 120 mg/dl,Normal,No,Upsloping,Normal,Younger (<55),Month 2,2,0,0.1069,SIMULATED_MONITORING_DATA (EDUCATIONAL_USE_ONLY),PT-M02-0006,True Negative,0,Low Risk (<40%)
42.0,1.0,2.0,125.0,308.0,0.0,0.0,159.0,0.0,0.0,1.0,0.0,3.0,0,0,Atypical Angina,Male,<= 120 mg/dl,Normal,No,Upsloping,Normal,Younger (<55),Month 2,2,0,0.1121,SIMULATED_MONITORING_DATA (EDUCATIONAL_USE_ONLY),PT-M02-0007,True Negative,0,Low Risk (<40%)
48.0,1.0,4.0,135.0,267.0,1.0,2.0,147.0,1.0,0.0,1.0,2.0,7.0,3,1,Asymptomatic,Male,> 120 mg/dl,Left Ventricular Hypertrophy,Yes,Upsloping,Reversible Defect,Younger (<55),Month 2,2,1,0.7893,SIMULATED_MONITORING_DATA (EDUCATIONAL_USE_ONLY),PT-M02-0008,True Positive,0,High Risk (>60%)
42.0,0.0,4.0,107.0,273.0,0.0,2.0,120.0,0.0,0.6,2.0,0.0,3.0,0,0,Asymptomatic,Female,<= 120 mg/dl,Left Ventricular Hypertrophy,No,Flat,Normal,Younger (<55),Month 2,2,0,0.2156,SIMULATED_MONITORING_DATA (EDUCATIONAL_USE_ONLY),PT-M02-0009,True Negative,0,Low Risk (<40%)
67.0,1.0,4.0,103.0,313.0,0.0,2.0,120.0,1.0,0.9,2.0,2.0,3.0,3,1,Asymptomatic,Male,<= 120 mg/dl,Left Ventricular Hypertrophy,Yes,Flat,Normal,Senior (>=55),Month 2,2,1,0.8426,SIMULATED_MONITORING_DATA (EDUCATIONAL_USE_ONLY),PT-M02-0010,True Positive,0,High Risk (>60%)
59.0,1.0,1.0,169.0,282.0,0.0,2.0,124.0,0.0,0.0,1.0,0.0,3.0,1,1,Typical Angina,Male,<= 120 mg/dl,Left Ventricular Hypertrophy,No,Upsloping,Normal,Senior (>=55),Month 2,2,0,0.3913,SIMULATED_MONITORING_DATA (EDUCATIONAL_USE_ONLY),PT-M02-0011,False Negative,1,Low Risk (<40%)
54.0,1.0,3.0,157.0,242.0,0.0,2.0,160.0,0.0,1.6,1.0,0.0,7.0,0,0,Non-Anginal Pain,Male,<= 120 mg/dl,Left Ventricular Hypertrophy,No,Upsloping,Reversible Defect,Younger (<55),Month 2,2,0,0.3772,SIMULATED_MONITORING_DATA (EDUCATIONAL_USE_ONLY),PT-M02-0012,True Negative,0,Low Risk (<40%)
67.0,0.0,3.0,159.0,296.0,0.0,0.0,171.0,0.0,0.0,1.0,1.0,3.0,0,0,Non-Anginal Pain,Female,<= 120 mg/dl,Normal,No,Upsloping,Normal,Senior (>=55),Month 2,2,0,0.1525,SIMULATED_MONITORING_DATA (EDUCATIONAL_USE_ONLY),PT-M02-0013,True Negative,0,Low Risk (<40%)
39.0,1.0,4.0,122.0,227.0,0.0,0.0,134.0,0.0,1.2,2.0,0.0,7.0,3,1,Asymptomatic,Male,<= 120 mg/dl,Normal,No,Flat,Reversible Defect,Younger (<55),Month 2,2,1,0.815,SIMULATED_MONITORING_DATA (EDUCATIONAL_USE_ONLY),PT-M02-0014,True Positive,0,High Risk (>60%)
67.0,1.0,4.0,125.0,250.0,0.0,0.0,72.0,0.0,1.0,2.0,0.0,3.0,2,1,Asymptomatic,Male,<= 120 mg/dl,Normal,No,Flat,Normal,Senior (>=55),Month 2,2,1,0.5229,SIMULATED_MONITORING_DATA (EDUCATIONAL_USE_ONLY),PT-M02-0015,True Positive,0,Moderate Risk (40-60%)
45.0,1.0,4.0,122.0,268.0,0.0,2.0,180.0,0.0,0.0,1.0,0.0,3.0,0,0,Asymptomatic,Male,<= 120 mg/dl,Left Ventricular Hypertrophy,No,Upsloping,Normal,Younger (<55),Month 2,2,0,0.1897,SIMULATED_MONITORING_DATA (EDUCATIONAL_USE_ONLY),PT-M02-0016,True Negative,0,Low Risk (<40%)
41.0,1.0,4.0,117.0,179.0,0.0,2.0,152.0,0.0,0.0,1.0,0.0,7.0,1,1,Asymptomatic,Male,<= 120 mg/dl,Left Ventricular Hypertrophy,No,Upsloping,Reversible Defect,Younger (<55),Month 2,2,1,0.514,SIMULATED_MONITORING_DATA (EDUCATIONAL_USE_ONLY),PT-M02-0017,True Positive,0,Moderate Risk (40-60%)
76.0,0.0,3.0,145.0,210.0,0.0,1.0,112.0,0.0,1.1,2.0,0.0,3.0,0,0,Non-Anginal Pain,Female,<= 120 mg/dl,ST-T Abnormality,No,Flat,Normal,Senior (>=55),Month 2,2,0,0.21,SIMULATED_MONITORING_DATA (EDUCATIONAL_USE_ONLY),PT-M02-0018,True Negative,0,Low Risk (<40%)
52.0,1.0,3.0,181.0,205.0,1.0,0.0,156.0,0.0,0.5,1.0,0.0,7.0,0,0,Non-Anginal Pain,Male,> 120 mg/dl,Normal,No,Upsloping,Reversible Defect,Younger (<55),Month 2,2,0,0.2618,SIMULATED_MONITORING_DATA (EDUCATIONAL_USE_ONLY),PT-M02-0019,True Negative,0,Low Risk (<40%)
48.0,1.0,4.0,138.0,272.0,1.0,2.0,146.0,1.0,0.0,1.0,2.0,7.0,3,1,Asymptomatic,Male,> 120 mg/dl,Left Ventricular Hypertrophy,Yes,Upsloping,Reversible Defect,Younger (<55),Month 2,2,1,0.8031,SIMULATED_MONITORING_DATA (EDUCATIONAL_USE_ONLY),PT-M02-0020,True Positive,0,High Risk (>60%)
66.0,0.0,4.0,184.0,239.0,1.0,0.0,161.0,1.0,1.0,2.0,2.0,7.0,3,1,Asymptomatic,Female,> 120 mg/dl,Normal,Yes,Flat,Reversible Defect,Senior (>=55),Month 2,2,1,0.899,SIMULATED_MONITORING_DATA (EDUCATIONAL_USE_ONLY),PT-M02-0021,True Positive,0,High Risk (>60%)
59.0,1.0,4.0,117.0,247.0,0.0,2.0,137.0,1.0,1.2,2.0,1.0,7.0,2,1,Asymptomatic,Male,<= 120 mg/dl,Left Ventricular Hypertrophy,Yes,Flat,Reversible Defect,Senior (>=55),Month 2,2,1,0.9742,SIMULATED_MONITORING_DATA (EDUCATIONAL_USE_ONLY),PT-M02-0022,True Positive,0,High Risk (>60%)
58.0,1.0,2.0,130.0,231.0,0.0,0.0,140.0,0.0,0.4,2.0,0.0,7.0,0,0,Atypical Angina,Male,<= 120 mg/dl,Normal,No,Flat,Reversible Defect,Senior (>=55),Month 2,2,1,0.5879,SIMULATED_MONITORING_DATA (EDUCATIONAL_USE_ONLY),PT-M02-0023,False Positive,1,Moderate Risk (40-60%)
62.0,1.0,4.0,127.0,281.0,0.0,0.0,100.0,1.0,1.8,2.0,2.0,7.0,1,1,Asymptomatic,Male,<= 120 mg/dl,Normal,Yes,Flat,Reversible Defect,Senior (>=55),Month 2,2,1,0.9589,SIMULATED_MONITORING_DATA (EDUCATIONAL_USE_ONLY),PT-M02-0024,True Positive,0,High Risk (>60%)
69.0,1.0,3.0,145.0,266.0,0.0,2.0,145.0,0.0,2.0,2.0,3.0,7.0,2,1,Non-Anginal Pain,Male,<= 120 mg/dl,Left Ventricular Hypertrophy,No,Flat,Reversible Defect,Senior (>=55),Month 2,2,1,0.85,SIMULATED_MONITORING_DATA (EDUCATIONAL_USE_ONLY),PT-M02-0025,True Positive,0,High Risk (>60%)
62.0,1.0,4.0,122.0,273.0,0.0,0.0,97.0,1.0,1.8,2.0,2.0,7.0,1,1,Asymptomatic,Male,<= 120 mg/dl,Normal,Yes,Flat,Reversible Defect,Senior (>=55),Month 2,2,1,0.9606,SIMULATED_MONITORING_DATA (EDUCATIONAL_USE_ONLY),PT-M02-0026,True Positive,0,High Risk (>60%)
47.0,1.0,3.0,142.0,265.0,0.0,2.0,151.0,0.0,0.0,1.0,0.0,3.0,0,0,Non-Anginal Pain,Male,<= 120 mg/dl,Left Ventricular Hypertrophy,No,Upsloping,Normal,Younger (<55),Month 2,2,0,0.1277,SIMULATED_MONITORING_DATA (EDUCATIONAL_USE_ONLY),PT-M02-0027,True Negative,0,Low Risk (<40%)
49.0,0.0,4.0,137.0,279.0,0.0,0.0,158.0,0.0,0.0,1.0,0.0,3.0,0,0,Asymptomatic,Female,<= 120 mg/dl,Normal,No,Upsloping,Normal,Younger (<55),Month 2,2,0,0.1126,SIMULATED_MONITORING_DATA (EDUCATIONAL_USE_ONLY),PT-M02-0028,True Negative,0,Low Risk (<40%)
58.0,1.0,3.0,111.0,249.0,0.0,2.0,151.0,1.0,0.6,2.0,0.0,7.0,0,0,Non-Anginal Pain,Male,<= 120 mg/dl,Left Ventricular Hypertrophy,Yes,Flat,Reversible Defect,Senior (>=55),Month 2,2,1,0.5419,SIMULATED_MONITORING_DATA (EDUCATIONAL_USE_ONLY),PT-M02-0029,False Positive,1,Moderate Risk (40-60%)
58.0,1.0,3.0,145.0,221.0,1.0,2.0,158.0,0.0,0.0,1.0,0.0,3.0,0,0,Non-Anginal Pain,Male,> 120 mg/dl,Left Ventricular Hypertrophy,No,Upsloping,Normal,Senior (>=55),Month 2,2,0,0.1593,SIMULATED_MONITORING_DATA (EDUCATIONAL_USE_ONLY),PT-M02-0030,True Negative,0,Low Risk (<40%)
41.0,0.0,2.0,112.0,206.0,0.0,0.0,162.0,0.0,0.0,1.0,1.0,3.0,0,0,Atypical Angina,Female,<= 120 mg/dl,Normal,No,Upsloping,Normal,Younger (<55),Month 2,2,0,0.1716,SIMULATED_MONITORING_DATA (EDUCATIONAL_USE_ONLY),PT-M02-0031,True Negative,0,Low Risk (<40%)
48.0,0.0,3.0,133.0,282.0,0.0,0.0,131.0,0.0,0.2,1.0,0.0,3.0,0,0,Non-Anginal Pain,Female,<= 120 mg/dl,Normal,No,Upsloping,Normal,Younger (<55),Month 2,2,0,0.0737,SIMULATED_MONITORING_DATA (EDUCATIONAL_USE_ONLY),PT-M02-0032,True Negative,0,Low Risk (<40%)
62.0,1.0,3.0,136.0,241.0,0.0,0.0,142.0,0.0,1.8,2.0,3.0,7.0,0,0,Non-Anginal Pain,Male,<= 120 mg/dl,Normal,No,Flat,Reversible Defect,Senior (>=55),Month 2,2,1,0.8725,SIMULATED_MONITORING_DATA (EDUCATIONAL_USE_ONLY),PT-M02-0033,False Positive,1,High Risk (>60%)
58.0,1.0,4.0,117.0,333.0,0.0,1.0,137.0,0.0,4.4,3.0,3.0,6.0,4,1,Asymptomatic,Male,<= 120 mg/dl,ST-T Abnormality,No,Downsloping,Fixed Defect,Senior (>=55),Month 2,2,1,0.8117,SIMULATED_MONITORING_DATA (EDUCATIONAL_USE_ONLY),PT-M02-0034,True Positive,0,High Risk (>60%)
67.0,1.0,4.0,167.0,299.0,0.0,2.0,104.0,1.0,1.5,2.0,3.0,3.0,2,1,Asymptomatic,Male,<= 120 mg/dl,Left Ventricular Hypertrophy,Yes,Flat,Normal,Senior (>=55),Month 2,2,1,0.8823,SIMULATED_MONITORING_DATA (EDUCATIONAL_USE_ONLY),PT-M02-0035,True Positive,0,High Risk (>60%)
54.0,0.0,3.0,142.0,319.0,1.0,0.0,168.0,0.0,0.0,1.0,0.0,3.0,0,0,Non-Anginal Pain,Female,> 120 mg/dl,Normal,No,Upsloping,Normal,Younger (<55),Month 2,2,0,0.0821,SIMULATED_MONITORING_DATA (EDUCATIONAL_USE_ONLY),PT-M02-0036,True Negative,0,Low Risk (<40%)
59.0,1.0,2.0,145.0,232.0,0.0,0.0,157.0,1.0,0.0,1.0,0.0,3.0,0,0,Atypical Angina,Male,<= 120 mg/dl,Normal,Yes,Upsloping,Normal,Senior (>=55),Month 2,2,0,0.2386,SIMULATED_MONITORING_DATA (EDUCATIONAL_USE_ONLY),PT-M02-0037,True Negative,0,Low Risk (<40%)
60.0,1.0,3.0,146.0,194.0,0.0,2.0,147.0,0.0,3.0,2.0,0.0,3.0,1,1,Non-Anginal Pain,Male,<= 120 mg/dl,Left Ventricular Hypertrophy,No,Flat,Normal,Senior (>=55),Month 2,2,0,0.3036,SIMULATED_MONITORING_DATA (EDUCATIONAL_USE_ONLY),PT-M02-0038,False Negative,1,Low Risk (<40%)
63.0,1.0,4.0,139.0,264.0,0.0,2.0,143.0,0.0,1.4,2.0,1.0,7.0,2,1,Asymptomatic,Male,<= 120 mg/dl,Left Ventricular Hypertrophy,No,Flat,Reversible Defect,Senior (>=55),Month 2,2,1,0.9488,SIMULATED_MONITORING_DATA (EDUCATIONAL_USE_ONLY),PT-M02-0039,True Positive,0,High Risk (>60%)
74.0,0.0,2.0,125.0,275.0,0.0,2.0,119.0,1.0,0.2,1.0,1.0,3.0,0,0,Atypical Angina,Female,<= 120 mg/dl,Left Ventricular Hypertrophy,Yes,Upsloping,Normal,Senior (>=55),Month 2,2,0,0.3685,SIMULATED_MONITORING_DATA (EDUCATIONAL_USE_ONLY),PT-M02-0040,True Negative,0,Low Risk (<40%)
48.0,1.0,3.0,132.0,266.0,1.0,0.0,173.0,0.0,0.0,1.0,2.0,3.0,0,0,Non-Anginal Pain,Male,> 120 mg/dl,Normal,No,Upsloping,Normal,Younger (<55),Month 2,2,0,0.1883,SIMULATED_MONITORING_DATA (EDUCATIONAL_USE_ONLY),PT-M02-0041,True Negative,0,Low Risk (<40%)
44.0,1.0,3.0,134.0,243.0,0.0,0.0,173.0,1.0,0.4,1.0,0.0,3.0,0,0,Non-Anginal Pain,Male,<= 120 mg/dl,Normal,Yes,Upsloping,Normal,Younger (<55),Month 2,2,0,0.114,SIMULATED_MONITORING_DATA (EDUCATIONAL_USE_ONLY),PT-M02-0042,True Negative,0,Low Risk (<40%)
57.0,1.0,4.0,148.0,200.0,0.0,0.0,146.0,0.0,0.4,2.0,0.0,6.0,0,0,Asymptomatic,Male,<= 120 mg/dl,Normal,No,Flat,Fixed Defect,Senior (>=55),Month 2,2,0,0.4015,SIMULATED_MONITORING_DATA (EDUCATIONAL_USE_ONLY),PT-M02-0043,True Negative,0,Moderate Risk (40-60%)
58.0,1.0,3.0,150.0,216.0,1.0,2.0,160.0,0.0,0.0,1.0,0.0,3.0,0,0,Non-Anginal Pain,Male,> 120 mg/dl,Left Ventricular Hypertrophy,No,Upsloping,Normal,Senior (>=55),Month 2,2,0,0.1755,SIMULATED_MONITORING_DATA (EDUCATIONAL_USE_ONLY),PT-M02-0044,True Negative,0,Low Risk (<40%)
65.0,1.0,4.0,137.0,261.0,0.0,2.0,123.0,0.0,2.8,2.0,1.0,7.0,2,1,Asymptomatic,Male,<= 120 mg/dl,Left Ventricular Hypertrophy,No,Flat,Reversible Defect,Senior (>=55),Month 2,2,1,0.9461,SIMULATED_MONITORING_DATA (EDUCATIONAL_USE_ONLY),PT-M02-0045,True Positive,0,High Risk (>60%)
44.0,1.0,2.0,135.0,231.0,0.0,2.0,184.0,0.0,0.0,1.0,0.0,3.0,0,0,Atypical Angina,Male,<= 120 mg/dl,Left Ventricular Hypertrophy,No,Upsloping,Normal,Younger (<55),Month 2,2,0,0.096,SIMULATED_MONITORING_DATA (EDUCATIONAL_USE_ONLY),PT-M02-0046,True Negative,0,Low Risk (<40%)
58.0,0.0,1.0,159.0,294.0,1.0,2.0,158.0,0.0,1.0,1.0,0.0,3.0,0,0,Typical Angina,Female,> 120 mg/dl,Left Ventricular Hypertrophy,No,Upsloping,Normal,Senior (>=55),Month 2,2,0,0.2265,SIMULATED_MONITORING_DATA (EDUCATIONAL_USE_ONLY),PT-M02-0047,True Negative,0,Low Risk (<40%)
62.0,0.0,4.0,157.0,256.0,0.0,0.0,146.0,1.0,1.4,2.0,0.0,3.0,1,1,Asymptomatic,Female,<= 120 mg/dl,Normal,Yes,Flat,Normal,Senior (>=55),Month 2,2,1,0.5129,SIMULATED_MONITORING_DATA (EDUCATIONAL_USE_ONLY),PT-M02-0048,True Positive,0,Moderate Risk (40-60%)
55.0,1.0,4.0,148.0,226.0,0.0,0.0,111.0,1.0,5.6,3.0,0.0,7.0,3,1,Asymptomatic,Male,<= 120 mg/dl,Normal,Yes,Downsloping,Reversible Defect,Senior (>=55),Month 2,2,1,0.8987,SIMULATED_MONITORING_DATA (EDUCATIONAL_USE_ONLY),PT-M02-0049,True Positive,0,High Risk (>60%)
54.0,1.0,4.0,127.0,298.0,0.0,2.0,115.0,1.0,3.2,2.0,2.0,3.0,3,1,Asymptomatic,Male,<= 120 mg/dl,Left Ventricular Hypertrophy,Yes,Flat,Normal,Younger (<55),Month 2,2,1,0.8232,SIMULATED_MONITORING_DATA (EDUCATIONAL_USE_ONLY),PT-M02-0050,True Positive,0,High Risk (>60%)
42.0,0.0,3.0,126.0,220.0,0.0,0.0,167.0,0.0,0.0,2.0,0.0,3.0,0,0,Non-Anginal Pain,Female,<= 120 mg/dl,Normal,No,Flat,Normal,Younger (<55),Month 2,2,0,0.0449,SIMULATED_MONITORING_DATA (EDUCATIONAL_USE_ONLY),PT-M02-0051,True Negative,0,Low Risk (<40%)
41.0,0.0,3.0,117.0,277.0,0.0,2.0,168.0,1.0,0.0,1.0,0.0,3.0,0,0,Non-Anginal Pain,Female,<= 120 mg/dl,Left Ventricular Hypertrophy,Yes,Upsloping,Normal,Younger (<55),Month 2,2,0,0.1073,SIMULATED_MONITORING_DATA (EDUCATIONAL_USE_ONLY),PT-M02-0052,True Negative,0,Low Risk (<40%)
49.0,1.0,3.0,128.0,196.0,0.0,0.0,136.0,0.0,2.0,2.0,3.0,7.0,3,1,Non-Anginal Pain,Male,<= 120 mg/dl,Normal,No,Flat,Reversible Defect,Younger (<55),Month 2,2,1,0.7976,SIMULATED_MONITORING_DATA (EDUCATIONAL_USE_ONLY),PT-M02-0053,True Positive,0,High Risk (>60%)
62.0,1.0,2.0,135.0,215.0,1.0,2.0,136.0,0.0,0.0,1.0,0.0,3.0,0,0,Atypical Angina,Male,> 120 mg/dl,Left Ventricular Hypertrophy,No,Upsloping,Normal,Senior (>=55),Month 2,2,0,0.2434,SIMULATED_MONITORING_DATA (EDUCATIONAL_USE_ONLY),PT-M02-0054,True Negative,0,Low Risk (<40%)
65.0,0.0,4.0,158.0,233.0,0.0,2.0,109.0,0.0,1.0,2.0,3.0,7.0,4,1,Asymptomatic,Female,<= 120 mg/dl,Left Ventricular Hypertrophy,No,Flat,Reversible Defect,Senior (>=55),Month 2,2,1,0.8903,SIMULATED_MONITORING_DATA (EDUCATIONAL_USE_ONLY),PT-M02-0055,True Positive,0,High Risk (>60%)
44.0,1.0,4.0,115.0,204.0,0.0,2.0,170.0,0.0,0.0,1.0,1.0,3.0,1,1,Asymptomatic,Male,<= 120 mg/dl,Left Ventricular Hypertrophy,No,Upsloping,Normal,Younger (<55),Month 2,2,1,0.5022,SIMULATED_MONITORING_DATA (EDUCATIONAL_USE_ONLY),PT-M02-0056,True Positive,0,Moderate Risk (40-60%)
62.0,1.0,2.0,133.0,217.0,1.0,2.0,136.0,0.0,0.0,1.0,0.0,3.0,0,0,Atypical Angina,Male,> 120 mg/dl,Left Ventricular Hypertrophy,No,Upsloping,Normal,Senior (>=55),Month 2,2,0,0.2408,SIMULATED_MONITORING_DATA (EDUCATIONAL_USE_ONLY),PT-M02-0057,True Negative,0,Low Risk (<40%)
67.0,0.0,3.0,159.0,287.0,0.0,0.0,169.0,0.0,0.0,1.0,1.0,3.0,0,0,Non-Anginal Pain,Female,<= 120 mg/dl,Normal,No,Upsloping,Normal,Senior (>=55),Month 2,2,0,0.1517,SIMULATED_MONITORING_DATA (EDUCATIONAL_USE_ONLY),PT-M02-0058,True Negative,0,Low Risk (<40%)
58.0,1.0,4.0,135.0,228.0,0.0,2.0,128.0,1.0,2.2,2.0,3.0,7.0,1,1,Asymptomatic,Male,<= 120 mg/dl,Left Ventricular Hypertrophy,Yes,Flat,Reversible Defect,Senior (>=55),Month 2,2,1,0.9683,SIMULATED_MONITORING_DATA (EDUCATIONAL_USE_ONLY),PT-M02-0059,True Positive,0,High Risk (>60%)
34.0,1.0,1.0,123.0,187.0,0.0,2.0,168.0,0.0,0.0,1.0,0.0,3.0,0,0,Typical Angina,Male,<= 120 mg/dl,Left Ventricular Hypertrophy,No,Upsloping,Normal,Younger (<55),Month 2,2,0,0.0932,SIMULATED_MONITORING_DATA (EDUCATIONAL_USE_ONLY),PT-M02-0060,True Negative,0,Low Risk (<40%)
50.0,0.0,3.0,127.0,227.0,0.0,0.0,155.0,0.0,1.6,2.0,0.0,3.0,0,0,Non-Anginal Pain,Female,<= 120 mg/dl,Normal,No,Flat,Normal,Younger (<55),Month 2,2,0,0.0868,SIMULATED_MONITORING_DATA (EDUCATIONAL_USE_ONLY),PT-M02-0061,True Negative,0,Low Risk (<40%)
58.0,0.0,1.0,162.0,293.0,1.0,2.0,151.0,0.0,1.0,1.0,0.0,3.0,0,0,Typical Angina,Female,> 120 mg/dl,Left Ventricular Hypertrophy,No,Upsloping,Normal,Senior (>=55),Month 2,2,0,0.2296,SIMULATED_MONITORING_DATA (EDUCATIONAL_USE_ONLY),PT-M02-0062,True Negative,0,Low Risk (<40%)
62.0,1.0,4.0,128.0,282.0,0.0,0.0,98.0,1.0,1.8,2.0,2.0,7.0,1,1,Asymptomatic,Male,<= 120 mg/dl,Normal,Yes,Flat,Reversible Defect,Senior (>=55),Month 2,2,1,0.9589,SIMULATED_MONITORING_DATA (EDUCATIONAL_USE_ONLY),PT-M02-0063,True Positive,0,High Risk (>60%)
71.0,0.0,2.0,167.0,315.0,0.0,0.0,154.0,0.0,0.4,1.0,2.0,3.0,0,0,Atypical Angina,Female,<= 120 mg/dl,Normal,No,Upsloping,Normal,Senior (>=55),Month 2,2,0,0.2122,SIMULATED_MONITORING_DATA (EDUCATIONAL_USE_ONLY),PT-M02-0064,True Negative,0,Low Risk (<40%)
29.0,1.0,2.0,139.0,215.0,0.0,2.0,195.0,0.0,0.0,1.0,0.0,3.0,0,0,Atypical Angina,Male,<= 120 mg/dl,Left Ventricular Hypertrophy,No,Upsloping,Normal,Younger (<55),Month 2,2,0,0.0888,SIMULATED_MONITORING_DATA (EDUCATIONAL_USE_ONLY),PT-M02-0065,True Negative,0,Low Risk (<40%)
42.0,0.0,3.0,125.0,213.0,0.0,0.0,166.0,0.0,0.0,2.0,0.0,3.0,0,0,Non-Anginal Pain,Female,<= 120 mg/dl,Normal,No,Flat,Normal,Younger (<55),Month 2,2,0,0.0437,SIMULATED_MONITORING_DATA (EDUCATIONAL_USE_ONLY),PT-M02-0066,True Negative,0,Low Risk (<40%)
63.0,0.0,4.0,153.0,424.0,0.0,2.0,147.0,0.0,4.0,2.0,3.0,7.0,4,1,Asymptomatic,Female,<= 120 mg/dl,Left Ventricular Hypertrophy,No,Flat,Reversible Defect,Senior (>=55),Month 2,2,1,0.8928,SIMULATED_MONITORING_DATA (EDUCATIONAL_USE_ONLY),PT-M02-0067,True Positive,0,High Risk (>60%)
60.0,1.0,4.0,121.0,242.0,1.0,0.0,158.0,1.0,1.4,1.0,2.0,7.0,2,1,Asymptomatic,Male,> 120 mg/dl,Normal,Yes,Upsloping,Reversible Defect,Senior (>=55),Month 2,2,1,0.8685,SIMULATED_MONITORING_DATA (EDUCATIONAL_USE_ONLY),PT-M02-0068,True Positive,0,High Risk (>60%)
47.0,1.0,4.0,112.0,286.0,0.0,2.0,114.0,1.0,1.0,2.0,1.0,3.0,1,1,Asymptomatic,Male,<= 120 mg/dl,Left Ventricular Hypertrophy,Yes,Flat,Normal,Younger (<55),Month 2,2,1,0.8058,SIMULATED_MONITORING_DATA (EDUCATIONAL_USE_ONLY),PT-M02-0069,True Positive,0,High Risk (>60%)
58.0,1.0,2.0,125.0,299.0,0.0,2.0,156.0,0.0,1.8,2.0,0.0,3.0,1,1,Atypical Angina,Male,<= 120 mg/dl,Left Ventricular Hypertrophy,No,Flat,Normal,Senior (>=55),Month 2,2,0,0.34,SIMULATED_MONITORING_DATA (EDUCATIONAL_USE_ONLY),PT-M02-0070,False Negative,1,Low Risk (<40%)
59.0,1.0,1.0,179.0,298.0,0.0,2.0,154.0,0.0,0.2,2.0,0.0,7.0,1,1,Typical Angina,Male,<= 120 mg/dl,Left Ventricular Hypertrophy,No,Flat,Reversible Defect,Senior (>=55),Month 2,2,1,0.5013,SIMULATED_MONITORING_DATA (EDUCATIONAL_USE_ONLY),PT-M02-0071,True Positive,0,Moderate Risk (40-60%)
39.0,0.0,3.0,102.0,211.0,0.0,0.0,175.0,0.0,0.0,1.0,0.0,3.0,0,0,Non-Anginal Pain,Female,<= 120 mg/dl,Normal,No,Upsloping,Normal,Younger (<55),Month 2,2,0,0.0323,SIMULATED_MONITORING_DATA (EDUCATIONAL_USE_ONLY),PT-M02-0072,True Negative,0,Low Risk (<40%)
43.0,1.0,3.0,137.0,334.0,0.0,0.0,157.0,0.0,1.9,1.0,1.0,3.0,0,0,Non-Anginal Pain,Male,<= 120 mg/dl,Normal,No,Upsloping,Normal,Younger (<55),Month 2,2,0,0.2016,SIMULATED_MONITORING_DATA (EDUCATIONAL_USE_ONLY),PT-M02-0073,True Negative,0,Low Risk (<40%)
45.0,0.0,4.0,144.0,244.0,0.0,2.0,145.0,1.0,0.2,2.0,0.0,3.0,0,0,Asymptomatic,Female,<= 120 mg/dl,Left Ventricular Hypertrophy,Yes,Flat,Normal,Younger (<55),Month 2,2,0,0.3577,SIMULATED_MONITORING_DATA (EDUCATIONAL_USE_ONLY),PT-M02-0074,True Negative,0,Low Risk (<40%)
46.0,1.0,4.0,149.0,322.0,0.0,0.0,118.0,1.0,1.8,2.0,2.0,7.0,2,1,Asymptomatic,Male,<= 120 mg/dl,Normal,Yes,Flat,Reversible Defect,Younger (<55),Month 2,2,1,0.9669,SIMULATED_MONITORING_DATA (EDUCATIONAL_USE_ONLY),PT-M02-0075,True Positive,0,High Risk (>60%)
41.0,0.0,2.0,132.0,217.0,0.0,2.0,166.0,0.0,1.4,1.0,0.0,3.0,0,0,Atypical Angina,Female,<= 120 mg/dl,Left Ventricular Hypertrophy,No,Upsloping,Normal,Younger (<55),Month 2,2,0,0.0524,SIMULATED_MONITORING_DATA (EDUCATIONAL_USE_ONLY),PT-M02-0076,True Negative,0,Low Risk (<40%)
59.0,1.0,3.0,133.0,231.0,1.0,0.0,127.0,0.0,2.2,2.0,1.0,6.0,2,1,Non-Anginal Pain,Male,> 120 mg/dl,Normal,No,Flat,Fixed Defect,Senior (>=55),Month 2,2,1,0.7808,SIMULATED_MONITORING_DATA (EDUCATIONAL_USE_ONLY),PT-M02-0077,True Positive,0,High Risk (>60%)
59.0,1.0,4.0,174.0,181.0,1.0,2.0,86.0,0.0,1.0,2.0,2.0,6.0,3,1,Asymptomatic,Male,> 120 mg/dl,Left Ventricular Hypertrophy,No,Flat,Fixed Defect,Senior (>=55),Month 2,2,1,0.8438,SIMULATED_MONITORING_DATA (EDUCATIONAL_USE_ONLY),PT-M02-0078,True Positive,0,High Risk (>60%)
65.0,0.0,4.0,155.0,233.0,0.0,2.0,114.0,0.0,1.0,2.0,3.0,7.0,4,1,Asymptomatic,Female,<= 120 mg/dl,Left Ventricular Hypertrophy,No,Flat,Reversible Defect,Senior (>=55),Month 2,2,1,0.8961,SIMULATED_MONITORING_DATA (EDUCATIONAL_USE_ONLY),PT-M02-0079,True Positive,0,High Risk (>60%)
48.0,1.0,3.0,132.0,264.0,1.0,0.0,171.0,0.0,0.0,1.0,2.0,3.0,0,0,Non-Anginal Pain,Male,> 120 mg/dl,Normal,No,Upsloping,Normal,Younger (<55),Month 2,2,0,0.1852,SIMULATED_MONITORING_DATA (EDUCATIONAL_USE_ONLY),PT-M02-0080,True Negative,0,Low Risk (<40%)
68.0,0.0,3.0,127.0,215.0,0.0,2.0,111.0,0.0,1.5,2.0,0.0,3.0,0,0,Non-Anginal Pain,Female,<= 120 mg/dl,Left Ventricular Hypertrophy,No,Flat,Normal,Senior (>=55),Month 2,2,0,0.2423,SIMULATED_MONITORING_DATA (EDUCATIONAL_USE_ONLY),PT-M02-0081,True Negative,0,Low Risk (<40%)
37.0,0.0,3.0,125.0,221.0,0.0,0.0,164.0,0.0,0.0,1.0,0.0,3.0,0,0,Non-Anginal Pain,Female,<= 120 mg/dl,Normal,No,Upsloping,Normal,Younger (<55),Month 2,2,0,0.0309,SIMULATED_MONITORING_DATA (EDUCATIONAL_USE_ONLY),PT-M02-0082,True Negative,0,Low Risk (<40%)
54.0,0.0,3.0,169.0,206.0,0.0,0.0,157.0,0.0,0.0,1.0,1.0,3.0,0,0,Non-Anginal Pain,Female,<= 120 mg/dl,Normal,No,Upsloping,Normal,Younger (<55),Month 2,2,0,0.1554,SIMULATED_MONITORING_DATA (EDUCATIONAL_USE_ONLY),PT-M02-0083,True Negative,0,Low Risk (<40%)
60.0,1.0,4.0,152.0,302.0,0.0,2.0,169.0,0.0,1.2,2.0,2.0,7.0,2,1,Asymptomatic,Male,<= 120 mg/dl,Left Ventricular Hypertrophy,No,Flat,Reversible Defect,Senior (>=55),Month 2,2,1,0.9047,SIMULATED_MONITORING_DATA (EDUCATIONAL_USE_ONLY),PT-M02-0084,True Positive,0,High Risk (>60%)
54.0,1.0,2.0,202.0,294.0,0.0,2.0,190.0,0.0,0.0,1.0,1.0,7.0,1,1,Atypical Angina,Male,<= 120 mg/dl,Left Ventricular Hypertrophy,No,Upsloping,Reversible Defect,Younger (<55),Month 2,2,1,0.587,SIMULATED_MONITORING_DATA (EDUCATIONAL_USE_ONLY),PT-M02-0085,True Positive,0,Moderate Risk (40-60%)
63.0,0.0,4.0,158.0,424.0,0.0,2.0,150.0,0.0,4.0,2.0,3.0,7.0,4,1,Asymptomatic,Female,<= 120 mg/dl,Left Ventricular Hypertrophy,No,Flat,Reversible Defect,Senior (>=55),Month 2,2,1,0.8839,SIMULATED_MONITORING_DATA (EDUCATIONAL_USE_ONLY),PT-M02-0086,True Positive,0,High Risk (>60%)
48.0,1.0,4.0,127.0,236.0,0.0,2.0,182.0,0.0,0.0,1.0,0.0,3.0,0,0,Asymptomatic,Male,<= 120 mg/dl,Left Ventricular Hypertrophy,No,Upsloping,Normal,Younger (<55),Month 2,2,0,0.1915,SIMULATED_MONITORING_DATA (EDUCATIONAL_USE_ONLY),PT-M02-0087,True Negative,0,Low Risk (<40%)
41.0,1.0,3.0,116.0,257.0,0.0,0.0,174.0,0.0,0.0,1.0,0.0,3.0,0,0,Non-Anginal Pain,Male,<= 120 mg/dl,Normal,No,Upsloping,Normal,Younger (<55),Month 2,2,0,0.0803,SIMULATED_MONITORING_DATA (EDUCATIONAL_USE_ONLY),PT-M02-0088,True Negative,0,Low Risk (<40%)
65.0,0.0,3.0,170.0,377.0,0.0,2.0,146.0,0.0,0.8,1.0,0.0,3.0,0,0,Non-Anginal Pain,Female,<= 120 mg/dl,Left Ventricular Hypertrophy,No,Upsloping,Normal,Senior (>=55),Month 2,2,0,0.2254,SIMULATED_MONITORING_DATA (EDUCATIONAL_USE_ONLY),PT-M02-0089,True Negative,0,Low Risk (<40%)
54.0,0.0,2.0,137.0,299.0,1.0,2.0,154.0,1.0,0.0,1.0,1.0,3.0,0,0,Atypical Angina,Female,> 120 mg/dl,Left Ventricular Hypertrophy,Yes,Upsloping,Normal,Younger (<55),Month 2,2,0,0.3028,SIMULATED_MONITORING_DATA (EDUCATIONAL_USE_ONLY),PT-M02-0090,True Negative,0,Low Risk (<40%)
56.0,1.0,4.0,139.0,191.0,0.0,2.0,102.0,1.0,2.1,2.0,1.0,6.0,1,1,Asymptomatic,Male,<= 120 mg/dl,Left Ventricular Hypertrophy,Yes,Flat,Fixed Defect,Senior (>=55),Month 2,2,1,0.9049,SIMULATED_MONITORING_DATA (EDUCATIONAL_USE_ONLY),PT-M02-0091,True Positive,0,High Risk (>60%)
56.0,0.0,4.0,205.0,302.0,1.0,2.0,129.0,1.0,4.0,3.0,2.0,7.0,3,1,Asymptomatic,Female,> 120 mg/dl,Left Ventricular Hypertrophy,Yes,Downsloping,Reversible Defect,Senior (>=55),Month 2,2,1,0.9485,SIMULATED_MONITORING_DATA (EDUCATIONAL_USE_ONLY),PT-M02-0092,True Positive,0,High Risk (>60%)
40.0,1.0,4.0,116.0,170.0,0.0,2.0,112.0,1.0,2.0,2.0,0.0,7.0,3,1,Asymptomatic,Male,<= 120 mg/dl,Left Ventricular Hypertrophy,Yes,Flat,Reversible Defect,Younger (<55),Month 2,2,1,0.9084,SIMULATED_MONITORING_DATA (EDUCATIONAL_USE_ONLY),PT-M02-0093,True Positive,0,High Risk (>60%)
48.0,1.0,4.0,131.0,286.0,0.0,2.0,161.0,0.0,0.5,2.0,0.0,7.0,3,1,Asymptomatic,Male,<= 120 mg/dl,Left Ventricular Hypertrophy,No,Flat,Reversible Defect,Younger (<55),Month 2,2,1,0.7111,SIMULATED_MONITORING_DATA (EDUCATIONAL_USE_ONLY),PT-M02-0094,True Positive,0,High Risk (>60%)
50.0,0.0,2.0,128.0,254.0,0.0,0.0,159.0,0.0,1.1,1.0,0.0,3.0,0,0,Atypical Angina,Female,<= 120 mg/dl,Normal,No,Upsloping,Normal,Younger (<55),Month 2,2,0,0.0517,SIMULATED_MONITORING_DATA (EDUCATIONAL_USE_ONLY),PT-M02-0095,True Negative,0,Low Risk (<40%)
60.0,0.0,4.0,165.0,319.0,0.0,2.0,156.0,0.0,0.0,1.0,0.0,3.0,1,1,Asymptomatic,Female,<= 120 mg/dl,Left Ventricular Hypertrophy,No,Upsloping,Normal,Senior (>=55),Month 2,2,0,0.3961,SIMULATED_MONITORING_DATA (EDUCATIONAL_USE_ONLY),PT-M02-0096,False Negative,1,Low Risk (<40%)
63.0,1.0,1.0,152.0,243.0,1.0,2.0,146.0,0.0,2.3,3.0,0.0,6.0,0,0,Typical Angina,Male,> 120 mg/dl,Left Ventricular Hypertrophy,No,Downsloping,Fixed Defect,Senior (>=55),Month 2,2,0,0.3926,SIMULATED_MONITORING_DATA (EDUCATIONAL_USE_ONLY),PT-M02-0097,True Negative,0,Low Risk (<40%)
66.0,1.0,4.0,116.0,228.0,0.0,2.0,124.0,1.0,0.1,1.0,1.0,3.0,2,1,Asymptomatic,Male,<= 120 mg/dl,Left Ventricular Hypertrophy,Yes,Upsloping,Normal,Senior (>=55),Month 2,2,1,0.7326,SIMULATED_MONITORING_DATA (EDUCATIONAL_USE_ONLY),PT-M02-0098,True Positive,0,High Risk (>60%)
66.0,1.0,4.0,167.0,235.0,0.0,2.0,136.0,0.0,2.3,1.0,0.0,6.0,0,0,Asymptomatic,Male,<= 120 mg/dl,Left Ventricular Hypertrophy,No,Upsloping,Fixed Defect,Senior (>=55),Month 2,2,1,0.6052,SIMULATED_MONITORING_DATA (EDUCATIONAL_USE_ONLY),PT-M02-0099,False Positive,1,High Risk (>60%)
57.0,0.0,4.0,148.0,249.0,0.0,0.0,120.0,1.0,0.2,2.0,0.0,7.0,1,1,Asymptomatic,Female,<= 120 mg/dl,Normal,Yes,Flat,Reversible Defect,Senior (>=55),Month 2,2,1,0.7373,SIMULATED_MONITORING_DATA (EDUCATIONAL_USE_ONLY),PT-M02-0100,True Positive,0,High Risk (>60%)
56.0,1.0,4.0,140.0,189.0,0.0,2.0,104.0,1.0,2.1,2.0,1.0,6.0,1,1,Asymptomatic,Male,<= 120 mg/dl,Left Ventricular Hypertrophy,Yes,Flat,Fixed Defect,Senior (>=55),Month 2,2,1,0.9049,SIMULATED_MONITORING_DATA (EDUCATIONAL_USE_ONLY),PT-M02-0101,True Positive,0,High Risk (>60%)
52.0,1.0,1.0,122.0,192.0,0.0,2.0,179.0,0.0,0.0,2.0,0.0,6.0,0,0,Typical Angina,Male,<= 120 mg/dl,Left Ventricular Hypertrophy,No,Flat,Fixed Defect,Younger (<55),Month 2,2,0,0.1807,SIMULATED_MONITORING_DATA (EDUCATIONAL_USE_ONLY),PT-M02-0102,True Negative,0,Low Risk (<40%)
50.0,0.0,2.0,128.0,252.0,0.0,0.0,161.0,0.0,1.1,1.0,0.0,3.0,0,0,Atypical Angina,Female,<= 120 mg/dl,Normal,No,Upsloping,Normal,Younger (<55),Month 2,2,0,0.0471,SIMULATED_MONITORING_DATA (EDUCATIONAL_USE_ONLY),PT-M02-0103,True Negative,0,Low Risk (<40%)
51.0,0.0,3.0,139.0,270.0,0.0,2.0,144.0,0.0,0.5,1.0,0.0,3.0,0,0,Non-Anginal Pain,Female,<= 120 mg/dl,Left Ventricular Hypertrophy,No,Upsloping,Normal,Younger (<55),Month 2,2,0,0.0551,SIMULATED_MONITORING_DATA (EDUCATIONAL_USE_ONLY),PT-M02-0104,True Negative,0,Low Risk (<40%)
52.0,1.0,4.0,118.0,243.0,0.0,0.0,157.0,0.0,0.0,1.0,1.0,3.0,1,1,Asymptomatic,Male,<= 120 mg/dl,Normal,No,Upsloping,Normal,Younger (<55),Month 2,2,0,0.4542,SIMULATED_MONITORING_DATA (EDUCATIONAL_USE_ONLY),PT-M02-0105,False Negative,1,Moderate Risk (40-60%)
35.0,1.0,4.0,130.0,204.0,0.0,0.0,124.0,1.0,1.6,2.0,0.0,7.0,1,1,Asymptomatic,Male,<= 120 mg/dl,Normal,Yes,Flat,Reversible Defect,Younger (<55),Month 2,2,1,0.8873,SIMULATED_MONITORING_DATA (EDUCATIONAL_USE_ONLY),PT-M02-0106,True Positive,0,High Risk (>60%)
48.0,1.0,4.0,129.0,282.0,0.0,2.0,162.0,0.0,0.5,2.0,0.0,7.0,3,1,Asymptomatic,Male,<= 120 mg/dl,Left Ventricular Hypertrophy,No,Flat,Reversible Defect,Younger (<55),Month 2,2,1,0.7047,SIMULATED_MONITORING_DATA (EDUCATIONAL_USE_ONLY),PT-M02-0107,True Positive,0,High Risk (>60%)
45.0,1.0,4.0,107.0,218.0,0.0,2.0,141.0,1.0,3.0,2.0,0.0,3.0,0,0,Asymptomatic,Male,<= 120 mg/dl,Left Ventricular Hypertrophy,Yes,Flat,Normal,Younger (<55),Month 2,2,0,0.4671,SIMULATED_MONITORING_DATA (EDUCATIONAL_USE_ONLY),PT-M02-0108,True Negative,0,Moderate Risk (40-60%)
44.0,1.0,2.0,133.0,226.0,0.0,2.0,181.0,0.0,0.0,1.0,0.0,3.0,0,0,Atypical Angina,Male,<= 120 mg/dl,Left Ventricular Hypertrophy,No,Upsloping,Normal,Younger (<55),Month 2,2,0,0.0832,SIMULATED_MONITORING_DATA (EDUCATIONAL_USE_ONLY),PT-M02-0109,True Negative,0,Low Risk (<40%)
45.0,1.0,4.0,124.0,272.0,0.0,2.0,183.0,0.0,0.0,1.0,0.0,3.0,0,0,Asymptomatic,Male,<= 120 mg/dl,Left Ventricular Hypertrophy,No,Upsloping,Normal,Younger (<55),Month 2,2,0,0.2001,SIMULATED_MONITORING_DATA (EDUCATIONAL_USE_ONLY),PT-M02-0110,True Negative,0,Low Risk (<40%)
47.0,1.0,4.0,119.0,213.0,0.0,0.0,138.0,0.0,0.1,1.0,0.0,3.0,0,0,Asymptomatic,Male,<= 120 mg/dl,Normal,No,Upsloping,Normal,Younger (<55),Month 2,2,0,0.1887,SIMULATED_MONITORING_DATA (EDUCATIONAL_USE_ONLY),PT-M02-0111,True Negative,0,Low Risk (<40%)
44.0,0.0,3.0,124.0,247.0,0.0,0.0,145.0,0.0,0.3,2.0,1.0,3.0,0,0,Non-Anginal Pain,Female,<= 120 mg/dl,Normal,No,Flat,Normal,Younger (<55),Month 2,2,0,0.1789,SIMULATED_MONITORING_DATA (EDUCATIONAL_USE_ONLY),PT-M02-0112,True Negative,0,Low Risk (<40%)
51.0,0.0,3.0,137.0,271.0,0.0,2.0,146.0,0.0,0.5,1.0,0.0,3.0,0,0,Non-Anginal Pain,Female,<= 120 mg/dl,Left Ventricular Hypertrophy,No,Upsloping,Normal,Younger (<55),Month 2,2,0,0.061,SIMULATED_MONITORING_DATA (EDUCATIONAL_USE_ONLY),PT-M02-0113,True Negative,0,Low Risk (<40%)
56.0,1.0,1.0,124.0,206.0,0.0,2.0,158.0,0.0,1.9,2.0,0.0,7.0,0,0,Typical Angina,Male,<= 120 mg/dl,Left Ventricular Hypertrophy,No,Flat,Reversible Defect,Senior (>=55),Month 2,2,0,0.4022,SIMULATED_MONITORING_DATA (EDUCATIONAL_USE_ONLY),PT-M02-0114,True Negative,0,Moderate Risk (40-60%)
54.0,1.0,4.0,120.0,247.0,0.0,0.0,123.0,1.0,2.8,2.0,1.0,7.0,3,1,Asymptomatic,Male,<= 120 mg/dl,Normal,Yes,Flat,Reversible Defect,Younger (<55),Month 2,2,1,0.9724,SIMULATED_MONITORING_DATA (EDUCATIONAL_USE_ONLY),PT-M02-0115,True Positive,0,High Risk (>60%)
35.0,1.0,4.0,126.0,205.0,0.0,0.0,127.0,1.0,1.6,2.0,0.0,7.0,1,1,Asymptomatic,Male,<= 120 mg/dl,Normal,Yes,Flat,Reversible Defect,Younger (<55),Month 2,2,1,0.8829,SIMULATED_MONITORING_DATA (EDUCATIONAL_USE_ONLY),PT-M02-0116,True Positive,0,High Risk (>60%)
59.0,1.0,1.0,168.0,285.0,0.0,2.0,126.0,0.0,0.0,1.0,0.0,3.0,1,1,Typical Angina,Male,<= 120 mg/dl,Left Ventricular Hypertrophy,No,Upsloping,Normal,Senior (>=55),Month 2,2,0,0.3875,SIMULATED_MONITORING_DATA (EDUCATIONAL_USE_ONLY),PT-M02-0117,False Negative,1,Low Risk (<40%)
48.0,1.0,4.0,130.0,232.0,0.0,2.0,180.0,0.0,0.0,1.0,0.0,3.0,0,0,Asymptomatic,Male,<= 120 mg/dl,Left Ventricular Hypertrophy,No,Upsloping,Normal,Younger (<55),Month 2,2,0,0.185,SIMULATED_MONITORING_DATA (EDUCATIONAL_USE_ONLY),PT-M02-0118,True Negative,0,Low Risk (<40%)
63.0,1.0,4.0,137.0,345.0,1.0,2.0,128.0,1.0,1.8,1.0,3.0,7.0,3,1,Asymptomatic,Male,> 120 mg/dl,Left Ventricular Hypertrophy,Yes,Upsloping,Reversible Defect,Senior (>=55),Month 2,2,1,0.9284,SIMULATED_MONITORING_DATA (EDUCATIONAL_USE_ONLY),PT-M02-0119,True Positive,0,High Risk (>60%)
52.0,1.0,4.0,132.0,227.0,0.0,0.0,165.0,0.0,1.0,1.0,2.0,7.0,3,1,Asymptomatic,Male,<= 120 mg/dl,Normal,No,Upsloping,Reversible Defect,Younger (<55),Month 2,2,1,0.7804,SIMULATED_MONITORING_DATA (EDUCATIONAL_USE_ONLY),PT-M02-0120,True Positive,0,High Risk (>60%)
44.0,1.0,2.0,124.0,228.0,0.0,0.0,167.0,0.0,0.0,1.0,0.0,3.0,0,0,Atypical Angina,Male,<= 120 mg/dl,Normal,No,Upsloping,Normal,Younger (<55),Month 2,2,0,0.0614,SIMULATED_MONITORING_DATA (EDUCATIONAL_USE_ONLY),PT-M02-0121,True Negative,0,Low Risk (<40%)
52.0,1.0,1.0,161.0,308.0,1.0,0.0,175.0,0.0,1.2,2.0,0.0,7.0,0,0,Typical Angina,Male,> 120 mg/dl,Normal,No,Flat,Reversible Defect,Younger (<55),Month 2,2,0,0.4614,SIMULATED_MONITORING_DATA (EDUCATIONAL_USE_ONLY),PT-M02-0122,True Negative,0,Moderate Risk (40-60%)
58.0,0.0,3.0,130.0,349.0,0.0,0.0,168.0,0.0,0.0,1.0,0.0,3.0,0,0,Non-Anginal Pain,Female,<= 120 mg/dl,Normal,No,Upsloping,Normal,Senior (>=55),Month 2,2,0,0.1564,SIMULATED_MONITORING_DATA (EDUCATIONAL_USE_ONLY),PT-M02-0123,True Negative,0,Low Risk (<40%)
70.0,1.0,3.0,171.0,278.0,0.0,0.0,106.0,1.0,2.9,2.0,1.0,7.0,3,1,Non-Anginal Pain,Male,<= 120 mg/dl,Normal,Yes,Flat,Reversible Defect,Senior (>=55),Month 2,2,1,0.8669,SIMULATED_MONITORING_DATA (EDUCATIONAL_USE_ONLY),PT-M02-0124,True Positive,0,High Risk (>60%)
65.0,0.0,3.0,166.0,280.0,0.0,0.0,147.0,0.0,0.8,1.0,0.0,3.0,0,0,Non-Anginal Pain,Female,<= 120 mg/dl,Normal,No,Upsloping,Normal,Senior (>=55),Month 2,2,0,0.1453,SIMULATED_MONITORING_DATA (EDUCATIONAL_USE_ONLY),PT-M02-0125,True Negative,0,Low Risk (<40%)
42.0,0.0,3.0,125.0,223.0,0.0,0.0,166.0,0.0,0.0,2.0,0.0,3.0,0,0,Non-Anginal Pain,Female,<= 120 mg/dl,Normal,No,Flat,Normal,Younger (<55),Month 2,2,0,0.0468,SIMULATED_MONITORING_DATA (EDUCATIONAL_USE_ONLY),PT-M02-0126,True Negative,0,Low Risk (<40%)
60.0,1.0,4.0,121.0,238.0,1.0,0.0,156.0,1.0,1.4,1.0,2.0,7.0,2,1,Asymptomatic,Male,> 120 mg/dl,Normal,Yes,Upsloping,Reversible Defect,Senior (>=55),Month 2,2,1,0.8628,SIMULATED_MONITORING_DATA (EDUCATIONAL_USE_ONLY),PT-M02-0127,True Positive,0,High Risk (>60%)
60.0,1.0,4.0,123.0,240.0,1.0,0.0,154.0,1.0,1.4,1.0,2.0,7.0,2,1,Asymptomatic,Male,> 120 mg/dl,Normal,Yes,Upsloping,Reversible Defect,Senior (>=55),Month 2,2,1,0.8701,SIMULATED_MONITORING_DATA (EDUCATIONAL_USE_ONLY),PT-M02-0128,True Positive,0,High Risk (>60%)
50.0,0.0,4.0,116.0,264.0,0.0,2.0,154.0,0.0,0.0,1.0,0.0,3.0,0,0,Asymptomatic,Female,<= 120 mg/dl,Left Ventricular Hypertrophy,No,Upsloping,Normal,Younger (<55),Month 2,2,0,0.1509,SIMULATED_MONITORING_DATA (EDUCATIONAL_USE_ONLY),PT-M02-0129,True Negative,0,Low Risk (<40%)
57.0,1.0,4.0,149.0,203.0,0.0,0.0,144.0,0.0,0.4,2.0,0.0,6.0,0,0,Asymptomatic,Male,<= 120 mg/dl,Normal,No,Flat,Fixed Defect,Senior (>=55),Month 2,2,0,0.419,SIMULATED_MONITORING_DATA (EDUCATIONAL_USE_ONLY),PT-M02-0130,True Negative,0,Moderate Risk (40-60%)
62.0,0.0,4.0,154.0,261.0,0.0,0.0,150.0,1.0,1.4,2.0,0.0,3.0,1,1,Asymptomatic,Female,<= 120 mg/dl,Normal,Yes,Flat,Normal,Senior (>=55),Month 2,2,0,0.4922,SIMULATED_MONITORING_DATA (EDUCATIONAL_USE_ONLY),PT-M02-0131,False Negative,1,Moderate Risk (40-60%)
54.0,1.0,3.0,129.0,267.0,0.0,2.0,143.0,0.0,0.4,2.0,0.0,7.0,0,0,Non-Anginal Pain,Male,<= 120 mg/dl,Left Ventricular Hypertrophy,No,Flat,Reversible Defect,Younger (<55),Month 2,2,1,0.5342,SIMULATED_MONITORING_DATA (EDUCATIONAL_USE_ONLY),PT-M02-0132,False Positive,1,Moderate Risk (40-60%)
66.0,0.0,1.0,157.0,234.0,0.0,0.0,114.0,0.0,2.6,3.0,0.0,3.0,0,0,Typical Angina,Female,<= 120 mg/dl,Normal,No,Downsloping,Normal,Senior (>=55),Month 2,2,0,0.2366,SIMULATED_MONITORING_DATA (EDUCATIONAL_USE_ONLY),PT-M02-0133,True Negative,0,Low Risk (<40%)
45.0,1.0,2.0,134.0,323.0,0.0,2.0,166.0,0.0,0.0,1.0,0.0,3.0,0,0,Atypical Angina,Male,<= 120 mg/dl,Left Ventricular Hypertrophy,No,Upsloping,Normal,Younger (<55),Month 2,2,0,0.1428,SIMULATED_MONITORING_DATA (EDUCATIONAL_USE_ONLY),PT-M02-0134,True Negative,0,Low Risk (<40%)
49.0,1.0,3.0,124.0,198.0,0.0,0.0,134.0,0.0,2.0,2.0,3.0,7.0,3,1,Non-Anginal Pain,Male,<= 120 mg/dl,Normal,No,Flat,Reversible Defect,Younger (<55),Month 2,2,1,0.7997,SIMULATED_MONITORING_DATA (EDUCATIONAL_USE_ONLY),PT-M02-0135,True Positive,0,High Risk (>60%)
55.0,1.0,4.0,144.0,231.0,0.0,0.0,110.0,1.0,5.6,3.0,0.0,7.0,3,1,Asymptomatic,Male,<= 120 mg/dl,Normal,Yes,Downsloping,Reversible Defect,Senior (>=55),Month 2,2,1,0.9089,SIMULATED_MONITORING_DATA (EDUCATIONAL_USE_ONLY),PT-M02-0136,True Positive,0,High Risk (>60%)
62.0,0.0,4.0,132.0,219.0,0.0,0.0,160.0,0.0,0.0,1.0,0.0,3.0,0,0,Asymptomatic,Female,<= 120 mg/dl,Normal,No,Upsloping,Normal,Senior (>=55),Month 2,2,0,0.2078,SIMULATED_MONITORING_DATA (EDUCATIONAL_USE_ONLY),PT-M02-0137,True Negative,0,Low Risk (<40%)
60.0,0.0,1.0,158.0,249.0,0.0,0.0,163.0,0.0,0.9,1.0,0.0,3.0,0,0,Typical Angina,Female,<= 120 mg/dl,Normal,No,Upsloping,Normal,Senior (>=55),Month 2,2,0,0.1627,SIMULATED_MONITORING_DATA (EDUCATIONAL_USE_ONLY),PT-M02-0138,True Negative,0,Low Risk (<40%)
57.0,1.0,4.0,155.0,289.0,0.0,2.0,110.0,1.0,0.6,2.0,1.0,6.0,1,1,Asymptomatic,Male,<= 120 mg/dl,Left Ventricular Hypertrophy,Yes,Flat,Fixed Defect,Senior (>=55),Month 2,2,1,0.913,SIMULATED_MONITORING_DATA (EDUCATIONAL_USE_ONLY),PT-M02-0139,True Positive,0,High Risk (>60%)
43.0,1.0,3.0,134.0,331.0,0.0,0.0,159.0,0.0,1.9,1.0,1.0,3.0,0,0,Non-Anginal Pain,Male,<= 120 mg/dl,Normal,No,Upsloping,Normal,Younger (<55),Month 2,2,0,0.1916,SIMULATED_MONITORING_DATA (EDUCATIONAL_USE_ONLY),PT-M02-0140,True Negative,0,Low Risk (<40%)
58.0,0.0,3.0,125.0,356.0,0.0,0.0,166.0,0.0,0.0,1.0,0.0,3.0,0,0,Non-Anginal Pain,Female,<= 120 mg/dl,Normal,No,Upsloping,Normal,Senior (>=55),Month 2,2,0,0.1417,SIMULATED_MONITORING_DATA (EDUCATIONAL_USE_ONLY),PT-M02-0141,True Negative,0,Low Risk (<40%)
67.0,1.0,4.0,171.0,299.0,0.0,2.0,108.0,1.0,1.5,2.0,3.0,3.0,2,1,Asymptomatic,Male,<= 120 mg/dl,Left Ventricular Hypertrophy,Yes,Flat,Normal,Senior (>=55),Month 2,2,1,0.8938,SIMULATED_MONITORING_DATA (EDUCATIONAL_USE_ONLY),PT-M02-0142,True Positive,0,High Risk (>60%)
51.0,0.0,4.0,136.0,320.0,0.0,0.0,137.0,1.0,1.2,2.0,0.0,7.0,2,1,Asymptomatic,Female,<= 120 mg/dl,Normal,Yes,Flat,Reversible Defect,Younger (<55),Month 2,2,1,0.8999,SIMULATED_MONITORING_DATA (EDUCATIONAL_USE_ONLY),PT-M02-0143,True Positive,0,High Risk (>60%)
66.0,1.0,4.0,165.0,241.0,0.0,2.0,134.0,0.0,2.3,1.0,0.0,6.0,0,0,Asymptomatic,Male,<= 120 mg/dl,Left Ventricular Hypertrophy,No,Upsloping,Fixed Defect,Senior (>=55),Month 2,2,1,0.6114,SIMULATED_MONITORING_DATA (EDUCATIONAL_USE_ONLY),PT-M02-0144,False Positive,1,High Risk (>60%)
54.0,1.0,4.0,147.0,253.0,0.0,0.0,155.0,0.0,1.2,1.0,0.0,3.0,0,0,Asymptomatic,Male,<= 120 mg/dl,Normal,No,Upsloping,Normal,Younger (<55),Month 2,2,0,0.2094,SIMULATED_MONITORING_DATA (EDUCATIONAL_USE_ONLY),PT-M02-0145,True Negative,0,Low Risk (<40%)
49.0,0.0,4.0,136.0,282.0,0.0,0.0,158.0,0.0,0.0,1.0,0.0,3.0,0,0,Asymptomatic,Female,<= 120 mg/dl,Normal,No,Upsloping,Normal,Younger (<55),Month 2,2,0,0.1189,SIMULATED_MONITORING_DATA (EDUCATIONAL_USE_ONLY),PT-M02-0146,True Negative,0,Low Risk (<40%)
50.0,1.0,3.0,142.0,242.0,0.0,0.0,156.0,0.0,0.6,2.0,1.0,7.0,1,1,Non-Anginal Pain,Male,<= 120 mg/dl,Normal,No,Flat,Reversible Defect,Younger (<55),Month 2,2,1,0.6727,SIMULATED_MONITORING_DATA (EDUCATIONAL_USE_ONLY),PT-M02-0147,True Positive,0,High Risk (>60%)
42.0,1.0,2.0,126.0,307.0,0.0,0.0,154.0,0.0,0.0,1.0,0.0,3.0,0,0,Atypical Angina,Male,<= 120 mg/dl,Normal,No,Upsloping,Normal,Younger (<55),Month 2,2,0,0.1139,SIMULATED_MONITORING_DATA (EDUCATIONAL_USE_ONLY),PT-M02-0148,True Negative,0,Low Risk (<40%)
54.0,0.0,3.0,141.0,320.0,1.0,0.0,168.0,0.0,0.0,1.0,0.0,3.0,0,0,Non-Anginal Pain,Female,> 120 mg/dl,Normal,No,Upsloping,Normal,Younger (<55),Month 2,2,0,0.0821,SIMULATED_MONITORING_DATA (EDUCATIONAL_USE_ONLY),PT-M02-0149,True Negative,0,Low Risk (<40%)
64.0,1.0,4.0,127.0,253.0,0.0,2.0,91.0,1.0,2.2,3.0,1.0,3.0,3,1,Asymptomatic,Male,<= 120 mg/dl,Left Ventricular Hypertrophy,Yes,Downsloping,Normal,Senior (>=55),Month 2,2,1,0.8524,SIMULATED_MONITORING_DATA (EDUCATIONAL_USE_ONLY),PT-M02-0150,True Positive,0,High Risk (>60%)
71.0,0.0,3.0,119.0,277.0,1.0,2.0,124.0,0.0,0.0,1.0,1.0,3.0,0,0,Non-Anginal Pain,Female,> 120 mg/dl,Left Ventricular Hypertrophy,No,Upsloping,Normal,Senior (>=55),Month 2,2,0,0.1798,SIMULATED_MONITORING_DATA (EDUCATIONAL_USE_ONLY),PT-M02-0151,True Negative,0,Low Risk (<40%)
44.0,1.0,2.0,128.0,272.0,0.0,0.0,164.0,0.0,0.0,1.0,0.0,7.0,0,0,Atypical Angina,Male,<= 120 mg/dl,Normal,No,Upsloping,Reversible Defect,Younger (<55),Month 2,2,0,0.3135,SIMULATED_MONITORING_DATA (EDUCATIONAL_USE_ONLY),PT-M02-0152,True Negative,0,Low Risk (<40%)
51.0,0.0,4.0,136.0,317.0,0.0,0.0,136.0,1.0,1.2,2.0,0.0,7.0,2,1,Asymptomatic,Female,<= 120 mg/dl,Normal,Yes,Flat,Reversible Defect,Younger (<55),Month 2,2,1,0.8959,SIMULATED_MONITORING_DATA (EDUCATIONAL_USE_ONLY),PT-M02-0153,True Positive,0,High Risk (>60%)
51.0,1.0,1.0,129.0,225.0,0.0,2.0,119.0,1.0,1.4,1.0,1.0,3.0,0,0,Typical Angina,Male,<= 120 mg/dl,Left Ventricular Hypertrophy,Yes,Upsloping,Normal,Younger (<55),Month 2,2,0,0.4268,SIMULATED_MONITORING_DATA (EDUCATIONAL_USE_ONLY),PT-M02-0154,True Negative,0,Moderate Risk (40-60%)
51.0,1.0,1.0,136.0,222.0,0.0,2.0,125.0,1.0,1.4,1.0,1.0,3.0,0,0,Typical Angina,Male,<= 120 mg/dl,Left Ventricular Hypertrophy,Yes,Upsloping,Normal,Younger (<55),Month 2,2,0,0.4179,SIMULATED_MONITORING_DATA (EDUCATIONAL_USE_ONLY),PT-M02-0155,True Negative,0,Moderate Risk (40-60%)
46.0,1.0,2.0,106.0,205.0,1.0,0.0,153.0,0.0,0.0,1.0,0.0,7.0,0,0,Atypical Angina,Male,> 120 mg/dl,Normal,No,Upsloping,Reversible Defect,Younger (<55),Month 2,2,0,0.2766,SIMULATED_MONITORING_DATA (EDUCATIONAL_USE_ONLY),PT-M02-0156,True Negative,0,Low Risk (<40%)
58.0,1.0,4.0,120.0,327.0,0.0,1.0,134.0,0.0,4.4,3.0,3.0,6.0,4,1,Asymptomatic,Male,<= 120 mg/dl,ST-T Abnormality,No,Downsloping,Fixed Defect,Senior (>=55),Month 2,2,1,0.8125,SIMULATED_MONITORING_DATA (EDUCATIONAL_USE_ONLY),PT-M02-0157,True Positive,0,High Risk (>60%)
64.0,1.0,1.0,178.0,238.0,0.0,2.0,155.0,0.0,0.6,2.0,0.0,7.0,0,0,Typical Angina,Male,<= 120 mg/dl,Left Ventricular Hypertrophy,No,Flat,Reversible Defect,Senior (>=55),Month 2,2,0,0.4474,SIMULATED_MONITORING_DATA (EDUCATIONAL_USE_ONLY),PT-M02-0158,True Negative,0,Moderate Risk (40-60%)
54.0,1.0,3.0,132.0,286.0,0.0,2.0,149.0,0.0,0.5,3.0,1.0,3.0,0,0,Non-Anginal Pain,Male,<= 120 mg/dl,Left Ventricular Hypertrophy,No,Downsloping,Normal,Younger (<55),Month 2,2,0,0.2833,SIMULATED_MONITORING_DATA (EDUCATIONAL_USE_ONLY),PT-M02-0159,True Negative,0,Low Risk (<40%)
51.0,1.0,4.0,147.0,316.0,0.0,0.0,118.0,1.0,4.2,2.0,3.0,7.0,3,1,Asymptomatic,Male,<= 120 mg/dl,Normal,Yes,Flat,Reversible Defect,Younger (<55),Month 2,2,1,0.9601,SIMULATED_MONITORING_DATA (EDUCATIONAL_USE_ONLY),PT-M02-0160,True Positive,0,High Risk (>60%)
58.0,1.0,2.0,125.0,294.0,0.0,2.0,150.0,0.0,1.8,2.0,0.0,3.0,1,1,Atypical Angina,Male,<= 120 mg/dl,Left Ventricular Hypertrophy,No,Flat,Normal,Senior (>=55),Month 2,2,0,0.3556,SIMULATED_MONITORING_DATA (EDUCATIONAL_USE_ONLY),PT-M02-0161,False Negative,1,Low Risk (<40%)
63.0,0.0,2.0,146.0,203.0,0.0,0.0,178.0,0.0,0.0,1.0,2.0,3.0,0,0,Atypical Angina,Female,<= 120 mg/dl,Normal,No,Upsloping,Normal,Senior (>=55),Month 2,2,0,0.2716,SIMULATED_MONITORING_DATA (EDUCATIONAL_USE_ONLY),PT-M02-0162,True Negative,0,Low Risk (<40%)
56.0,0.0,2.0,147.0,307.0,0.0,2.0,146.0,0.0,1.3,2.0,0.0,3.0,0,0,Atypical Angina,Female,<= 120 mg/dl,Left Ventricular Hypertrophy,No,Flat,Normal,Senior (>=55),Month 2,2,0,0.1818,SIMULATED_MONITORING_DATA (EDUCATIONAL_USE_ONLY),PT-M02-0163,True Negative,0,Low Risk (<40%)
56.0,1.0,2.0,135.0,235.0,0.0,2.0,155.0,0.0,0.0,1.0,0.0,7.0,0,0,Atypical Angina,Male,<= 120 mg/dl,Left Ventricular Hypertrophy,No,Upsloping,Reversible Defect,Senior (>=55),Month 2,2,0,0.3139,SIMULATED_MONITORING_DATA (EDUCATIONAL_USE_ONLY),PT-M02-0164,True Negative,0,Low Risk (<40%)
62.0,1.0,3.0,135.0,240.0,0.0,0.0,144.0,0.0,1.8,2.0,3.0,7.0,0,0,Non-Anginal Pain,Male,<= 120 mg/dl,Normal,No,Flat,Reversible Defect,Senior (>=55),Month 2,2,1,0.8653,SIMULATED_MONITORING_DATA (EDUCATIONAL_USE_ONLY),PT-M02-0165,False Positive,1,High Risk (>60%)
57.0,1.0,2.0,130.0,272.0,0.0,0.0,142.0,0.0,0.3,1.0,0.0,7.0,1,1,Atypical Angina,Male,<= 120 mg/dl,Normal,No,Upsloping,Reversible Defect,Senior (>=55),Month 2,2,0,0.4375,SIMULATED_MONITORING_DATA (EDUCATIONAL_USE_ONLY),PT-M02-0166,False Negative,1,Moderate Risk (40-60%)
61.0,1.0,3.0,157.0,255.0,1.0,0.0,136.0,1.0,1.0,2.0,0.0,3.0,0,0,Non-Anginal Pain,Male,> 120 mg/dl,Normal,Yes,Flat,Normal,Senior (>=55),Month 2,2,0,0.4459,SIMULATED_MONITORING_DATA (EDUCATIONAL_USE_ONLY),PT-M02-0167,True Negative,0,Moderate Risk (40-60%)
58.0,0.0,2.0,146.0,332.0,1.0,2.0,149.0,0.0,0.0,1.0,2.0,3.0,3,1,Atypical Angina,Female,> 120 mg/dl,Left Ventricular Hypertrophy,No,Upsloping,Normal,Senior (>=55),Month 2,2,0,0.342,SIMULATED_MONITORING_DATA (EDUCATIONAL_USE_ONLY),PT-M02-0168,False Negative,1,Low Risk (<40%)
65.0,0.0,3.0,142.0,432.0,1.0,2.0,153.0,0.0,0.8,1.0,1.0,3.0,0,0,Non-Anginal Pain,Female,> 120 mg/dl,Left Ventricular Hypertrophy,No,Upsloping,Normal,Senior (>=55),Month 2,2,0,0.1741,SIMULATED_MONITORING_DATA (EDUCATIONAL_USE_ONLY),PT-M02-0169,True Negative,0,Low Risk (<40%)
58.0,1.0,3.0,141.0,234.0,0.0,2.0,170.0,0.0,3.2,1.0,2.0,7.0,3,1,Non-Anginal Pain,Male,<= 120 mg/dl,Left Ventricular Hypertrophy,No,Upsloping,Reversible Defect,Senior (>=55),Month 2,2,1,0.6228,SIMULATED_MONITORING_DATA (EDUCATIONAL_USE_ONLY),PT-M02-0170,True Positive,0,High Risk (>60%)
52.0,1.0,4.0,137.0,268.0,0.0,0.0,158.0,1.0,0.0,1.0,1.0,7.0,1,1,Asymptomatic,Male,<= 120 mg/dl,Normal,Yes,Upsloping,Reversible Defect,Younger (<55),Month 2,2,1,0.7436,SIMULATED_MONITORING_DATA (EDUCATIONAL_USE_ONLY),PT-M02-0171,True Positive,0,High Risk (>60%)
58.0,0.0,2.0,139.0,329.0,1.0,2.0,148.0,0.0,0.0,1.0,2.0,3.0,3,1,Atypical Angina,Female,> 120 mg/dl,Left Ventricular Hypertrophy,No,Upsloping,Normal,Senior (>=55),Month 2,2,0,0.3531,SIMULATED_MONITORING_DATA (EDUCATIONAL_USE_ONLY),PT-M02-0172,False Negative,1,Low Risk (<40%)
34.0,0.0,2.0,123.0,219.0,0.0,0.0,186.0,0.0,0.7,1.0,0.0,3.0,0,0,Atypical Angina,Female,<= 120 mg/dl,Normal,No,Upsloping,Normal,Younger (<55),Month 2,2,0,0.0257,SIMULATED_MONITORING_DATA (EDUCATIONAL_USE_ONLY),PT-M02-0173,True Negative,0,Low Risk (<40%)
67.0,1.0,4.0,125.0,244.0,0.0,0.0,70.0,0.0,1.0,2.0,0.0,3.0,2,1,Asymptomatic,Male,<= 120 mg/dl,Normal,No,Flat,Normal,Senior (>=55),Month 2,2,1,0.5197,SIMULATED_MONITORING_DATA (EDUCATIONAL_USE_ONLY),PT-M02-0174,True Positive,0,Moderate Risk (40-60%)
66.0,0.0,1.0,155.0,239.0,0.0,0.0,109.0,0.0,2.6,3.0,0.0,3.0,0,0,Typical Angina,Female,<= 120 mg/dl,Normal,No,Downsloping,Normal,Senior (>=55),Month 2,2,0,0.2855,SIMULATED_MONITORING_DATA (EDUCATIONAL_USE_ONLY),PT-M02-0175,True Negative,0,Low Risk (<40%)
63.0,1.0,4.0,145.0,190.0,0.0,2.0,139.0,1.0,4.0,1.0,2.0,7.0,2,1,Asymptomatic,Male,<= 120 mg/dl,Left Ventricular Hypertrophy,Yes,Upsloping,Reversible Defect,Senior (>=55),Month 2,2,1,0.9304,SIMULATED_MONITORING_DATA (EDUCATIONAL_USE_ONLY),PT-M02-0176,True Positive,0,High Risk (>60%)
70.0,1.0,4.0,150.0,179.0,0.0,0.0,118.0,1.0,2.6,3.0,0.0,7.0,4,1,Asymptomatic,Male,<= 120 mg/dl,Normal,Yes,Downsloping,Reversible Defect,Senior (>=55),Month 2,2,1,0.8738,SIMULATED_MONITORING_DATA (EDUCATIONAL_USE_ONLY),PT-M02-0177,True Positive,0,High Risk (>60%)
43.0,1.0,4.0,142.0,258.0,1.0,2.0,139.0,1.0,0.1,2.0,0.0,7.0,1,1,Asymptomatic,Male,> 120 mg/dl,Left Ventricular Hypertrophy,Yes,Flat,Reversible Defect,Younger (<55),Month 2,2,1,0.8124,SIMULATED_MONITORING_DATA (EDUCATIONAL_USE_ONLY),PT-M02-0178,True Positive,0,High Risk (>60%)
68.0,0.0,3.0,128.0,224.0,0.0,2.0,110.0,0.0,1.5,2.0,0.0,3.0,0,0,Non-Anginal Pain,Female,<= 120 mg/dl,Left Ventricular Hypertrophy,No,Flat,Normal,Senior (>=55),Month 2,2,0,0.2493,SIMULATED_MONITORING_DATA (EDUCATIONAL_USE_ONLY),PT-M02-0179,True Negative,0,Low Risk (<40%)
59.0,1.0,4.0,150.0,184.0,0.0,0.0,155.0,1.0,0.0,1.0,1.0,7.0,2,1,Asymptomatic,Male,<= 120 mg/dl,Normal,Yes,Upsloping,Reversible Defect,Senior (>=55),Month 2,2,1,0.755,SIMULATED_MONITORING_DATA (EDUCATIONAL_USE_ONLY),PT-M02-0180,True Positive,0,High Risk (>60%)
70.0,1.0,4.0,138.0,333.0,0.0,2.0,106.0,0.0,2.4,2.0,3.0,3.0,1,1,Asymptomatic,Male,<= 120 mg/dl,Left Ventricular Hypertrophy,No,Flat,Normal,Senior (>=55),Month 2,2,1,0.7484,SIMULATED_MONITORING_DATA (EDUCATIONAL_USE_ONLY),PT-M02-0181,True Positive,0,High Risk (>60%)
51.0,0.0,3.0,134.0,272.0,0.0,2.0,147.0,0.0,0.5,1.0,0.0,3.0,0,0,Non-Anginal Pain,Female,<= 120 mg/dl,Left Ventricular Hypertrophy,No,Upsloping,Normal,Younger (<55),Month 2,2,0,0.0517,SIMULATED_MONITORING_DATA (EDUCATIONAL_USE_ONLY),PT-M02-0182,True Negative,0,Low Risk (<40%)
57.0,0.0,2.0,135.0,241.0,0.0,2.0,171.0,0.0,0.0,2.0,1.0,3.0,1,1,Atypical Angina,Female,<= 120 mg/dl,Left Ventricular Hypertrophy,No,Flat,Normal,Senior (>=55),Month 2,2,0,0.3965,SIMULATED_MONITORING_DATA (EDUCATIONAL_USE_ONLY),PT-M02-0183,False Negative,1,Low Risk (<40%)
63.0,1.0,4.0,148.0,188.0,0.0,2.0,137.0,1.0,4.0,1.0,2.0,7.0,2,1,Asymptomatic,Male,<= 120 mg/dl,Left Ventricular Hypertrophy,Yes,Upsloping,Reversible Defect,Senior (>=55),Month 2,2,1,0.9254,SIMULATED_MONITORING_DATA (EDUCATIONAL_USE_ONLY),PT-M02-0184,True Positive,0,High Risk (>60%)
60.0,1.0,4.0,134.0,216.0,0.0,2.0,126.0,1.0,2.4,2.0,2.0,7.0,4,1,Asymptomatic,Male,<= 120 mg/dl,Left Ventricular Hypertrophy,Yes,Flat,Reversible Defect,Senior (>=55),Month 2,2,1,0.9836,SIMULATED_MONITORING_DATA (EDUCATIONAL_USE_ONLY),PT-M02-0185,True Positive,0,High Risk (>60%)
50.0,1.0,4.0,159.0,251.0,0.0,2.0,126.0,0.0,2.6,2.0,0.0,7.0,4,1,Asymptomatic,Male,<= 120 mg/dl,Left Ventricular Hypertrophy,No,Flat,Reversible Defect,Younger (<55),Month 2,2,1,0.8738,SIMULATED_MONITORING_DATA (EDUCATIONAL_USE_ONLY),PT-M02-0186,True Positive,0,High Risk (>60%)
71.0,0.0,2.0,168.0,311.0,0.0,0.0,155.0,0.0,0.4,1.0,2.0,3.0,0,0,Atypical Angina,Female,<= 120 mg/dl,Normal,No,Upsloping,Normal,Senior (>=55),Month 2,2,0,0.2082,SIMULATED_MONITORING_DATA (EDUCATIONAL_USE_ONLY),PT-M02-0187,True Negative,0,Low Risk (<40%)
51.0,0.0,3.0,136.0,268.0,0.0,2.0,144.0,0.0,0.5,1.0,0.0,3.0,0,0,Non-Anginal Pain,Female,<= 120 mg/dl,Left Ventricular Hypertrophy,No,Upsloping,Normal,Younger (<55),Month 2,2,0,0.0551,SIMULATED_MONITORING_DATA (EDUCATIONAL_USE_ONLY),PT-M02-0188,True Negative,0,Low Risk (<40%)
61.0,1.0,4.0,127.0,271.0,0.0,0.0,137.0,1.0,3.6,2.0,1.0,7.0,2,1,Asymptomatic,Male,<= 120 mg/dl,Normal,Yes,Flat,Reversible Defect,Senior (>=55),Month 2,2,1,0.981,SIMULATED_MONITORING_DATA (EDUCATIONAL_USE_ONLY),PT-M02-0189,True Positive,0,High Risk (>60%)
52.0,1.0,1.0,160.0,308.0,1.0,0.0,171.0,0.0,1.2,2.0,0.0,7.0,0,0,Typical Angina,Male,> 120 mg/dl,Normal,No,Flat,Reversible Defect,Younger (<55),Month 2,2,0,0.46,SIMULATED_MONITORING_DATA (EDUCATIONAL_USE_ONLY),PT-M02-0190,True Negative,0,Moderate Risk (40-60%)
45.0,1.0,1.0,115.0,271.0,0.0,0.0,128.0,0.0,1.2,2.0,0.0,7.0,1,1,Typical Angina,Male,<= 120 mg/dl,Normal,No,Flat,Reversible Defect,Younger (<55),Month 2,2,1,0.6122,SIMULATED_MONITORING_DATA (EDUCATIONAL_USE_ONLY),PT-M02-0191,True Positive,0,High Risk (>60%)
65.0,1.0,4.0,128.0,187.0,0.0,0.0,133.0,0.0,0.4,1.0,0.0,7.0,0,0,Asymptomatic,Male,<= 120 mg/dl,Normal,No,Upsloping,Reversible Defect,Senior (>=55),Month 2,2,0,0.4705,SIMULATED_MONITORING_DATA (EDUCATIONAL_USE_ONLY),PT-M02-0192,True Negative,0,Moderate Risk (40-60%)
64.0,1.0,3.0,129.0,323.0,0.0,0.0,126.0,1.0,1.8,2.0,0.0,7.0,1,1,Non-Anginal Pain,Male,<= 120 mg/dl,Normal,Yes,Flat,Reversible Defect,Senior (>=55),Month 2,2,1,0.8222,SIMULATED_MONITORING_DATA (EDUCATIONAL_USE_ONLY),PT-M02-0193,True Positive,0,High Risk (>60%)
63.0,1.0,1.0,153.0,242.0,1.0,2.0,146.0,0.0,2.3,3.0,0.0,6.0,0,0,Typical Angina,Male,> 120 mg/dl,Left Ventricular Hypertrophy,No,Downsloping,Fixed Defect,Senior (>=55),Month 2,2,0,0.3926,SIMULATED_MONITORING_DATA (EDUCATIONAL_USE_ONLY),PT-M02-0194,True Negative,0,Low Risk (<40%)
49.0,1.0,2.0,138.0,282.0,0.0,0.0,163.0,0.0,0.6,1.0,0.0,3.0,0,0,Atypical Angina,Male,<= 120 mg/dl,Normal,No,Upsloping,Normal,Younger (<55),Month 2,2,0,0.0854,SIMULATED_MONITORING_DATA (EDUCATIONAL_USE_ONLY),PT-M02-0195,True Negative,0,Low Risk (<40%)
29.0,1.0,2.0,136.0,209.0,0.0,2.0,197.0,0.0,0.0,1.0,0.0,3.0,0,0,Atypical Angina,Male,<= 120 mg/dl,Left Ventricular Hypertrophy,No,Upsloping,Normal,Younger (<55),Month 2,2,0,0.0819,SIMULATED_MONITORING_DATA (EDUCATIONAL_USE_ONLY),PT-M02-0196,True Negative,0,Low Risk (<40%)
50.0,0.0,4.0,116.0,260.0,0.0,2.0,154.0,0.0,0.0,1.0,0.0,3.0,0,0,Asymptomatic,Female,<= 120 mg/dl,Left Ventricular Hypertrophy,No,Upsloping,Normal,Younger (<55),Month 2,2,0,0.1492,SIMULATED_MONITORING_DATA (EDUCATIONAL_USE_ONLY),PT-M02-0197,True Negative,0,Low Risk (<40%)
63.0,1.0,4.0,134.0,262.0,0.0,2.0,144.0,0.0,1.4,2.0,1.0,7.0,2,1,Asymptomatic,Male,<= 120 mg/dl,Left Ventricular Hypertrophy,No,Flat,Reversible Defect,Senior (>=55),Month 2,2,1,0.9471,SIMULATED_MONITORING_DATA (EDUCATIONAL_USE_ONLY),PT-M02-0198,True Positive,0,High Risk (>60%)
60.0,1.0,4.0,149.0,305.0,0.0,2.0,165.0,0.0,1.2,2.0,2.0,7.0,2,1,Asymptomatic,Male,<= 120 mg/dl,Left Ventricular Hypertrophy,No,Flat,Reversible Defect,Senior (>=55),Month 2,2,1,0.9062,SIMULATED_MONITORING_DATA (EDUCATIONAL_USE_ONLY),PT-M02-0199,True Positive,0,High Risk (>60%)
58.0,1.0,4.0,153.0,227.0,0.0,0.0,105.0,0.0,2.0,2.0,1.0,7.0,1,1,Asymptomatic,Male,<= 120 mg/dl,Normal,No,Flat,Reversible Defect,Senior (>=55),Month 2,2,1,0.9243,SIMULATED_MONITORING_DATA (EDUCATIONAL_USE_ONLY),PT-M02-0200,True Positive,0,High Risk (>60%)
57.0,1.0,2.0,161.0,241.0,0.0,2.0,159.0,0.0,0.0,1.0,1.0,3.0,1,1,Atypical Angina,Male,<= 120 mg/dl,Left Ventricular Hypertrophy,No,Upsloping,Normal,Senior (>=55),Month 2,2,0,0.4757,SIMULATED_MONITORING_DATA (EDUCATIONAL_USE_ONLY),PT-M02-0201,False Negative,1,Moderate Risk (40-60%)
44.0,1.0,4.0,128.0,177.0,0.0,0.0,139.0,1.0,2.8,3.0,0.0,6.0,2,1,Asymptomatic,Male,<= 120 mg/dl,Normal,Yes,Downsloping,Fixed Defect,Younger (<55),Month 2,2,1,0.6836,SIMULATED_MONITORING_DATA (EDUCATIONAL_USE_ONLY),PT-M02-0202,True Positive,0,High Risk (>60%)
67.0,1.0,4.0,125.0,234.0,0.0,2.0,125.0,1.0,2.6,2.0,2.0,7.0,1,1,Asymptomatic,Male,<= 120 mg/dl,Left Ventricular Hypertrophy,Yes,Flat,Reversible Defect,Senior (>=55),Month 2,2,1,0.9696,SIMULATED_MONITORING_DATA (EDUCATIONAL_USE_ONLY),PT-M02-0203,True Positive,0,High Risk (>60%)
41.0,1.0,3.0,115.0,264.0,0.0,0.0,175.0,0.0,0.0,1.0,0.0,3.0,0,0,Non-Anginal Pain,Male,<= 120 mg/dl,Normal,No,Upsloping,Normal,Younger (<55),Month 2,2,0,0.0803,SIMULATED_MONITORING_DATA (EDUCATIONAL_USE_ONLY),PT-M02-0204,True Negative,0,Low Risk (<40%)
62.0,0.0,4.0,142.0,306.0,1.0,0.0,103.0,0.0,1.9,2.0,3.0,3.0,2,1,Asymptomatic,Female,> 120 mg/dl,Normal,No,Flat,Normal,Senior (>=55),Month 2,2,1,0.6355,SIMULATED_MONITORING_DATA (EDUCATIONAL_USE_ONLY),PT-M02-0205,True Positive,0,High Risk (>60%)
58.0,0.0,4.0,106.0,261.0,0.0,2.0,118.0,0.0,1.0,2.0,0.0,3.0,0,0,Asymptomatic,Female,<= 120 mg/dl,Left Ventricular Hypertrophy,No,Flat,Normal,Senior (>=55),Month 2,2,0,0.2633,SIMULATED_MONITORING_DATA (EDUCATIONAL_USE_ONLY),PT-M02-0206,True Negative,0,Low Risk (<40%)
35.0,1.0,4.0,130.0,294.0,0.0,2.0,150.0,1.0,0.0,1.0,0.0,7.0,1,1,Asymptomatic,Male,<= 120 mg/dl,Left Ventricular Hypertrophy,Yes,Upsloping,Reversible Defect,Younger (<55),Month 2,2,1,0.6725,SIMULATED_MONITORING_DATA (EDUCATIONAL_USE_ONLY),PT-M02-0207,True Positive,0,High Risk (>60%)
53.0,1.0,4.0,133.0,295.0,0.0,0.0,91.0,1.0,2.0,2.0,2.0,7.0,3,1,Asymptomatic,Male,<= 120 mg/dl,Normal,Yes,Flat,Reversible Defect,Younger (<55),Month 2,2,1,0.9625,SIMULATED_MONITORING_DATA (EDUCATIONAL_USE_ONLY),PT-M02-0208,True Positive,0,High Risk (>60%)
59.0,1.0,1.0,164.0,286.0,0.0,2.0,118.0,0.0,0.0,1.0,0.0,3.0,1,1,Typical Angina,Male,<= 120 mg/dl,Left Ventricular Hypertrophy,No,Upsloping,Normal,Senior (>=55),Month 2,2,0,0.3949,SIMULATED_MONITORING_DATA (EDUCATIONAL_USE_ONLY),PT-M02-0209,False Negative,1,Low Risk (<40%)
56.0,0.0,4.0,205.0,301.0,1.0,2.0,133.0,1.0,4.0,3.0,2.0,7.0,3,1,Asymptomatic,Female,> 120 mg/dl,Left Ventricular Hypertrophy,Yes,Downsloping,Reversible Defect,Senior (>=55),Month 2,2,1,0.9568,SIMULATED_MONITORING_DATA (EDUCATIONAL_USE_ONLY),PT-M02-0210,True Positive,0,High Risk (>60%)
60.0,1.0,4.0,137.0,265.0,0.0,0.0,137.0,1.0,1.4,1.0,1.0,7.0,1,1,Asymptomatic,Male,<= 120 mg/dl,Normal,Yes,Upsloping,Reversible Defect,Senior (>=55),Month 2,2,1,0.9024,SIMULATED_MONITORING_DATA (EDUCATIONAL_USE_ONLY),PT-M02-0211,True Positive,0,High Risk (>60%)
50.0,0.0,3.0,126.0,232.0,0.0,0.0,152.0,0.0,1.6,2.0,0.0,3.0,0,0,Non-Anginal Pain,Female,<= 120 mg/dl,Normal,No,Flat,Normal,Younger (<55),Month 2,2,0,0.1045,SIMULATED_MONITORING_DATA (EDUCATIONAL_USE_ONLY),PT-M02-0212,True Negative,0,Low Risk (<40%)
57.0,1.0,2.0,161.0,242.0,0.0,2.0,158.0,0.0,0.0,1.0,1.0,3.0,1,1,Atypical Angina,Male,<= 120 mg/dl,Left Ventricular Hypertrophy,No,Upsloping,Normal,Senior (>=55),Month 2,2,0,0.4757,SIMULATED_MONITORING_DATA (EDUCATIONAL_USE_ONLY),PT-M02-0213,False Negative,1,Moderate Risk (40-60%)
60.0,0.0,4.0,158.0,270.0,0.0,2.0,154.0,0.0,2.6,2.0,2.0,7.0,3,1,Asymptomatic,Female,<= 120 mg/dl,Left Ventricular Hypertrophy,No,Flat,Reversible Defect,Senior (>=55),Month 2,2,1,0.9113,SIMULATED_MONITORING_DATA (EDUCATIONAL_USE_ONLY),PT-M02-0214,True Positive,0,High Risk (>60%)
51.0,0.0,3.0,147.0,320.0,0.0,2.0,137.0,0.0,1.5,1.0,1.0,3.0,0,0,Non-Anginal Pain,Female,<= 120 mg/dl,Left Ventricular Hypertrophy,No,Upsloping,Normal,Younger (<55),Month 2,2,0,0.1829,SIMULATED_MONITORING_DATA (EDUCATIONAL_USE_ONLY),PT-M02-0215,True Negative,0,Low Risk (<40%)
40.0,1.0,4.0,118.0,178.0,0.0,2.0,113.0,1.0,2.0,2.0,0.0,7.0,3,1,Asymptomatic,Male,<= 120 mg/dl,Left Ventricular Hypertrophy,Yes,Flat,Reversible Defect,Younger (<55),Month 2,2,1,0.9106,SIMULATED_MONITORING_DATA (EDUCATIONAL_USE_ONLY),PT-M02-0216,True Positive,0,High Risk (>60%)
54.0,0.0,2.0,139.0,297.0,1.0,2.0,153.0,1.0,0.0,1.0,1.0,3.0,0,0,Atypical Angina,Female,> 120 mg/dl,Left Ventricular Hypertrophy,Yes,Upsloping,Normal,Younger (<55),Month 2,2,0,0.3044,SIMULATED_MONITORING_DATA (EDUCATIONAL_USE_ONLY),PT-M02-0217,True Negative,0,Low Risk (<40%)
58.0,0.0,3.0,126.0,359.0,0.0,0.0,167.0,0.0,0.0,1.0,0.0,3.0,0,0,Non-Anginal Pain,Female,<= 120 mg/dl,Normal,No,Upsloping,Normal,Senior (>=55),Month 2,2,0,0.1479,SIMULATED_MONITORING_DATA (EDUCATIONAL_USE_ONLY),PT-M02-0218,True Negative,0,Low Risk (<40%)
58.0,1.0,4.0,153.0,227.0,0.0,0.0,100.0,0.0,2.0,2.0,1.0,7.0,1,1,Asymptomatic,Male,<= 120 mg/dl,Normal,No,Flat,Reversible Defect,Senior (>=55),Month 2,2,1,0.9243,SIMULATED_MONITORING_DATA (EDUCATIONAL_USE_ONLY),PT-M02-0219,True Positive,0,High Risk (>60%)
43.0,1.0,3.0,136.0,323.0,0.0,0.0,161.0,0.0,1.9,1.0,1.0,3.0,0,0,Non-Anginal Pain,Male,<= 120 mg/dl,Normal,No,Upsloping,Normal,Younger (<55),Month 2,2,0,0.19,SIMULATED_MONITORING_DATA (EDUCATIONAL_USE_ONLY),PT-M02-0220,True Negative,0,Low Risk (<40%)
52.0,1.0,2.0,135.0,214.0,1.0,0.0,176.0,0.0,0.0,1.0,0.0,3.0,0,0,Atypical Angina,Male,> 120 mg/dl,Normal,No,Upsloping,Normal,Younger (<55),Month 2,2,0,0.0614,SIMULATED_MONITORING_DATA (EDUCATIONAL_USE_ONLY),PT-M02-0221,True Negative,0,Low Risk (<40%)
46.0,1.0,2.0,103.0,203.0,1.0,0.0,152.0,0.0,0.0,1.0,0.0,7.0,0,0,Atypical Angina,Male,> 120 mg/dl,Normal,No,Upsloping,Reversible Defect,Younger (<55),Month 2,2,0,0.2859,SIMULATED_MONITORING_DATA (EDUCATIONAL_USE_ONLY),PT-M02-0222,True Negative,0,Low Risk (<40%)
67.0,1.0,4.0,165.0,300.0,0.0,2.0,106.0,1.0,1.5,2.0,3.0,3.0,2,1,Asymptomatic,Male,<= 120 mg/dl,Left Ventricular Hypertrophy,Yes,Flat,Normal,Senior (>=55),Month 2,2,1,0.8823,SIMULATED_MONITORING_DATA (EDUCATIONAL_USE_ONLY),PT-M02-0223,True Positive,0,High Risk (>60%)
52.0,1.0,4.0,136.0,263.0,0.0,0.0,157.0,1.0,0.0,1.0,1.0,7.0,1,1,Asymptomatic,Male,<= 120 mg/dl,Normal,Yes,Upsloping,Reversible Defect,Younger (<55),Month 2,2,1,0.738,SIMULATED_MONITORING_DATA (EDUCATIONAL_USE_ONLY),PT-M02-0224,True Positive,0,High Risk (>60%)
64.0,1.0,4.0,126.0,255.0,0.0,2.0,93.0,1.0,2.2,3.0,1.0,3.0,3,1,Asymptomatic,Male,<= 120 mg/dl,Left Ventricular Hypertrophy,Yes,Downsloping,Normal,Senior (>=55),Month 2,2,1,0.8495,SIMULATED_MONITORING_DATA (EDUCATIONAL_USE_ONLY),PT-M02-0225,True Positive,0,High Risk (>60%)
45.0,1.0,4.0,149.0,316.0,0.0,2.0,142.0,1.0,0.0,2.0,3.0,7.0,3,1,Asymptomatic,Male,<= 120 mg/dl,Left Ventricular Hypertrophy,Yes,Flat,Reversible Defect,Younger (<55),Month 2,2,1,0.8619,SIMULATED_MONITORING_DATA (EDUCATIONAL_USE_ONLY),PT-M02-0226,True Positive,0,High Risk (>60%)
50.0,0.0,4.0,116.0,263.0,0.0,2.0,154.0,0.0,0.0,1.0,0.0,3.0,0,0,Asymptomatic,Female,<= 120 mg/dl,Left Ventricular Hypertrophy,No,Upsloping,Normal,Younger (<55),Month 2,2,0,0.1492,SIMULATED_MONITORING_DATA (EDUCATIONAL_USE_ONLY),PT-M02-0227,True Negative,0,Low Risk (<40%)
63.0,0.0,3.0,142.0,255.0,0.0,2.0,167.0,0.0,0.0,1.0,0.0,3.0,0,0,Non-Anginal Pain,Female,<= 120 mg/dl,Left Ventricular Hypertrophy,No,Upsloping,Normal,Senior (>=55),Month 2,2,0,0.143,SIMULATED_MONITORING_DATA (EDUCATIONAL_USE_ONLY),PT-M02-0228,True Negative,0,Low Risk (<40%)
39.0,0.0,3.0,144.0,224.0,0.0,0.0,149.0,0.0,0.0,2.0,0.0,3.0,0,0,Non-Anginal Pain,Female,<= 120 mg/dl,Normal,No,Flat,Normal,Younger (<55),Month 2,2,0,0.0847,SIMULATED_MONITORING_DATA (EDUCATIONAL_USE_ONLY),PT-M02-0229,True Negative,0,Low Risk (<40%)
40.0,1.0,4.0,158.0,234.0,0.0,0.0,180.0,0.0,0.0,1.0,0.0,7.0,1,1,Asymptomatic,Male,<= 120 mg/dl,Normal,No,Upsloping,Reversible Defect,Younger (<55),Month 2,2,1,0.5447,SIMULATED_MONITORING_DATA (EDUCATIONAL_USE_ONLY),PT-M02-0230,True Positive,0,Moderate Risk (40-60%)
56.0,1.0,4.0,139.0,194.0,0.0,2.0,101.0,1.0,2.1,2.0,1.0,6.0,1,1,Asymptomatic,Male,<= 120 mg/dl,Left Ventricular Hypertrophy,Yes,Flat,Fixed Defect,Senior (>=55),Month 2,2,1,0.9089,SIMULATED_MONITORING_DATA (EDUCATIONAL_USE_ONLY),PT-M02-0231,True Positive,0,High Risk (>60%)
52.0,1.0,2.0,124.0,339.0,0.0,0.0,164.0,0.0,0.2,1.0,0.0,3.0,0,0,Atypical Angina,Male,<= 120 mg/dl,Normal,No,Upsloping,Normal,Younger (<55),Month 2,2,0,0.1081,SIMULATED_MONITORING_DATA (EDUCATIONAL_USE_ONLY),PT-M02-0232,True Negative,0,Low Risk (<40%)
59.0,1.0,1.0,188.0,278.0,0.0,2.0,140.0,0.0,4.2,3.0,0.0,7.0,0,0,Typical Angina,Male,<= 120 mg/dl,Left Ventricular Hypertrophy,No,Downsloping,Reversible Defect,Senior (>=55),Month 2,2,1,0.5658,SIMULATED_MONITORING_DATA (EDUCATIONAL_USE_ONLY),PT-M02-0233,False Positive,1,Moderate Risk (40-60%)
59.0,1.0,1.0,183.0,281.0,0.0,2.0,146.0,0.0,4.2,3.0,0.0,7.0,0,0,Typical Angina,Male,<= 120 mg/dl,Left Ventricular Hypertrophy,No,Downsloping,Reversible Defect,Senior (>=55),Month 2,2,1,0.5466,SIMULATED_MONITORING_DATA (EDUCATIONAL_USE_ONLY),PT-M02-0234,False Positive,1,Moderate Risk (40-60%)
70.0,1.0,4.0,139.0,335.0,0.0,2.0,104.0,0.0,2.4,2.0,3.0,3.0,1,1,Asymptomatic,Male,<= 120 mg/dl,Left Ventricular Hypertrophy,No,Flat,Normal,Senior (>=55),Month 2,2,1,0.7484,SIMULATED_MONITORING_DATA (EDUCATIONAL_USE_ONLY),PT-M02-0235,True Positive,0,High Risk (>60%)
57.0,1.0,4.0,137.0,133.0,0.0,0.0,115.0,1.0,1.2,2.0,1.0,7.0,3,1,Asymptomatic,Male,<= 120 mg/dl,Normal,Yes,Flat,Reversible Defect,Senior (>=55),Month 2,2,1,0.9171,SIMULATED_MONITORING_DATA (EDUCATIONAL_USE_ONLY),PT-M02-0236,True Positive,0,High Risk (>60%)
65.0,0.0,3.0,163.0,284.0,0.0,0.0,147.0,0.0,0.8,1.0,0.0,3.0,0,0,Non-Anginal Pain,Female,<= 120 mg/dl,Normal,No,Upsloping,Normal,Senior (>=55),Month 2,2,0,0.1453,SIMULATED_MONITORING_DATA (EDUCATIONAL_USE_ONLY),PT-M02-0237,True Negative,0,Low Risk (<40%)
58.0,0.0,4.0,107.0,261.0,0.0,2.0,117.0,0.0,1.0,2.0,0.0,3.0,0,0,Asymptomatic,Female,<= 120 mg/dl,Left Ventricular Hypertrophy,No,Flat,Normal,Senior (>=55),Month 2,2,0,0.268,SIMULATED_MONITORING_DATA (EDUCATIONAL_USE_ONLY),PT-M02-0238,True Negative,0,Low Risk (<40%)
43.0,1.0,3.0,140.0,327.0,0.0,0.0,158.0,0.0,1.9,1.0,1.0,3.0,0,0,Non-Anginal Pain,Male,<= 120 mg/dl,Normal,No,Upsloping,Normal,Younger (<55),Month 2,2,0,0.1845,SIMULATED_MONITORING_DATA (EDUCATIONAL_USE_ONLY),PT-M02-0239,True Negative,0,Low Risk (<40%)
58.0,1.0,3.0,141.0,233.0,0.0,2.0,171.0,0.0,3.2,1.0,2.0,7.0,3,1,Non-Anginal Pain,Male,<= 120 mg/dl,Left Ventricular Hypertrophy,No,Upsloping,Reversible Defect,Senior (>=55),Month 2,2,1,0.6161,SIMULATED_MONITORING_DATA (EDUCATIONAL_USE_ONLY),PT-M02-0240,True Positive,0,High Risk (>60%)
64.0,1.0,1.0,112.0,220.0,0.0,2.0,139.0,1.0,1.8,2.0,0.0,3.0,0,0,Typical Angina,Male,<= 120 mg/dl,Left Ventricular Hypertrophy,Yes,Flat,Normal,Senior (>=55),Month 2,2,0,0.3869,SIMULATED_MONITORING_DATA (EDUCATIONAL_USE_ONLY),PT-M02-0241,True Negative,0,Low Risk (<40%)
62.0,0.0,4.0,144.0,273.0,0.0,2.0,155.0,0.0,3.6,3.0,2.0,3.0,3,1,Asymptomatic,Female,<= 120 mg/dl,Left Ventricular Hypertrophy,No,Downsloping,Normal,Senior (>=55),Month 2,2,1,0.5674,SIMULATED_MONITORING_DATA (EDUCATIONAL_USE_ONLY),PT-M02-0242,True Positive,0,Moderate Risk (40-60%)
42.0,0.0,3.0,125.0,217.0,0.0,0.0,167.0,0.0,0.0,2.0,0.0,3.0,0,0,Non-Anginal Pain,Female,<= 120 mg/dl,Normal,No,Flat,Normal,Younger (<55),Month 2,2,0,0.0437,SIMULATED_MONITORING_DATA (EDUCATIONAL_USE_ONLY),PT-M02-0243,True Negative,0,Low Risk (<40%)
62.0,1.0,2.0,134.0,214.0,1.0,2.0,134.0,0.0,0.0,1.0,0.0,3.0,0,0,Atypical Angina,Male,> 120 mg/dl,Left Ventricular Hypertrophy,No,Upsloping,Normal,Senior (>=55),Month 2,2,0,0.2446,SIMULATED_MONITORING_DATA (EDUCATIONAL_USE_ONLY),PT-M02-0244,True Negative,0,Low Risk (<40%)
65.0,1.0,4.0,143.0,261.0,0.0,2.0,122.0,0.0,2.8,2.0,1.0,7.0,2,1,Asymptomatic,Male,<= 120 mg/dl,Left Ventricular Hypertrophy,No,Flat,Reversible Defect,Senior (>=55),Month 2,2,1,0.9483,SIMULATED_MONITORING_DATA (EDUCATIONAL_USE_ONLY),PT-M02-0245,True Positive,0,High Risk (>60%)
43.0,1.0,4.0,156.0,256.0,0.0,0.0,163.0,0.0,1.5,1.0,0.0,3.0,0,0,Asymptomatic,Male,<= 120 mg/dl,Normal,No,Upsloping,Normal,Younger (<55),Month 2,2,0,0.215,SIMULATED_MONITORING_DATA (EDUCATIONAL_USE_ONLY),PT-M02-0246,True Negative,0,Low Risk (<40%)
55.0,0.0,2.0,139.0,361.0,0.0,0.0,161.0,0.0,1.2,1.0,0.0,3.0,0,0,Atypical Angina,Female,<= 120 mg/dl,Normal,No,Upsloping,Normal,Senior (>=55),Month 2,2,0,0.1127,SIMULATED_MONITORING_DATA (EDUCATIONAL_USE_ONLY),PT-M02-0247,True Negative,0,Low Risk (<40%)
57.0,1.0,2.0,129.0,273.0,0.0,0.0,135.0,0.0,0.3,1.0,0.0,7.0,1,1,Atypical Angina,Male,<= 120 mg/dl,Normal,No,Upsloping,Reversible Defect,Senior (>=55),Month 2,2,0,0.4445,SIMULATED_MONITORING_DATA (EDUCATIONAL_USE_ONLY),PT-M02-0248,False Negative,1,Moderate Risk (40-60%)
44.0,1.0,2.0,125.0,272.0,0.0,0.0,168.0,0.0,0.0,1.0,0.0,7.0,0,0,Atypical Angina,Male,<= 120 mg/dl,Normal,No,Upsloping,Reversible Defect,Younger (<55),Month 2,2,0,0.3213,SIMULATED_MONITORING_DATA (EDUCATIONAL_USE_ONLY),PT-M02-0249,True Negative,0,Low Risk (<40%)
61.0,1.0,3.0,155.0,254.0,1.0,0.0,130.0,1.0,1.0,2.0,0.0,3.0,0,0,Non-Anginal Pain,Male,> 120 mg/dl,Normal,Yes,Flat,Normal,Senior (>=55),Month 2,2,0,0.4699,SIMULATED_MONITORING_DATA (EDUCATIONAL_USE_ONLY),PT-M02-0250,True Negative,0,Moderate Risk (40-60%)
61.0,1.0,4.0,130.0,131.0,0.0,0.0,108.0,1.0,1.21,2.0,1.0,7.0,3,1,Asymptomatic,Male,<= 120 mg/dl,Normal,Yes,Flat,Reversible Defect,Senior (>=55),Month 3,3,1,0.9161,SIMULATED_MONITORING_DATA (EDUCATIONAL_USE_ONLY),PT-M03-0001,True Positive,0,High Risk (>60%)
75.0,1.0,3.0,160.0,269.0,0.0,0.0,101.0,1.0,3.5,2.0,1.0,7.0,3,1,Non-Anginal Pain,Male,<= 120 mg/dl,Normal,Yes,Flat,Reversible Defect,Senior (>=55),Month 3,3,1,0.8658,SIMULATED_MONITORING_DATA (EDUCATIONAL_USE_ONLY),PT-M03-0002,True Positive,0,High Risk (>60%)
45.0,1.0,3.0,140.0,235.0,0.0,2.0,163.0,0.0,0.03,1.0,0.0,3.0,0,0,Non-Anginal Pain,Male,<= 120 mg/dl,Left Ventricular Hypertrophy,No,Upsloping,Normal,Younger (<55),Month 3,3,0,0.103,SIMULATED_MONITORING_DATA (EDUCATIONAL_USE_ONLY),PT-M03-0003,True Negative,0,Low Risk (<40%)
62.0,1.0,2.0,120.0,284.0,0.0,2.0,147.0,0.0,1.99,2.0,0.0,3.0,1,1,Atypical Angina,Male,<= 120 mg/dl,Left Ventricular Hypertrophy,No,Flat,Normal,Senior (>=55),Month 3,3,0,0.3628,SIMULATED_MONITORING_DATA (EDUCATIONAL_USE_ONLY),PT-M03-0004,False Negative,1,Low Risk (<40%)
67.0,1.0,2.0,120.0,281.0,0.0,2.0,94.0,0.0,1.76,2.0,1.0,7.0,3,1,Atypical Angina,Male,<= 120 mg/dl,Left Ventricular Hypertrophy,No,Flat,Reversible Defect,Senior (>=55),Month 3,3,1,0.7861,SIMULATED_MONITORING_DATA (EDUCATIONAL_USE_ONLY),PT-M03-0005,True Positive,0,High Risk (>60%)
59.0,1.0,4.0,165.0,289.0,1.0,2.0,113.0,0.0,1.39,2.0,3.0,7.0,4,1,Asymptomatic,Male,> 120 mg/dl,Left Ventricular Hypertrophy,No,Flat,Reversible Defect,Senior (>=55),Month 3,3,1,0.9481,SIMULATED_MONITORING_DATA (EDUCATIONAL_USE_ONLY),PT-M03-0006,True Positive,0,High Risk (>60%)
62.0,1.0,3.0,130.0,256.0,1.0,2.0,133.0,1.0,0.78,2.0,1.0,6.0,2,1,Non-Anginal Pain,Male,> 120 mg/dl,Left Ventricular Hypertrophy,Yes,Flat,Fixed Defect,Senior (>=55),Month 3,3,1,0.7974,SIMULATED_MONITORING_DATA (EDUCATIONAL_USE_ONLY),PT-M03-0007,True Positive,0,High Risk (>60%)
65.0,0.0,4.0,130.0,330.0,0.0,2.0,158.0,0.0,0.2,1.0,0.0,3.0,1,1,Asymptomatic,Female,<= 120 mg/dl,Left Ventricular Hypertrophy,No,Upsloping,Normal,Senior (>=55),Month 3,3,0,0.338,SIMULATED_MONITORING_DATA (EDUCATIONAL_USE_ONLY),PT-M03-0008,False Negative,1,Low Risk (<40%)
66.0,1.0,3.0,140.0,335.0,0.0,0.0,146.0,0.0,0.26,1.0,0.0,3.0,1,1,Non-Anginal Pain,Male,<= 120 mg/dl,Normal,No,Upsloping,Normal,Senior (>=55),Month 3,3,0,0.2459,SIMULATED_MONITORING_DATA (EDUCATIONAL_USE_ONLY),PT-M03-0009,False Negative,1,Low Risk (<40%)
65.0,0.0,4.0,138.0,294.0,1.0,0.0,102.0,0.0,2.42,2.0,3.0,3.0,2,1,Asymptomatic,Female,> 120 mg/dl,Normal,No,Flat,Normal,Senior (>=55),Month 3,3,1,0.6219,SIMULATED_MONITORING_DATA (EDUCATIONAL_USE_ONLY),PT-M03-0010,True Positive,0,High Risk (>60%)
46.0,1.0,4.0,136.0,315.0,0.0,0.0,112.0,1.0,2.33,2.0,0.0,6.0,2,1,Asymptomatic,Male,<= 120 mg/dl,Normal,Yes,Flat,Fixed Defect,Younger (<55),Month 3,3,1,0.8036,SIMULATED_MONITORING_DATA (EDUCATIONAL_USE_ONLY),PT-M03-0011,True Positive,0,High Risk (>60%)
63.0,1.0,1.0,160.0,273.0,0.0,2.0,114.0,0.0,0.17,1.0,0.0,3.0,1,1,Typical Angina,Male,<= 120 mg/dl,Left Ventricular Hypertrophy,No,Upsloping,Normal,Senior (>=55),Month 3,3,0,0.3857,SIMULATED_MONITORING_DATA (EDUCATIONAL_USE_ONLY),PT-M03-0012,False Negative,1,Low Risk (<40%)
61.0,1.0,4.0,130.0,131.0,0.0,0.0,104.0,1.0,1.49,2.0,1.0,7.0,3,1,Asymptomatic,Male,<= 120 mg/dl,Normal,Yes,Flat,Reversible Defect,Senior (>=55),Month 3,3,1,0.9056,SIMULATED_MONITORING_DATA (EDUCATIONAL_USE_ONLY),PT-M03-0013,True Positive,0,High Risk (>60%)
49.0,1.0,3.0,108.0,243.0,0.0,0.0,134.0,0.0,0.0,1.0,0.0,3.0,1,1,Non-Anginal Pain,Male,<= 120 mg/dl,Normal,No,Upsloping,Normal,Younger (<55),Month 3,3,0,0.2051,SIMULATED_MONITORING_DATA (EDUCATIONAL_USE_ONLY),PT-M03-0014,False Negative,1,Low Risk (<40%)
73.0,1.0,3.0,140.0,254.0,0.0,2.0,134.0,0.0,2.38,2.0,3.0,7.0,2,1,Non-Anginal Pain,Male,<= 120 mg/dl,Left Ventricular Hypertrophy,No,Flat,Reversible Defect,Senior (>=55),Month 3,3,1,0.872,SIMULATED_MONITORING_DATA (EDUCATIONAL_USE_ONLY),PT-M03-0015,True Positive,0,High Risk (>60%)
48.0,1.0,3.0,138.0,257.0,0.0,2.0,143.0,0.0,0.02,1.0,0.0,3.0,0,0,Non-Anginal Pain,Male,<= 120 mg/dl,Left Ventricular Hypertrophy,No,Upsloping,Normal,Younger (<55),Month 3,3,0,0.1576,SIMULATED_MONITORING_DATA (EDUCATIONAL_USE_ONLY),PT-M03-0016,True Negative,0,Low Risk (<40%)
62.0,1.0,4.0,164.0,176.0,1.0,2.0,87.0,0.0,1.47,2.0,2.0,6.0,3,1,Asymptomatic,Male,> 120 mg/dl,Left Ventricular Hypertrophy,No,Flat,Fixed Defect,Senior (>=55),Month 3,3,1,0.8478,SIMULATED_MONITORING_DATA (EDUCATIONAL_USE_ONLY),PT-M03-0017,True Positive,0,High Risk (>60%)
60.0,1.0,4.0,128.0,259.0,0.0,2.0,121.0,1.0,3.53,2.0,2.0,7.0,3,1,Asymptomatic,Male,<= 120 mg/dl,Left Ventricular Hypertrophy,Yes,Flat,Reversible Defect,Senior (>=55),Month 3,3,1,0.9805,SIMULATED_MONITORING_DATA (EDUCATIONAL_USE_ONLY),PT-M03-0018,True Positive,0,High Risk (>60%)
72.0,1.0,4.0,145.0,174.0,0.0,0.0,112.0,1.0,3.1,3.0,0.0,7.0,4,1,Asymptomatic,Male,<= 120 mg/dl,Normal,Yes,Downsloping,Reversible Defect,Senior (>=55),Month 3,3,1,0.8742,SIMULATED_MONITORING_DATA (EDUCATIONAL_USE_ONLY),PT-M03-0019,True Positive,0,High Risk (>60%)
71.0,1.0,4.0,120.0,302.0,0.0,2.0,144.0,0.0,0.62,2.0,0.0,3.0,0,0,Asymptomatic,Male,<= 120 mg/dl,Left Ventricular Hypertrophy,No,Flat,Normal,Senior (>=55),Month 3,3,0,0.3746,SIMULATED_MONITORING_DATA (EDUCATIONAL_USE_ONLY),PT-M03-0020,True Negative,0,Low Risk (<40%)
63.0,1.0,4.0,125.0,300.0,0.0,2.0,161.0,0.0,0.1,1.0,2.0,7.0,1,1,Asymptomatic,Male,<= 120 mg/dl,Left Ventricular Hypertrophy,No,Upsloping,Reversible Defect,Senior (>=55),Month 3,3,1,0.746,SIMULATED_MONITORING_DATA (EDUCATIONAL_USE_ONLY),PT-M03-0021,True Positive,0,High Risk (>60%)
64.0,1.0,4.0,117.0,230.0,1.0,0.0,149.0,1.0,1.88,1.0,2.0,7.0,2,1,Asymptomatic,Male,> 120 mg/dl,Normal,Yes,Upsloping,Reversible Defect,Senior (>=55),Month 3,3,1,0.8618,SIMULATED_MONITORING_DATA (EDUCATIONAL_USE_ONLY),PT-M03-0022,True Positive,0,High Risk (>60%)
61.0,1.0,4.0,170.0,326.0,0.0,2.0,128.0,1.0,3.95,3.0,0.0,7.0,2,1,Asymptomatic,Male,<= 120 mg/dl,Left Ventricular Hypertrophy,Yes,Downsloping,Reversible Defect,Senior (>=55),Month 3,3,1,0.9501,SIMULATED_MONITORING_DATA (EDUCATIONAL_USE_ONLY),PT-M03-0023,True Positive,0,High Risk (>60%)
48.0,1.0,2.0,128.0,308.0,0.0,2.0,154.0,0.0,0.12,1.0,0.0,3.0,0,0,Atypical Angina,Male,<= 120 mg/dl,Left Ventricular Hypertrophy,No,Upsloping,Normal,Younger (<55),Month 3,3,0,0.1488,SIMULATED_MONITORING_DATA (EDUCATIONAL_USE_ONLY),PT-M03-0024,True Negative,0,Low Risk (<40%)
67.0,1.0,4.0,120.0,267.0,0.0,0.0,90.0,1.0,2.1,2.0,2.0,7.0,1,1,Asymptomatic,Male,<= 120 mg/dl,Normal,Yes,Flat,Reversible Defect,Senior (>=55),Month 3,3,1,0.938,SIMULATED_MONITORING_DATA (EDUCATIONAL_USE_ONLY),PT-M03-0025,True Positive,0,High Risk (>60%)
69.0,1.0,4.0,135.0,254.0,0.0,2.0,120.0,0.0,3.19,2.0,1.0,7.0,2,1,Asymptomatic,Male,<= 120 mg/dl,Left Ventricular Hypertrophy,No,Flat,Reversible Defect,Senior (>=55),Month 3,3,1,0.9364,SIMULATED_MONITORING_DATA (EDUCATIONAL_USE_ONLY),PT-M03-0026,True Positive,0,High Risk (>60%)
74.0,0.0,4.0,106.0,223.0,0.0,0.0,136.0,0.0,0.38,1.0,2.0,3.0,0,0,Asymptomatic,Female,<= 120 mg/dl,Normal,No,Upsloping,Normal,Senior (>=55),Month 3,3,0,0.3342,SIMULATED_MONITORING_DATA (EDUCATIONAL_USE_ONLY),PT-M03-0027,True Negative,0,Low Risk (<40%)
62.0,0.0,1.0,150.0,283.0,1.0,2.0,154.0,0.0,1.25,1.0,0.0,3.0,0,0,Typical Angina,Female,> 120 mg/dl,Left Ventricular Hypertrophy,No,Upsloping,Normal,Senior (>=55),Month 3,3,0,0.2132,SIMULATED_MONITORING_DATA (EDUCATIONAL_USE_ONLY),PT-M03-0028,True Negative,0,Low Risk (<40%)
65.0,1.0,4.0,148.0,203.0,0.0,0.0,147.0,0.0,0.06,1.0,1.0,7.0,2,1,Asymptomatic,Male,<= 120 mg/dl,Normal,No,Upsloping,Reversible Defect,Senior (>=55),Month 3,3,1,0.6238,SIMULATED_MONITORING_DATA (EDUCATIONAL_USE_ONLY),PT-M03-0029,True Positive,0,High Risk (>60%)
62.0,1.0,4.0,170.0,326.0,0.0,2.0,125.0,1.0,3.94,3.0,0.0,7.0,2,1,Asymptomatic,Male,<= 120 mg/dl,Left Ventricular Hypertrophy,Yes,Downsloping,Reversible Defect,Senior (>=55),Month 3,3,1,0.9455,SIMULATED_MONITORING_DATA (EDUCATIONAL_USE_ONLY),PT-M03-0030,True Positive,0,High Risk (>60%)
68.0,0.0,4.0,130.0,303.0,0.0,0.0,113.0,0.0,2.26,2.0,2.0,3.0,0,0,Asymptomatic,Female,<= 120 mg/dl,Normal,No,Flat,Normal,Senior (>=55),Month 3,3,1,0.5368,SIMULATED_MONITORING_DATA (EDUCATIONAL_USE_ONLY),PT-M03-0031,False Positive,1,Moderate Risk (40-60%)
72.0,0.0,1.0,140.0,239.0,0.0,0.0,134.0,0.0,2.16,1.0,2.0,3.0,0,0,Typical Angina,Female,<= 120 mg/dl,Normal,No,Upsloping,Normal,Senior (>=55),Month 3,3,0,0.243,SIMULATED_MONITORING_DATA (EDUCATIONAL_USE_ONLY),PT-M03-0032,True Negative,0,Low Risk (<40%)
65.0,0.0,4.0,158.0,305.0,0.0,2.0,149.0,0.0,0.0,1.0,0.0,3.0,1,1,Asymptomatic,Female,<= 120 mg/dl,Left Ventricular Hypertrophy,No,Upsloping,Normal,Senior (>=55),Month 3,3,0,0.3562,SIMULATED_MONITORING_DATA (EDUCATIONAL_USE_ONLY),PT-M03-0033,False Negative,1,Low Risk (<40%)
70.0,1.0,1.0,138.0,282.0,1.0,2.0,160.0,0.0,1.79,2.0,1.0,3.0,1,1,Typical Angina,Male,> 120 mg/dl,Left Ventricular Hypertrophy,No,Flat,Normal,Senior (>=55),Month 3,3,1,0.5589,SIMULATED_MONITORING_DATA (EDUCATIONAL_USE_ONLY),PT-M03-0034,True Positive,0,Moderate Risk (40-60%)
59.0,1.0,2.0,124.0,261.0,0.0,0.0,128.0,0.0,0.45,1.0,0.0,7.0,1,1,Atypical Angina,Male,<= 120 mg/dl,Normal,No,Upsloping,Reversible Defect,Senior (>=55),Month 3,3,0,0.4417,SIMULATED_MONITORING_DATA (EDUCATIONAL_USE_ONLY),PT-M03-0035,False Negative,1,Moderate Risk (40-60%)
67.0,1.0,4.0,110.0,248.0,0.0,2.0,141.0,0.0,0.64,1.0,2.0,6.0,1,1,Asymptomatic,Male,<= 120 mg/dl,Left Ventricular Hypertrophy,No,Upsloping,Fixed Defect,Senior (>=55),Month 3,3,1,0.7327,SIMULATED_MONITORING_DATA (EDUCATIONAL_USE_ONLY),PT-M03-0036,True Positive,0,High Risk (>60%)
60.0,1.0,1.0,170.0,288.0,0.0,2.0,148.0,0.0,0.3,2.0,0.0,7.0,1,1,Typical Angina,Male,<= 120 mg/dl,Left Ventricular Hypertrophy,No,Flat,Reversible Defect,Senior (>=55),Month 3,3,1,0.5517,SIMULATED_MONITORING_DATA (EDUCATIONAL_USE_ONLY),PT-M03-0037,True Positive,0,Moderate Risk (40-60%)
63.0,0.0,4.0,174.0,249.0,0.0,0.0,130.0,1.0,0.02,2.0,0.0,3.0,1,1,Asymptomatic,Female,<= 120 mg/dl,Normal,Yes,Flat,Normal,Senior (>=55),Month 3,3,1,0.5066,SIMULATED_MONITORING_DATA (EDUCATIONAL_USE_ONLY),PT-M03-0038,True Positive,0,Moderate Risk (40-60%)
46.0,1.0,4.0,110.0,197.0,0.0,2.0,159.0,0.0,0.13,1.0,1.0,3.0,1,1,Asymptomatic,Male,<= 120 mg/dl,Left Ventricular Hypertrophy,No,Upsloping,Normal,Younger (<55),Month 3,3,1,0.5283,SIMULATED_MONITORING_DATA (EDUCATIONAL_USE_ONLY),PT-M03-0039,True Positive,0,Moderate Risk (40-60%)
69.0,0.0,1.0,140.0,239.0,0.0,0.0,130.0,0.0,2.3,1.0,2.0,3.0,0,0,Typical Angina,Female,<= 120 mg/dl,Normal,No,Upsloping,Normal,Senior (>=55),Month 3,3,0,0.2414,SIMULATED_MONITORING_DATA (EDUCATIONAL_USE_ONLY),PT-M03-0040,True Negative,0,Low Risk (<40%)
67.0,0.0,4.0,108.0,269.0,0.0,0.0,155.0,1.0,1.98,2.0,2.0,3.0,1,1,Asymptomatic,Female,<= 120 mg/dl,Normal,Yes,Flat,Normal,Senior (>=55),Month 3,3,1,0.6919,SIMULATED_MONITORING_DATA (EDUCATIONAL_USE_ONLY),PT-M03-0041,True Positive,0,High Risk (>60%)
59.0,1.0,4.0,128.0,255.0,0.0,0.0,153.0,1.0,0.11,1.0,1.0,7.0,1,1,Asymptomatic,Male,<= 120 mg/dl,Normal,Yes,Upsloping,Reversible Defect,Senior (>=55),Month 3,3,1,0.7836,SIMULATED_MONITORING_DATA (EDUCATIONAL_USE_ONLY),PT-M03-0042,True Positive,0,High Risk (>60%)
79.0,0.0,3.0,140.0,197.0,0.0,1.0,112.0,0.0,1.35,2.0,0.0,3.0,0,0,Non-Anginal Pain,Female,<= 120 mg/dl,ST-T Abnormality,No,Flat,Normal,Senior (>=55),Month 3,3,0,0.2105,SIMULATED_MONITORING_DATA (EDUCATIONAL_USE_ONLY),PT-M03-0043,True Negative,0,Low Risk (<40%)
64.0,1.0,2.0,140.0,221.0,0.0,0.0,150.0,1.0,0.17,1.0,0.0,3.0,0,0,Atypical Angina,Male,<= 120 mg/dl,Normal,Yes,Upsloping,Normal,Senior (>=55),Month 3,3,0,0.2243,SIMULATED_MONITORING_DATA (EDUCATIONAL_USE_ONLY),PT-M03-0044,True Negative,0,Low Risk (<40%)
62.0,0.0,3.0,120.0,340.0,0.0,0.0,156.0,0.0,0.12,1.0,0.0,3.0,0,0,Non-Anginal Pain,Female,<= 120 mg/dl,Normal,No,Upsloping,Normal,Senior (>=55),Month 3,3,0,0.1608,SIMULATED_MONITORING_DATA (EDUCATIONAL_USE_ONLY),PT-M03-0045,True Negative,0,Low Risk (<40%)
67.0,1.0,1.0,170.0,227.0,0.0,2.0,144.0,0.0,0.71,2.0,0.0,7.0,0,0,Typical Angina,Male,<= 120 mg/dl,Left Ventricular Hypertrophy,No,Flat,Reversible Defect,Senior (>=55),Month 3,3,1,0.5266,SIMULATED_MONITORING_DATA (EDUCATIONAL_USE_ONLY),PT-M03-0046,False Positive,1,Moderate Risk (40-60%)
57.0,0.0,3.0,136.0,196.0,0.0,2.0,152.0,0.0,0.18,2.0,0.0,3.0,0,0,Non-Anginal Pain,Female,<= 120 mg/dl,Left Ventricular Hypertrophy,No,Flat,Normal,Senior (>=55),Month 3,3,0,0.1105,SIMULATED_MONITORING_DATA (EDUCATIONAL_USE_ONLY),PT-M03-0047,True Negative,0,Low Risk (<40%)
62.0,1.0,4.0,135.0,234.0,0.0,0.0,149.0,0.0,0.6,2.0,0.0,7.0,0,0,Asymptomatic,Male,<= 120 mg/dl,Normal,No,Flat,Reversible Defect,Senior (>=55),Month 3,3,1,0.6446,SIMULATED_MONITORING_DATA (EDUCATIONAL_USE_ONLY),PT-M03-0048,False Positive,1,High Risk (>60%)
46.0,1.0,4.0,136.0,315.0,0.0,0.0,117.0,1.0,2.28,2.0,0.0,6.0,2,1,Asymptomatic,Male,<= 120 mg/dl,Normal,Yes,Flat,Fixed Defect,Younger (<55),Month 3,3,1,0.7814,SIMULATED_MONITORING_DATA (EDUCATIONAL_USE_ONLY),PT-M03-0049,True Positive,0,High Risk (>60%)
53.0,1.0,2.0,130.0,266.0,0.0,0.0,161.0,0.0,0.79,1.0,0.0,3.0,0,0,Atypical Angina,Male,<= 120 mg/dl,Normal,No,Upsloping,Normal,Younger (<55),Month 3,3,0,0.0838,SIMULATED_MONITORING_DATA (EDUCATIONAL_USE_ONLY),PT-M03-0050,True Negative,0,Low Risk (<40%)
67.0,1.0,4.0,120.0,177.0,0.0,0.0,128.0,0.0,0.75,1.0,0.0,7.0,0,0,Asymptomatic,Male,<= 120 mg/dl,Normal,No,Upsloping,Reversible Defect,Senior (>=55),Month 3,3,1,0.614,SIMULATED_MONITORING_DATA (EDUCATIONAL_USE_ONLY),PT-M03-0051,False Positive,1,High Risk (>60%)
56.0,1.0,3.0,110.0,175.0,0.0,0.0,113.0,0.0,0.78,1.0,0.0,3.0,0,0,Non-Anginal Pain,Male,<= 120 mg/dl,Normal,No,Upsloping,Normal,Senior (>=55),Month 3,3,0,0.262,SIMULATED_MONITORING_DATA (EDUCATIONAL_USE_ONLY),PT-M03-0052,True Negative,0,Low Risk (<40%)
64.0,1.0,4.0,148.0,203.0,0.0,0.0,145.0,0.0,0.03,1.0,1.0,7.0,2,1,Asymptomatic,Male,<= 120 mg/dl,Normal,No,Upsloping,Reversible Defect,Senior (>=55),Month 3,3,1,0.6249,SIMULATED_MONITORING_DATA (EDUCATIONAL_USE_ONLY),PT-M03-0053,True Positive,0,High Risk (>60%)
66.0,0.0,3.0,140.0,313.0,0.0,0.0,120.0,0.0,0.18,1.0,0.0,7.0,0,0,Non-Anginal Pain,Female,<= 120 mg/dl,Normal,No,Upsloping,Reversible Defect,Senior (>=55),Month 3,3,0,0.3164,SIMULATED_MONITORING_DATA (EDUCATIONAL_USE_ONLY),PT-M03-0054,True Negative,0,Low Risk (<40%)
69.0,0.0,3.0,160.0,360.0,0.0,2.0,138.0,0.0,0.84,1.0,0.0,3.0,0,0,Non-Anginal Pain,Female,<= 120 mg/dl,Left Ventricular Hypertrophy,No,Upsloping,Normal,Senior (>=55),Month 3,3,0,0.2226,SIMULATED_MONITORING_DATA (EDUCATIONAL_USE_ONLY),PT-M03-0055,True Negative,0,Low Risk (<40%)
46.0,1.0,4.0,110.0,197.0,0.0,2.0,164.0,0.0,0.0,1.0,1.0,3.0,1,1,Asymptomatic,Male,<= 120 mg/dl,Left Ventricular Hypertrophy,No,Upsloping,Normal,Younger (<55),Month 3,3,1,0.5276,SIMULATED_MONITORING_DATA (EDUCATIONAL_USE_ONLY),PT-M03-0056,True Positive,0,Moderate Risk (40-60%)
72.0,1.0,4.0,144.0,193.0,1.0,0.0,132.0,0.0,4.04,2.0,2.0,7.0,2,1,Asymptomatic,Male,> 120 mg/dl,Normal,No,Flat,Reversible Defect,Senior (>=55),Month 3,3,1,0.8918,SIMULATED_MONITORING_DATA (EDUCATIONAL_USE_ONLY),PT-M03-0057,True Positive,0,High Risk (>60%)
58.0,1.0,2.0,130.0,262.0,0.0,0.0,140.0,0.0,0.15,1.0,0.0,3.0,0,0,Atypical Angina,Male,<= 120 mg/dl,Normal,No,Upsloping,Normal,Senior (>=55),Month 3,3,0,0.2115,SIMULATED_MONITORING_DATA (EDUCATIONAL_USE_ONLY),PT-M03-0058,True Negative,0,Low Risk (<40%)
60.0,1.0,4.0,140.0,217.0,0.0,0.0,107.0,1.0,6.38,3.0,0.0,7.0,3,1,Asymptomatic,Male,<= 120 mg/dl,Normal,Yes,Downsloping,Reversible Defect,Senior (>=55),Month 3,3,1,0.9004,SIMULATED_MONITORING_DATA (EDUCATIONAL_USE_ONLY),PT-M03-0059,True Positive,0,High Risk (>60%)
58.0,1.0,4.0,140.0,239.0,0.0,0.0,146.0,0.0,1.57,1.0,0.0,3.0,0,0,Asymptomatic,Male,<= 120 mg/dl,Normal,No,Upsloping,Normal,Senior (>=55),Month 3,3,0,0.2893,SIMULATED_MONITORING_DATA (EDUCATIONAL_USE_ONLY),PT-M03-0060,True Negative,0,Low Risk (<40%)
65.0,1.0,2.0,120.0,281.0,0.0,2.0,95.0,0.0,1.66,2.0,1.0,7.0,3,1,Atypical Angina,Male,<= 120 mg/dl,Left Ventricular Hypertrophy,No,Flat,Reversible Defect,Senior (>=55),Month 3,3,1,0.782,SIMULATED_MONITORING_DATA (EDUCATIONAL_USE_ONLY),PT-M03-0061,True Positive,0,High Risk (>60%)
63.0,1.0,4.0,128.0,216.0,0.0,2.0,118.0,1.0,2.64,2.0,3.0,7.0,1,1,Asymptomatic,Male,<= 120 mg/dl,Left Ventricular Hypertrophy,Yes,Flat,Reversible Defect,Senior (>=55),Month 3,3,1,0.9814,SIMULATED_MONITORING_DATA (EDUCATIONAL_USE_ONLY),PT-M03-0062,True Positive,0,High Risk (>60%)
54.0,1.0,4.0,122.0,222.0,0.0,2.0,164.0,0.0,0.26,1.0,0.0,3.0,0,0,Asymptomatic,Male,<= 120 mg/dl,Left Ventricular Hypertrophy,No,Upsloping,Normal,Younger (<55),Month 3,3,0,0.1849,SIMULATED_MONITORING_DATA (EDUCATIONAL_USE_ONLY),PT-M03-0063,True Negative,0,Low Risk (<40%)
63.0,1.0,1.0,160.0,273.0,0.0,2.0,118.0,0.0,0.19,1.0,0.0,3.0,1,1,Typical Angina,Male,<= 120 mg/dl,Left Ventricular Hypertrophy,No,Upsloping,Normal,Senior (>=55),Month 3,3,0,0.3779,SIMULATED_MONITORING_DATA (EDUCATIONAL_USE_ONLY),PT-M03-0064,False Negative,1,Low Risk (<40%)
67.0,0.0,4.0,108.0,269.0,0.0,0.0,158.0,1.0,2.14,2.0,2.0,3.0,1,1,Asymptomatic,Female,<= 120 mg/dl,Normal,Yes,Flat,Normal,Senior (>=55),Month 3,3,1,0.69,SIMULATED_MONITORING_DATA (EDUCATIONAL_USE_ONLY),PT-M03-0065,True Positive,0,High Risk (>60%)
60.0,1.0,3.0,105.0,240.0,0.0,2.0,141.0,1.0,0.7,2.0,0.0,7.0,0,0,Non-Anginal Pain,Male,<= 120 mg/dl,Left Ventricular Hypertrophy,Yes,Flat,Reversible Defect,Senior (>=55),Month 3,3,1,0.6104,SIMULATED_MONITORING_DATA (EDUCATIONAL_USE_ONLY),PT-M03-0066,False Positive,1,High Risk (>60%)
46.0,1.0,4.0,112.0,290.0,0.0,2.0,141.0,0.0,0.0,1.0,1.0,3.0,2,1,Asymptomatic,Male,<= 120 mg/dl,Left Ventricular Hypertrophy,No,Upsloping,Normal,Younger (<55),Month 3,3,1,0.5785,SIMULATED_MONITORING_DATA (EDUCATIONAL_USE_ONLY),PT-M03-0067,True Positive,0,Moderate Risk (40-60%)
65.0,0.0,4.0,160.0,164.0,0.0,2.0,135.0,0.0,6.5,3.0,3.0,7.0,3,1,Asymptomatic,Female,<= 120 mg/dl,Left Ventricular Hypertrophy,No,Downsloping,Reversible Defect,Senior (>=55),Month 3,3,1,0.8695,SIMULATED_MONITORING_DATA (EDUCATIONAL_USE_ONLY),PT-M03-0068,True Positive,0,High Risk (>60%)
64.0,1.0,3.0,150.0,243.0,1.0,0.0,121.0,1.0,1.23,2.0,0.0,3.0,0,0,Non-Anginal Pain,Male,> 120 mg/dl,Normal,Yes,Flat,Normal,Senior (>=55),Month 3,3,0,0.4551,SIMULATED_MONITORING_DATA (EDUCATIONAL_USE_ONLY),PT-M03-0069,True Negative,0,Moderate Risk (40-60%)
61.0,0.0,3.0,120.0,340.0,0.0,0.0,157.0,0.0,0.0,1.0,0.0,3.0,0,0,Non-Anginal Pain,Female,<= 120 mg/dl,Normal,No,Upsloping,Normal,Senior (>=55),Month 3,3,0,0.1688,SIMULATED_MONITORING_DATA (EDUCATIONAL_USE_ONLY),PT-M03-0070,True Negative,0,Low Risk (<40%)
71.0,0.0,3.0,115.0,564.0,0.0,2.0,150.0,0.0,1.93,2.0,0.0,7.0,0,0,Non-Anginal Pain,Female,<= 120 mg/dl,Left Ventricular Hypertrophy,No,Flat,Reversible Defect,Senior (>=55),Month 3,3,1,0.5011,SIMULATED_MONITORING_DATA (EDUCATIONAL_USE_ONLY),PT-M03-0071,False Positive,1,Moderate Risk (40-60%)
61.0,1.0,4.0,130.0,131.0,0.0,0.0,102.0,1.0,1.49,2.0,1.0,7.0,3,1,Asymptomatic,Male,<= 120 mg/dl,Normal,Yes,Flat,Reversible Defect,Senior (>=55),Month 3,3,1,0.9056,SIMULATED_MONITORING_DATA (EDUCATIONAL_USE_ONLY),PT-M03-0072,True Positive,0,High Risk (>60%)
74.0,0.0,4.0,112.0,149.0,0.0,0.0,116.0,0.0,1.92,2.0,0.0,3.0,0,0,Asymptomatic,Female,<= 120 mg/dl,Normal,No,Flat,Normal,Senior (>=55),Month 3,3,0,0.2845,SIMULATED_MONITORING_DATA (EDUCATIONAL_USE_ONLY),PT-M03-0073,True Negative,0,Low Risk (<40%)
65.0,0.0,4.0,130.0,330.0,0.0,2.0,151.0,0.0,0.03,1.0,0.0,3.0,1,1,Asymptomatic,Female,<= 120 mg/dl,Left Ventricular Hypertrophy,No,Upsloping,Normal,Senior (>=55),Month 3,3,0,0.3501,SIMULATED_MONITORING_DATA (EDUCATIONAL_USE_ONLY),PT-M03-0074,False Negative,1,Low Risk (<40%)
67.0,0.0,3.0,135.0,252.0,0.0,2.0,160.0,0.0,0.12,1.0,0.0,3.0,0,0,Non-Anginal Pain,Female,<= 120 mg/dl,Left Ventricular Hypertrophy,No,Upsloping,Normal,Senior (>=55),Month 3,3,0,0.1234,SIMULATED_MONITORING_DATA (EDUCATIONAL_USE_ONLY),PT-M03-0075,True Negative,0,Low Risk (<40%)
64.0,0.0,2.0,140.0,195.0,0.0,0.0,165.0,0.0,0.14,1.0,2.0,3.0,0,0,Atypical Angina,Female,<= 120 mg/dl,Normal,No,Upsloping,Normal,Senior (>=55),Month 3,3,0,0.2494,SIMULATED_MONITORING_DATA (EDUCATIONAL_USE_ONLY),PT-M03-0076,True Negative,0,Low Risk (<40%)
60.0,1.0,2.0,125.0,220.0,0.0,0.0,128.0,0.0,0.45,2.0,0.0,7.0,0,0,Atypical Angina,Male,<= 120 mg/dl,Normal,No,Flat,Reversible Defect,Senior (>=55),Month 3,3,1,0.5884,SIMULATED_MONITORING_DATA (EDUCATIONAL_USE_ONLY),PT-M03-0077,False Positive,1,Moderate Risk (40-60%)
70.0,0.0,3.0,152.0,277.0,0.0,0.0,162.0,0.0,0.24,1.0,1.0,3.0,0,0,Non-Anginal Pain,Female,<= 120 mg/dl,Normal,No,Upsloping,Normal,Senior (>=55),Month 3,3,0,0.1068,SIMULATED_MONITORING_DATA (EDUCATIONAL_USE_ONLY),PT-M03-0078,True Negative,0,Low Risk (<40%)
59.0,1.0,4.0,140.0,192.0,0.0,0.0,134.0,0.0,0.55,2.0,0.0,6.0,0,0,Asymptomatic,Male,<= 120 mg/dl,Normal,No,Flat,Fixed Defect,Senior (>=55),Month 3,3,0,0.4367,SIMULATED_MONITORING_DATA (EDUCATIONAL_USE_ONLY),PT-M03-0079,True Negative,0,Moderate Risk (40-60%)
63.0,1.0,3.0,150.0,212.0,1.0,0.0,142.0,0.0,1.94,1.0,0.0,3.0,0,0,Non-Anginal Pain,Male,> 120 mg/dl,Normal,No,Upsloping,Normal,Senior (>=55),Month 3,3,0,0.242,SIMULATED_MONITORING_DATA (EDUCATIONAL_USE_ONLY),PT-M03-0080,True Negative,0,Low Risk (<40%)
60.0,1.0,4.0,140.0,239.0,0.0,0.0,148.0,0.0,1.55,1.0,0.0,3.0,0,0,Asymptomatic,Male,<= 120 mg/dl,Normal,No,Upsloping,Normal,Senior (>=55),Month 3,3,0,0.2733,SIMULATED_MONITORING_DATA (EDUCATIONAL_USE_ONLY),PT-M03-0081,True Negative,0,Low Risk (<40%)
67.0,1.0,2.0,120.0,281.0,0.0,2.0,98.0,0.0,1.73,2.0,1.0,7.0,3,1,Atypical Angina,Male,<= 120 mg/dl,Left Ventricular Hypertrophy,No,Flat,Reversible Defect,Senior (>=55),Month 3,3,1,0.7861,SIMULATED_MONITORING_DATA (EDUCATIONAL_USE_ONLY),PT-M03-0082,True Positive,0,High Risk (>60%)
61.0,0.0,2.0,136.0,319.0,1.0,2.0,137.0,0.0,0.2,1.0,2.0,3.0,3,1,Atypical Angina,Female,> 120 mg/dl,Left Ventricular Hypertrophy,No,Upsloping,Normal,Senior (>=55),Month 3,3,0,0.3545,SIMULATED_MONITORING_DATA (EDUCATIONAL_USE_ONLY),PT-M03-0083,False Negative,1,Low Risk (<40%)
65.0,0.0,4.0,174.0,249.0,0.0,0.0,132.0,1.0,0.13,2.0,0.0,3.0,1,1,Asymptomatic,Female,<= 120 mg/dl,Normal,Yes,Flat,Normal,Senior (>=55),Month 3,3,1,0.5115,SIMULATED_MONITORING_DATA (EDUCATIONAL_USE_ONLY),PT-M03-0084,True Positive,0,Moderate Risk (40-60%)
72.0,1.0,4.0,144.0,193.0,1.0,0.0,131.0,0.0,3.95,2.0,2.0,7.0,2,1,Asymptomatic,Male,> 120 mg/dl,Normal,No,Flat,Reversible Defect,Senior (>=55),Month 3,3,1,0.8918,SIMULATED_MONITORING_DATA (EDUCATIONAL_USE_ONLY),PT-M03-0085,True Positive,0,High Risk (>60%)
49.0,1.0,4.0,120.0,249.0,0.0,2.0,135.0,0.0,1.06,1.0,0.0,7.0,1,1,Asymptomatic,Male,<= 120 mg/dl,Left Ventricular Hypertrophy,No,Upsloping,Reversible Defect,Younger (<55),Month 3,3,1,0.7516,SIMULATED_MONITORING_DATA (EDUCATIONAL_USE_ONLY),PT-M03-0086,True Positive,0,High Risk (>60%)
59.0,1.0,2.0,130.0,221.0,0.0,2.0,150.0,0.0,0.0,1.0,0.0,7.0,0,0,Atypical Angina,Male,<= 120 mg/dl,Left Ventricular Hypertrophy,No,Upsloping,Reversible Defect,Senior (>=55),Month 3,3,0,0.3732,SIMULATED_MONITORING_DATA (EDUCATIONAL_USE_ONLY),PT-M03-0087,True Negative,0,Low Risk (<40%)
37.0,0.0,2.0,118.0,210.0,0.0,0.0,176.0,0.0,0.92,1.0,0.0,3.0,0,0,Atypical Angina,Female,<= 120 mg/dl,Normal,No,Upsloping,Normal,Younger (<55),Month 3,3,0,0.0287,SIMULATED_MONITORING_DATA (EDUCATIONAL_USE_ONLY),PT-M03-0088,True Negative,0,Low Risk (<40%)
68.0,0.0,3.0,160.0,360.0,0.0,2.0,136.0,0.0,1.02,1.0,0.0,3.0,0,0,Non-Anginal Pain,Female,<= 120 mg/dl,Left Ventricular Hypertrophy,No,Upsloping,Normal,Senior (>=55),Month 3,3,0,0.2247,SIMULATED_MONITORING_DATA (EDUCATIONAL_USE_ONLY),PT-M03-0089,True Negative,0,Low Risk (<40%)
62.0,0.0,4.0,130.0,197.0,0.0,0.0,121.0,0.0,0.77,2.0,0.0,3.0,0,0,Asymptomatic,Female,<= 120 mg/dl,Normal,No,Flat,Normal,Senior (>=55),Month 3,3,0,0.2581,SIMULATED_MONITORING_DATA (EDUCATIONAL_USE_ONLY),PT-M03-0090,True Negative,0,Low Risk (<40%)
66.0,0.0,4.0,150.0,244.0,0.0,0.0,138.0,1.0,1.7,2.0,0.0,3.0,1,1,Asymptomatic,Female,<= 120 mg/dl,Normal,Yes,Flat,Normal,Senior (>=55),Month 3,3,1,0.5223,SIMULATED_MONITORING_DATA (EDUCATIONAL_USE_ONLY),PT-M03-0091,True Positive,0,Moderate Risk (40-60%)
44.0,1.0,4.0,110.0,167.0,0.0,2.0,96.0,1.0,2.21,2.0,0.0,7.0,3,1,Asymptomatic,Male,<= 120 mg/dl,Left Ventricular Hypertrophy,Yes,Flat,Reversible Defect,Younger (<55),Month 3,3,1,0.8733,SIMULATED_MONITORING_DATA (EDUCATIONAL_USE_ONLY),PT-M03-0092,True Positive,0,High Risk (>60%)
67.0,0.0,2.0,140.0,195.0,0.0,0.0,166.0,0.0,0.05,1.0,2.0,3.0,0,0,Atypical Angina,Female,<= 120 mg/dl,Normal,No,Upsloping,Normal,Senior (>=55),Month 3,3,0,0.2348,SIMULATED_MONITORING_DATA (EDUCATIONAL_USE_ONLY),PT-M03-0093,True Negative,0,Low Risk (<40%)
71.0,1.0,4.0,112.0,212.0,0.0,2.0,124.0,1.0,0.22,1.0,1.0,3.0,2,1,Asymptomatic,Male,<= 120 mg/dl,Left Ventricular Hypertrophy,Yes,Upsloping,Normal,Senior (>=55),Month 3,3,1,0.7341,SIMULATED_MONITORING_DATA (EDUCATIONAL_USE_ONLY),PT-M03-0094,True Positive,0,High Risk (>60%)
72.0,1.0,4.0,125.0,254.0,1.0,0.0,143.0,0.0,0.35,2.0,2.0,7.0,3,1,Asymptomatic,Male,> 120 mg/dl,Normal,No,Flat,Reversible Defect,Senior (>=55),Month 3,3,1,0.745,SIMULATED_MONITORING_DATA (EDUCATIONAL_USE_ONLY),PT-M03-0095,True Positive,0,High Risk (>60%)
58.0,1.0,4.0,130.0,131.0,0.0,0.0,103.0,1.0,1.38,2.0,1.0,7.0,3,1,Asymptomatic,Male,<= 120 mg/dl,Normal,Yes,Flat,Reversible Defect,Senior (>=55),Month 3,3,1,0.8936,SIMULATED_MONITORING_DATA (EDUCATIONAL_USE_ONLY),PT-M03-0096,True Positive,0,High Risk (>60%)
58.0,0.0,2.0,136.0,319.0,1.0,2.0,142.0,0.0,0.23,1.0,2.0,3.0,3,1,Atypical Angina,Female,> 120 mg/dl,Left Ventricular Hypertrophy,No,Upsloping,Normal,Senior (>=55),Month 3,3,0,0.3314,SIMULATED_MONITORING_DATA (EDUCATIONAL_USE_ONLY),PT-M03-0097,False Negative,1,Low Risk (<40%)
60.0,0.0,2.0,135.0,250.0,0.0,2.0,154.0,0.0,1.62,2.0,0.0,3.0,0,0,Atypical Angina,Female,<= 120 mg/dl,Left Ventricular Hypertrophy,No,Flat,Normal,Senior (>=55),Month 3,3,0,0.2104,SIMULATED_MONITORING_DATA (EDUCATIONAL_USE_ONLY),PT-M03-0098,True Negative,0,Low Risk (<40%)
64.0,0.0,4.0,108.0,269.0,0.0,0.0,156.0,1.0,2.27,2.0,2.0,3.0,1,1,Asymptomatic,Female,<= 120 mg/dl,Normal,Yes,Flat,Normal,Senior (>=55),Month 3,3,1,0.6955,SIMULATED_MONITORING_DATA (EDUCATIONAL_USE_ONLY),PT-M03-0099,True Positive,0,High Risk (>60%)
46.0,1.0,4.0,110.0,211.0,0.0,0.0,146.0,0.0,0.14,1.0,0.0,7.0,0,0,Asymptomatic,Male,<= 120 mg/dl,Normal,No,Upsloping,Reversible Defect,Younger (<55),Month 3,3,0,0.4701,SIMULATED_MONITORING_DATA (EDUCATIONAL_USE_ONLY),PT-M03-0100,True Negative,0,Moderate Risk (40-60%)
48.0,1.0,2.0,101.0,197.0,1.0,0.0,143.0,0.0,0.04,1.0,0.0,7.0,0,0,Atypical Angina,Male,> 120 mg/dl,Normal,No,Upsloping,Reversible Defect,Younger (<55),Month 3,3,0,0.3358,SIMULATED_MONITORING_DATA (EDUCATIONAL_USE_ONLY),PT-M03-0101,True Negative,0,Low Risk (<40%)
63.0,0.0,4.0,160.0,164.0,0.0,2.0,138.0,0.0,6.5,3.0,3.0,7.0,3,1,Asymptomatic,Female,<= 120 mg/dl,Left Ventricular Hypertrophy,No,Downsloping,Reversible Defect,Senior (>=55),Month 3,3,1,0.8876,SIMULATED_MONITORING_DATA (EDUCATIONAL_USE_ONLY),PT-M03-0102,True Positive,0,High Risk (>60%)
61.0,1.0,4.0,152.0,274.0,0.0,0.0,79.0,1.0,1.36,2.0,1.0,7.0,1,1,Asymptomatic,Male,<= 120 mg/dl,Normal,Yes,Flat,Reversible Defect,Senior (>=55),Month 3,3,1,0.946,SIMULATED_MONITORING_DATA (EDUCATIONAL_USE_ONLY),PT-M03-0103,True Positive,0,High Risk (>60%)
62.0,1.0,4.0,152.0,274.0,0.0,0.0,79.0,1.0,1.57,2.0,1.0,7.0,1,1,Asymptomatic,Male,<= 120 mg/dl,Normal,Yes,Flat,Reversible Defect,Senior (>=55),Month 3,3,1,0.9547,SIMULATED_MONITORING_DATA (EDUCATIONAL_USE_ONLY),PT-M03-0104,True Positive,0,High Risk (>60%)
59.0,0.0,2.0,140.0,294.0,0.0,2.0,139.0,0.0,1.7,2.0,0.0,3.0,0,0,Atypical Angina,Female,<= 120 mg/dl,Left Ventricular Hypertrophy,No,Flat,Normal,Senior (>=55),Month 3,3,0,0.2467,SIMULATED_MONITORING_DATA (EDUCATIONAL_USE_ONLY),PT-M03-0105,True Negative,0,Low Risk (<40%)
59.0,1.0,2.0,140.0,221.0,0.0,0.0,148.0,1.0,0.03,1.0,0.0,3.0,0,0,Atypical Angina,Male,<= 120 mg/dl,Normal,Yes,Upsloping,Normal,Senior (>=55),Month 3,3,0,0.2203,SIMULATED_MONITORING_DATA (EDUCATIONAL_USE_ONLY),PT-M03-0106,True Negative,0,Low Risk (<40%)
60.0,1.0,4.0,130.0,131.0,0.0,0.0,106.0,1.0,1.62,2.0,1.0,7.0,3,1,Asymptomatic,Male,<= 120 mg/dl,Normal,Yes,Flat,Reversible Defect,Senior (>=55),Month 3,3,1,0.9213,SIMULATED_MONITORING_DATA (EDUCATIONAL_USE_ONLY),PT-M03-0107,True Positive,0,High Risk (>60%)
63.0,1.0,4.0,170.0,326.0,0.0,2.0,134.0,1.0,3.98,3.0,0.0,7.0,2,1,Asymptomatic,Male,<= 120 mg/dl,Left Ventricular Hypertrophy,Yes,Downsloping,Reversible Defect,Senior (>=55),Month 3,3,1,0.9359,SIMULATED_MONITORING_DATA (EDUCATIONAL_USE_ONLY),PT-M03-0108,True Positive,0,High Risk (>60%)
58.0,1.0,4.0,165.0,289.0,1.0,2.0,115.0,0.0,1.28,2.0,3.0,7.0,4,1,Asymptomatic,Male,> 120 mg/dl,Left Ventricular Hypertrophy,No,Flat,Reversible Defect,Senior (>=55),Month 3,3,1,0.9432,SIMULATED_MONITORING_DATA (EDUCATIONAL_USE_ONLY),PT-M03-0109,True Positive,0,High Risk (>60%)
62.0,1.0,2.0,120.0,284.0,0.0,2.0,146.0,0.0,2.2,2.0,0.0,3.0,1,1,Atypical Angina,Male,<= 120 mg/dl,Left Ventricular Hypertrophy,No,Flat,Normal,Senior (>=55),Month 3,3,0,0.3769,SIMULATED_MONITORING_DATA (EDUCATIONAL_USE_ONLY),PT-M03-0110,False Negative,1,Low Risk (<40%)
66.0,0.0,4.0,124.0,197.0,0.0,0.0,124.0,1.0,0.09,2.0,0.0,3.0,1,1,Asymptomatic,Female,<= 120 mg/dl,Normal,Yes,Flat,Normal,Senior (>=55),Month 3,3,0,0.4714,SIMULATED_MONITORING_DATA (EDUCATIONAL_USE_ONLY),PT-M03-0111,False Negative,1,Moderate Risk (40-60%)
69.0,1.0,1.0,138.0,282.0,1.0,2.0,155.0,0.0,1.79,2.0,1.0,3.0,1,1,Typical Angina,Male,> 120 mg/dl,Left Ventricular Hypertrophy,No,Flat,Normal,Senior (>=55),Month 3,3,1,0.5477,SIMULATED_MONITORING_DATA (EDUCATIONAL_USE_ONLY),PT-M03-0112,True Positive,0,Moderate Risk (40-60%)
61.0,0.0,4.0,120.0,354.0,0.0,0.0,153.0,1.0,0.87,1.0,0.0,3.0,0,0,Asymptomatic,Female,<= 120 mg/dl,Normal,Yes,Upsloping,Normal,Senior (>=55),Month 3,3,0,0.3726,SIMULATED_MONITORING_DATA (EDUCATIONAL_USE_ONLY),PT-M03-0113,True Negative,0,Low Risk (<40%)
60.0,0.0,1.0,150.0,283.0,1.0,2.0,149.0,0.0,1.08,1.0,0.0,3.0,0,0,Typical Angina,Female,> 120 mg/dl,Left Ventricular Hypertrophy,No,Upsloping,Normal,Senior (>=55),Month 3,3,0,0.1997,SIMULATED_MONITORING_DATA (EDUCATIONAL_USE_ONLY),PT-M03-0114,True Negative,0,Low Risk (<40%)
63.0,0.0,1.0,150.0,283.0,1.0,2.0,148.0,0.0,1.38,1.0,0.0,3.0,0,0,Typical Angina,Female,> 120 mg/dl,Left Ventricular Hypertrophy,No,Upsloping,Normal,Senior (>=55),Month 3,3,0,0.1953,SIMULATED_MONITORING_DATA (EDUCATIONAL_USE_ONLY),PT-M03-0115,True Negative,0,Low Risk (<40%)
65.0,0.0,3.0,130.0,263.0,0.0,0.0,99.0,0.0,1.31,2.0,1.0,7.0,2,1,Non-Anginal Pain,Female,<= 120 mg/dl,Normal,No,Flat,Reversible Defect,Senior (>=55),Month 3,3,1,0.7217,SIMULATED_MONITORING_DATA (EDUCATIONAL_USE_ONLY),PT-M03-0116,True Positive,0,High Risk (>60%)
68.0,1.0,4.0,120.0,177.0,0.0,0.0,130.0,0.0,0.66,1.0,0.0,7.0,0,0,Asymptomatic,Male,<= 120 mg/dl,Normal,No,Upsloping,Reversible Defect,Senior (>=55),Month 3,3,1,0.5325,SIMULATED_MONITORING_DATA (EDUCATIONAL_USE_ONLY),PT-M03-0117,False Positive,1,Moderate Risk (40-60%)
45.0,1.0,4.0,120.0,177.0,0.0,2.0,108.0,1.0,3.09,2.0,0.0,7.0,3,1,Asymptomatic,Male,<= 120 mg/dl,Left Ventricular Hypertrophy,Yes,Flat,Reversible Defect,Younger (<55),Month 3,3,1,0.9025,SIMULATED_MONITORING_DATA (EDUCATIONAL_USE_ONLY),PT-M03-0118,True Positive,0,High Risk (>60%)
70.0,1.0,4.0,125.0,254.0,1.0,0.0,149.0,0.0,0.22,2.0,2.0,7.0,3,1,Asymptomatic,Male,> 120 mg/dl,Normal,No,Flat,Reversible Defect,Senior (>=55),Month 3,3,1,0.7411,SIMULATED_MONITORING_DATA (EDUCATIONAL_USE_ONLY),PT-M03-0119,True Positive,0,High Risk (>60%)
67.0,1.0,1.0,138.0,282.0,1.0,2.0,164.0,0.0,1.67,2.0,1.0,3.0,1,1,Typical Angina,Male,> 120 mg/dl,Left Ventricular Hypertrophy,No,Flat,Normal,Senior (>=55),Month 3,3,1,0.5702,SIMULATED_MONITORING_DATA (EDUCATIONAL_USE_ONLY),PT-M03-0120,True Positive,0,Moderate Risk (40-60%)
67.0,1.0,1.0,110.0,211.0,0.0,2.0,133.0,1.0,2.06,2.0,0.0,3.0,0,0,Typical Angina,Male,<= 120 mg/dl,Left Ventricular Hypertrophy,Yes,Flat,Normal,Senior (>=55),Month 3,3,0,0.4125,SIMULATED_MONITORING_DATA (EDUCATIONAL_USE_ONLY),PT-M03-0121,True Negative,0,Moderate Risk (40-60%)
63.0,1.0,3.0,128.0,229.0,0.0,2.0,134.0,0.0,0.54,2.0,1.0,7.0,1,1,Non-Anginal Pain,Male,<= 120 mg/dl,Left Ventricular Hypertrophy,No,Flat,Reversible Defect,Senior (>=55),Month 3,3,1,0.7713,SIMULATED_MONITORING_DATA (EDUCATIONAL_USE_ONLY),PT-M03-0122,True Positive,0,High Risk (>60%)
66.0,0.0,4.0,150.0,225.0,0.0,2.0,108.0,0.0,1.22,2.0,3.0,7.0,4,1,Asymptomatic,Female,<= 120 mg/dl,Left Ventricular Hypertrophy,No,Flat,Reversible Defect,Senior (>=55),Month 3,3,1,0.884,SIMULATED_MONITORING_DATA (EDUCATIONAL_USE_ONLY),PT-M03-0123,True Positive,0,High Risk (>60%)
36.0,0.0,4.0,138.0,183.0,0.0,0.0,165.0,0.0,1.79,1.0,0.0,3.0,0,0,Asymptomatic,Female,<= 120 mg/dl,Normal,No,Upsloping,Normal,Younger (<55),Month 3,3,0,0.154,SIMULATED_MONITORING_DATA (EDUCATIONAL_USE_ONLY),PT-M03-0124,True Negative,0,Low Risk (<40%)
72.0,1.0,4.0,112.0,212.0,0.0,2.0,127.0,1.0,0.35,1.0,1.0,3.0,2,1,Asymptomatic,Male,<= 120 mg/dl,Left Ventricular Hypertrophy,Yes,Upsloping,Normal,Senior (>=55),Month 3,3,1,0.7323,SIMULATED_MONITORING_DATA (EDUCATIONAL_USE_ONLY),PT-M03-0125,True Positive,0,High Risk (>60%)
69.0,1.0,4.0,160.0,228.0,0.0,2.0,130.0,0.0,2.88,1.0,0.0,6.0,0,0,Asymptomatic,Male,<= 120 mg/dl,Left Ventricular Hypertrophy,No,Upsloping,Fixed Defect,Senior (>=55),Month 3,3,1,0.5979,SIMULATED_MONITORING_DATA (EDUCATIONAL_USE_ONLY),PT-M03-0126,False Positive,1,Moderate Risk (40-60%)
60.0,1.0,4.0,114.0,318.0,0.0,1.0,127.0,0.0,5.1,3.0,3.0,6.0,4,1,Asymptomatic,Male,<= 120 mg/dl,ST-T Abnormality,No,Downsloping,Fixed Defect,Senior (>=55),Month 3,3,1,0.8144,SIMULATED_MONITORING_DATA (EDUCATIONAL_USE_ONLY),PT-M03-0127,True Positive,0,High Risk (>60%)
65.0,1.0,4.0,117.0,230.0,1.0,0.0,151.0,1.0,1.69,1.0,2.0,7.0,2,1,Asymptomatic,Male,> 120 mg/dl,Normal,Yes,Upsloping,Reversible Defect,Senior (>=55),Month 3,3,1,0.8449,SIMULATED_MONITORING_DATA (EDUCATIONAL_USE_ONLY),PT-M03-0128,True Positive,0,High Risk (>60%)
61.0,0.0,4.0,100.0,248.0,0.0,2.0,112.0,0.0,1.08,2.0,0.0,3.0,0,0,Asymptomatic,Female,<= 120 mg/dl,Left Ventricular Hypertrophy,No,Flat,Normal,Senior (>=55),Month 3,3,0,0.3167,SIMULATED_MONITORING_DATA (EDUCATIONAL_USE_ONLY),PT-M03-0129,True Negative,0,Low Risk (<40%)
62.0,0.0,4.0,200.0,288.0,1.0,2.0,125.0,1.0,4.62,3.0,2.0,7.0,3,1,Asymptomatic,Female,> 120 mg/dl,Left Ventricular Hypertrophy,Yes,Downsloping,Reversible Defect,Senior (>=55),Month 3,3,1,0.9462,SIMULATED_MONITORING_DATA (EDUCATIONAL_USE_ONLY),PT-M03-0130,True Positive,0,High Risk (>60%)
68.0,1.0,4.0,140.0,187.0,0.0,2.0,134.0,1.0,4.8,1.0,2.0,7.0,2,1,Asymptomatic,Male,<= 120 mg/dl,Left Ventricular Hypertrophy,Yes,Upsloping,Reversible Defect,Senior (>=55),Month 3,3,1,0.9178,SIMULATED_MONITORING_DATA (EDUCATIONAL_USE_ONLY),PT-M03-0131,True Positive,0,High Risk (>60%)
66.0,0.0,2.0,140.0,195.0,0.0,0.0,162.0,0.0,0.26,1.0,2.0,3.0,0,0,Atypical Angina,Female,<= 120 mg/dl,Normal,No,Upsloping,Normal,Senior (>=55),Month 3,3,0,0.2243,SIMULATED_MONITORING_DATA (EDUCATIONAL_USE_ONLY),PT-M03-0132,True Negative,0,Low Risk (<40%)
71.0,1.0,4.0,128.0,263.0,0.0,0.0,95.0,1.0,0.21,2.0,1.0,7.0,0,0,Asymptomatic,Male,<= 120 mg/dl,Normal,Yes,Flat,Reversible Defect,Senior (>=55),Month 3,3,1,0.7496,SIMULATED_MONITORING_DATA (EDUCATIONAL_USE_ONLY),PT-M03-0133,False Positive,1,High Risk (>60%)
77.0,0.0,2.0,120.0,269.0,0.0,2.0,114.0,1.0,0.27,1.0,1.0,3.0,0,0,Atypical Angina,Female,<= 120 mg/dl,Left Ventricular Hypertrophy,Yes,Upsloping,Normal,Senior (>=55),Month 3,3,0,0.3638,SIMULATED_MONITORING_DATA (EDUCATIONAL_USE_ONLY),PT-M03-0134,True Negative,0,Low Risk (<40%)
69.0,0.0,4.0,180.0,325.0,0.0,0.0,141.0,1.0,0.1,1.0,0.0,3.0,0,0,Asymptomatic,Female,<= 120 mg/dl,Normal,Yes,Upsloping,Normal,Senior (>=55),Month 3,3,0,0.3977,SIMULATED_MONITORING_DATA (EDUCATIONAL_USE_ONLY),PT-M03-0135,True Negative,0,Low Risk (<40%)
62.0,1.0,3.0,140.0,211.0,1.0,2.0,151.0,0.0,0.13,1.0,0.0,3.0,0,0,Non-Anginal Pain,Male,> 120 mg/dl,Left Ventricular Hypertrophy,No,Upsloping,Normal,Senior (>=55),Month 3,3,0,0.1702,SIMULATED_MONITORING_DATA (EDUCATIONAL_USE_ONLY),PT-M03-0136,True Negative,0,Low Risk (<40%)
65.0,0.0,4.0,150.0,258.0,0.0,2.0,142.0,0.0,3.01,2.0,2.0,7.0,3,1,Asymptomatic,Female,<= 120 mg/dl,Left Ventricular Hypertrophy,No,Flat,Reversible Defect,Senior (>=55),Month 3,3,1,0.9022,SIMULATED_MONITORING_DATA (EDUCATIONAL_USE_ONLY),PT-M03-0137,True Positive,0,High Risk (>60%)
75.0,0.0,1.0,140.0,239.0,0.0,0.0,140.0,0.0,2.21,1.0,2.0,3.0,0,0,Typical Angina,Female,<= 120 mg/dl,Normal,No,Upsloping,Normal,Senior (>=55),Month 3,3,0,0.2371,SIMULATED_MONITORING_DATA (EDUCATIONAL_USE_ONLY),PT-M03-0138,True Negative,0,Low Risk (<40%)
67.0,0.0,3.0,135.0,252.0,0.0,2.0,164.0,0.0,0.05,1.0,0.0,3.0,0,0,Non-Anginal Pain,Female,<= 120 mg/dl,Left Ventricular Hypertrophy,No,Upsloping,Normal,Senior (>=55),Month 3,3,0,0.1314,SIMULATED_MONITORING_DATA (EDUCATIONAL_USE_ONLY),PT-M03-0139,True Negative,0,Low Risk (<40%)
58.0,0.0,4.0,134.0,409.0,0.0,2.0,135.0,1.0,2.28,2.0,2.0,7.0,2,1,Asymptomatic,Female,<= 120 mg/dl,Left Ventricular Hypertrophy,Yes,Flat,Reversible Defect,Senior (>=55),Month 3,3,1,0.9495,SIMULATED_MONITORING_DATA (EDUCATIONAL_USE_ONLY),PT-M03-0140,True Positive,0,High Risk (>60%)
69.0,1.0,4.0,135.0,254.0,0.0,2.0,117.0,0.0,3.37,2.0,1.0,7.0,2,1,Asymptomatic,Male,<= 120 mg/dl,Left Ventricular Hypertrophy,No,Flat,Reversible Defect,Senior (>=55),Month 3,3,1,0.9351,SIMULATED_MONITORING_DATA (EDUCATIONAL_USE_ONLY),PT-M03-0141,True Positive,0,High Risk (>60%)
76.0,0.0,2.0,120.0,269.0,0.0,2.0,116.0,1.0,0.33,1.0,1.0,3.0,0,0,Atypical Angina,Female,<= 120 mg/dl,Left Ventricular Hypertrophy,Yes,Upsloping,Normal,Senior (>=55),Month 3,3,0,0.3573,SIMULATED_MONITORING_DATA (EDUCATIONAL_USE_ONLY),PT-M03-0142,True Negative,0,Low Risk (<40%)
68.0,1.0,4.0,140.0,207.0,0.0,2.0,127.0,1.0,2.24,1.0,1.0,7.0,1,1,Asymptomatic,Male,<= 120 mg/dl,Left Ventricular Hypertrophy,Yes,Upsloping,Reversible Defect,Senior (>=55),Month 3,3,1,0.9027,SIMULATED_MONITORING_DATA (EDUCATIONAL_USE_ONLY),PT-M03-0143,True Positive,0,High Risk (>60%)
62.0,0.0,4.0,170.0,225.0,1.0,2.0,136.0,1.0,3.31,2.0,2.0,6.0,2,1,Asymptomatic,Female,> 120 mg/dl,Left Ventricular Hypertrophy,Yes,Flat,Fixed Defect,Senior (>=55),Month 3,3,1,0.8558,SIMULATED_MONITORING_DATA (EDUCATIONAL_USE_ONLY),PT-M03-0144,True Positive,0,High Risk (>60%)
66.0,0.0,2.0,140.0,195.0,0.0,0.0,161.0,0.0,0.09,1.0,2.0,3.0,0,0,Atypical Angina,Female,<= 120 mg/dl,Normal,No,Upsloping,Normal,Senior (>=55),Month 3,3,0,0.2376,SIMULATED_MONITORING_DATA (EDUCATIONAL_USE_ONLY),PT-M03-0145,True Negative,0,Low Risk (<40%)
49.0,1.0,2.0,128.0,308.0,0.0,2.0,158.0,0.0,0.06,1.0,0.0,3.0,0,0,Atypical Angina,Male,<= 120 mg/dl,Left Ventricular Hypertrophy,No,Upsloping,Normal,Younger (<55),Month 3,3,0,0.1538,SIMULATED_MONITORING_DATA (EDUCATIONAL_USE_ONLY),PT-M03-0146,True Negative,0,Low Risk (<40%)
57.0,0.0,4.0,200.0,288.0,1.0,2.0,122.0,1.0,4.67,3.0,2.0,7.0,3,1,Asymptomatic,Female,> 120 mg/dl,Left Ventricular Hypertrophy,Yes,Downsloping,Reversible Defect,Senior (>=55),Month 3,3,1,0.9449,SIMULATED_MONITORING_DATA (EDUCATIONAL_USE_ONLY),PT-M03-0147,True Positive,0,High Risk (>60%)
64.0,0.0,4.0,124.0,209.0,0.0,0.0,153.0,0.0,0.26,1.0,0.0,3.0,0,0,Asymptomatic,Female,<= 120 mg/dl,Normal,No,Upsloping,Normal,Senior (>=55),Month 3,3,0,0.1709,SIMULATED_MONITORING_DATA (EDUCATIONAL_USE_ONLY),PT-M03-0148,True Negative,0,Low Risk (<40%)
76.0,0.0,2.0,160.0,302.0,0.0,0.0,153.0,0.0,0.62,1.0,2.0,3.0,0,0,Atypical Angina,Female,<= 120 mg/dl,Normal,No,Upsloping,Normal,Senior (>=55),Month 3,3,0,0.2103,SIMULATED_MONITORING_DATA (EDUCATIONAL_USE_ONLY),PT-M03-0149,True Negative,0,Low Risk (<40%)
65.0,0.0,4.0,138.0,294.0,1.0,0.0,105.0,0.0,2.26,2.0,3.0,3.0,2,1,Asymptomatic,Female,> 120 mg/dl,Normal,No,Flat,Normal,Senior (>=55),Month 3,3,1,0.6143,SIMULATED_MONITORING_DATA (EDUCATIONAL_USE_ONLY),PT-M03-0150,True Positive,0,High Risk (>60%)
64.0,0.0,4.0,124.0,209.0,0.0,0.0,152.0,0.0,0.17,1.0,0.0,3.0,0,0,Asymptomatic,Female,<= 120 mg/dl,Normal,No,Upsloping,Normal,Senior (>=55),Month 3,3,0,0.1812,SIMULATED_MONITORING_DATA (EDUCATIONAL_USE_ONLY),PT-M03-0151,True Negative,0,Low Risk (<40%)
64.0,1.0,4.0,117.0,230.0,1.0,0.0,148.0,1.0,1.68,1.0,2.0,7.0,2,1,Asymptomatic,Male,> 120 mg/dl,Normal,Yes,Upsloping,Reversible Defect,Senior (>=55),Month 3,3,1,0.8575,SIMULATED_MONITORING_DATA (EDUCATIONAL_USE_ONLY),PT-M03-0152,True Positive,0,High Risk (>60%)
56.0,0.0,4.0,130.0,305.0,0.0,0.0,131.0,1.0,1.6,2.0,0.0,7.0,2,1,Asymptomatic,Female,<= 120 mg/dl,Normal,Yes,Flat,Reversible Defect,Senior (>=55),Month 3,3,1,0.8947,SIMULATED_MONITORING_DATA (EDUCATIONAL_USE_ONLY),PT-M03-0153,True Positive,0,High Risk (>60%)
76.0,0.0,4.0,112.0,149.0,0.0,0.0,114.0,0.0,1.98,2.0,0.0,3.0,0,0,Asymptomatic,Female,<= 120 mg/dl,Normal,No,Flat,Normal,Senior (>=55),Month 3,3,0,0.3142,SIMULATED_MONITORING_DATA (EDUCATIONAL_USE_ONLY),PT-M03-0154,True Negative,0,Low Risk (<40%)
70.0,0.0,3.0,155.0,269.0,0.0,0.0,137.0,0.0,1.01,1.0,0.0,3.0,0,0,Non-Anginal Pain,Female,<= 120 mg/dl,Normal,No,Upsloping,Normal,Senior (>=55),Month 3,3,0,0.118,SIMULATED_MONITORING_DATA (EDUCATIONAL_USE_ONLY),PT-M03-0155,True Negative,0,Low Risk (<40%)
68.0,1.0,2.0,160.0,246.0,0.0,0.0,110.0,1.0,0.14,2.0,3.0,6.0,2,1,Atypical Angina,Male,<= 120 mg/dl,Normal,Yes,Flat,Fixed Defect,Senior (>=55),Month 3,3,1,0.7458,SIMULATED_MONITORING_DATA (EDUCATIONAL_USE_ONLY),PT-M03-0156,True Positive,0,High Risk (>60%)
66.0,1.0,4.0,135.0,254.0,0.0,2.0,117.0,0.0,3.16,2.0,1.0,7.0,2,1,Asymptomatic,Male,<= 120 mg/dl,Left Ventricular Hypertrophy,No,Flat,Reversible Defect,Senior (>=55),Month 3,3,1,0.9402,SIMULATED_MONITORING_DATA (EDUCATIONAL_USE_ONLY),PT-M03-0157,True Positive,0,High Risk (>60%)
59.0,1.0,3.0,130.0,246.0,1.0,2.0,163.0,0.0,0.0,1.0,3.0,3.0,0,0,Non-Anginal Pain,Male,> 120 mg/dl,Left Ventricular Hypertrophy,No,Upsloping,Normal,Senior (>=55),Month 3,3,0,0.3858,SIMULATED_MONITORING_DATA (EDUCATIONAL_USE_ONLY),PT-M03-0158,True Negative,0,Low Risk (<40%)
50.0,1.0,4.0,112.0,204.0,0.0,0.0,129.0,0.0,0.1,1.0,0.0,3.0,0,0,Asymptomatic,Male,<= 120 mg/dl,Normal,No,Upsloping,Normal,Younger (<55),Month 3,3,0,0.225,SIMULATED_MONITORING_DATA (EDUCATIONAL_USE_ONLY),PT-M03-0159,True Negative,0,Low Risk (<40%)
63.0,1.0,4.0,140.0,293.0,0.0,2.0,160.0,0.0,1.49,2.0,2.0,7.0,2,1,Asymptomatic,Male,<= 120 mg/dl,Left Ventricular Hypertrophy,No,Flat,Reversible Defect,Senior (>=55),Month 3,3,1,0.9187,SIMULATED_MONITORING_DATA (EDUCATIONAL_USE_ONLY),PT-M03-0160,True Positive,0,High Risk (>60%)
80.0,0.0,3.0,140.0,197.0,0.0,1.0,111.0,0.0,1.54,2.0,0.0,3.0,0,0,Non-Anginal Pain,Female,<= 120 mg/dl,ST-T Abnormality,No,Flat,Normal,Senior (>=55),Month 3,3,0,0.2333,SIMULATED_MONITORING_DATA (EDUCATIONAL_USE_ONLY),PT-M03-0161,True Negative,0,Low Risk (<40%)
49.0,1.0,4.0,115.0,260.0,0.0,2.0,170.0,0.0,0.32,1.0,0.0,3.0,0,0,Asymptomatic,Male,<= 120 mg/dl,Left Ventricular Hypertrophy,No,Upsloping,Normal,Younger (<55),Month 3,3,0,0.2073,SIMULATED_MONITORING_DATA (EDUCATIONAL_USE_ONLY),PT-M03-0162,True Negative,0,Low Risk (<40%)
63.0,1.0,4.0,110.0,239.0,0.0,2.0,124.0,1.0,1.54,2.0,1.0,7.0,2,1,Asymptomatic,Male,<= 120 mg/dl,Left Ventricular Hypertrophy,Yes,Flat,Reversible Defect,Senior (>=55),Month 3,3,1,0.9492,SIMULATED_MONITORING_DATA (EDUCATIONAL_USE_ONLY),PT-M03-0163,True Positive,0,High Risk (>60%)
46.0,1.0,4.0,118.0,219.0,0.0,0.0,127.0,0.0,1.53,2.0,0.0,7.0,3,1,Asymptomatic,Male,<= 120 mg/dl,Normal,No,Flat,Reversible Defect,Younger (<55),Month 3,3,1,0.8005,SIMULATED_MONITORING_DATA (EDUCATIONAL_USE_ONLY),PT-M03-0164,True Positive,0,High Risk (>60%)
61.0,0.0,3.0,120.0,340.0,0.0,0.0,162.0,0.0,0.0,1.0,0.0,3.0,0,0,Non-Anginal Pain,Female,<= 120 mg/dl,Normal,No,Upsloping,Normal,Senior (>=55),Month 3,3,0,0.164,SIMULATED_MONITORING_DATA (EDUCATIONAL_USE_ONLY),PT-M03-0165,True Negative,0,Low Risk (<40%)
50.0,1.0,1.0,110.0,264.0,0.0,0.0,121.0,0.0,1.43,2.0,0.0,7.0,1,1,Typical Angina,Male,<= 120 mg/dl,Normal,No,Flat,Reversible Defect,Younger (<55),Month 3,3,1,0.6098,SIMULATED_MONITORING_DATA (EDUCATIONAL_USE_ONLY),PT-M03-0166,True Positive,0,High Risk (>60%)
65.0,0.0,4.0,130.0,330.0,0.0,2.0,152.0,0.0,0.02,1.0,0.0,3.0,1,1,Asymptomatic,Female,<= 120 mg/dl,Left Ventricular Hypertrophy,No,Upsloping,Normal,Senior (>=55),Month 3,3,0,0.3532,SIMULATED_MONITORING_DATA (EDUCATIONAL_USE_ONLY),PT-M03-0167,False Negative,1,Low Risk (<40%)
62.0,1.0,2.0,125.0,220.0,0.0,0.0,131.0,0.0,0.5,2.0,0.0,7.0,0,0,Atypical Angina,Male,<= 120 mg/dl,Normal,No,Flat,Reversible Defect,Senior (>=55),Month 3,3,1,0.5744,SIMULATED_MONITORING_DATA (EDUCATIONAL_USE_ONLY),PT-M03-0168,False Positive,1,Moderate Risk (40-60%)
68.0,1.0,2.0,120.0,281.0,0.0,2.0,97.0,0.0,1.69,2.0,1.0,7.0,3,1,Atypical Angina,Male,<= 120 mg/dl,Left Ventricular Hypertrophy,No,Flat,Reversible Defect,Senior (>=55),Month 3,3,1,0.7768,SIMULATED_MONITORING_DATA (EDUCATIONAL_USE_ONLY),PT-M03-0169,True Positive,0,High Risk (>60%)
67.0,0.0,3.0,135.0,252.0,0.0,2.0,160.0,0.0,0.05,1.0,0.0,3.0,0,0,Non-Anginal Pain,Female,<= 120 mg/dl,Left Ventricular Hypertrophy,No,Upsloping,Normal,Senior (>=55),Month 3,3,0,0.1317,SIMULATED_MONITORING_DATA (EDUCATIONAL_USE_ONLY),PT-M03-0170,True Negative,0,Low Risk (<40%)
74.0,1.0,3.0,160.0,269.0,0.0,0.0,102.0,1.0,3.24,2.0,1.0,7.0,3,1,Non-Anginal Pain,Male,<= 120 mg/dl,Normal,Yes,Flat,Reversible Defect,Senior (>=55),Month 3,3,1,0.8658,SIMULATED_MONITORING_DATA (EDUCATIONAL_USE_ONLY),PT-M03-0171,True Positive,0,High Risk (>60%)
60.0,0.0,4.0,180.0,327.0,0.0,1.0,107.0,1.0,4.08,2.0,0.0,3.0,2,1,Asymptomatic,Female,<= 120 mg/dl,ST-T Abnormality,Yes,Flat,Normal,Senior (>=55),Month 3,3,1,0.6843,SIMULATED_MONITORING_DATA (EDUCATIONAL_USE_ONLY),PT-M03-0172,True Positive,0,High Risk (>60%)
38.0,1.0,4.0,126.0,282.0,0.0,2.0,142.0,1.0,0.0,1.0,0.0,7.0,1,1,Asymptomatic,Male,<= 120 mg/dl,Left Ventricular Hypertrophy,Yes,Upsloping,Reversible Defect,Younger (<55),Month 3,3,1,0.7171,SIMULATED_MONITORING_DATA (EDUCATIONAL_USE_ONLY),PT-M03-0173,True Positive,0,High Risk (>60%)
60.0,1.0,4.0,125.0,300.0,0.0,2.0,155.0,0.0,0.12,1.0,2.0,7.0,1,1,Asymptomatic,Male,<= 120 mg/dl,Left Ventricular Hypertrophy,No,Upsloping,Reversible Defect,Senior (>=55),Month 3,3,1,0.7496,SIMULATED_MONITORING_DATA (EDUCATIONAL_USE_ONLY),PT-M03-0174,True Positive,0,High Risk (>60%)
43.0,1.0,2.0,120.0,157.0,0.0,0.0,172.0,0.0,0.31,1.0,0.0,3.0,0,0,Atypical Angina,Male,<= 120 mg/dl,Normal,No,Upsloping,Normal,Younger (<55),Month 3,3,0,0.0514,SIMULATED_MONITORING_DATA (EDUCATIONAL_USE_ONLY),PT-M03-0175,True Negative,0,Low Risk (<40%)
60.0,1.0,4.0,110.0,239.0,0.0,2.0,130.0,1.0,1.39,2.0,1.0,7.0,2,1,Asymptomatic,Male,<= 120 mg/dl,Left Ventricular Hypertrophy,Yes,Flat,Reversible Defect,Senior (>=55),Month 3,3,1,0.9559,SIMULATED_MONITORING_DATA (EDUCATIONAL_USE_ONLY),PT-M03-0176,True Positive,0,High Risk (>60%)
66.0,1.0,4.0,135.0,234.0,0.0,0.0,152.0,0.0,0.42,2.0,0.0,7.0,0,0,Asymptomatic,Male,<= 120 mg/dl,Normal,No,Flat,Reversible Defect,Senior (>=55),Month 3,3,1,0.5802,SIMULATED_MONITORING_DATA (EDUCATIONAL_USE_ONLY),PT-M03-0177,False Positive,1,Moderate Risk (40-60%)
60.0,1.0,4.0,146.0,218.0,0.0,0.0,101.0,0.0,2.37,2.0,1.0,7.0,1,1,Asymptomatic,Male,<= 120 mg/dl,Normal,No,Flat,Reversible Defect,Senior (>=55),Month 3,3,1,0.9355,SIMULATED_MONITORING_DATA (EDUCATIONAL_USE_ONLY),PT-M03-0178,True Positive,0,High Risk (>60%)
49.0,1.0,4.0,140.0,311.0,0.0,0.0,113.0,1.0,2.28,2.0,2.0,7.0,2,1,Asymptomatic,Male,<= 120 mg/dl,Normal,Yes,Flat,Reversible Defect,Younger (<55),Month 3,3,1,0.9682,SIMULATED_MONITORING_DATA (EDUCATIONAL_USE_ONLY),PT-M03-0179,True Positive,0,High Risk (>60%)
59.0,0.0,4.0,134.0,409.0,0.0,2.0,137.0,1.0,2.48,2.0,2.0,7.0,2,1,Asymptomatic,Female,<= 120 mg/dl,Left Ventricular Hypertrophy,Yes,Flat,Reversible Defect,Senior (>=55),Month 3,3,1,0.9576,SIMULATED_MONITORING_DATA (EDUCATIONAL_USE_ONLY),PT-M03-0180,True Positive,0,High Risk (>60%)
72.0,1.0,4.0,144.0,193.0,1.0,0.0,131.0,0.0,3.89,2.0,2.0,7.0,2,1,Asymptomatic,Male,> 120 mg/dl,Normal,No,Flat,Reversible Defect,Senior (>=55),Month 3,3,1,0.8939,SIMULATED_MONITORING_DATA (EDUCATIONAL_USE_ONLY),PT-M03-0181,True Positive,0,High Risk (>60%)
63.0,0.0,4.0,100.0,248.0,0.0,2.0,112.0,0.0,1.3,2.0,0.0,3.0,0,0,Asymptomatic,Female,<= 120 mg/dl,Left Ventricular Hypertrophy,No,Flat,Normal,Senior (>=55),Month 3,3,0,0.3086,SIMULATED_MONITORING_DATA (EDUCATIONAL_USE_ONLY),PT-M03-0182,True Negative,0,Low Risk (<40%)
66.0,1.0,4.0,120.0,260.0,0.0,0.0,126.0,1.0,4.19,2.0,1.0,7.0,2,1,Asymptomatic,Male,<= 120 mg/dl,Normal,Yes,Flat,Reversible Defect,Senior (>=55),Month 3,3,1,0.9352,SIMULATED_MONITORING_DATA (EDUCATIONAL_USE_ONLY),PT-M03-0183,True Positive,0,High Risk (>60%)
66.0,1.0,4.0,130.0,254.0,0.0,2.0,136.0,0.0,1.7,2.0,1.0,7.0,2,1,Asymptomatic,Male,<= 120 mg/dl,Left Ventricular Hypertrophy,No,Flat,Reversible Defect,Senior (>=55),Month 3,3,1,0.929,SIMULATED_MONITORING_DATA (EDUCATIONAL_USE_ONLY),PT-M03-0184,True Positive,0,High Risk (>60%)
61.0,0.0,4.0,130.0,197.0,0.0,0.0,117.0,0.0,1.05,2.0,0.0,3.0,0,0,Asymptomatic,Female,<= 120 mg/dl,Normal,No,Flat,Normal,Senior (>=55),Month 3,3,0,0.2896,SIMULATED_MONITORING_DATA (EDUCATIONAL_USE_ONLY),PT-M03-0185,True Negative,0,Low Risk (<40%)
61.0,0.0,4.0,140.0,241.0,0.0,0.0,117.0,1.0,0.18,2.0,0.0,7.0,1,1,Asymptomatic,Female,<= 120 mg/dl,Normal,Yes,Flat,Reversible Defect,Senior (>=55),Month 3,3,1,0.7353,SIMULATED_MONITORING_DATA (EDUCATIONAL_USE_ONLY),PT-M03-0186,True Positive,0,High Risk (>60%)
57.0,1.0,4.0,110.0,239.0,0.0,0.0,115.0,1.0,3.35,2.0,1.0,7.0,3,1,Asymptomatic,Male,<= 120 mg/dl,Normal,Yes,Flat,Reversible Defect,Senior (>=55),Month 3,3,1,0.9439,SIMULATED_MONITORING_DATA (EDUCATIONAL_USE_ONLY),PT-M03-0187,True Positive,0,High Risk (>60%)
52.0,1.0,4.0,120.0,249.0,0.0,2.0,133.0,0.0,1.07,1.0,0.0,7.0,1,1,Asymptomatic,Male,<= 120 mg/dl,Left Ventricular Hypertrophy,No,Upsloping,Reversible Defect,Younger (<55),Month 3,3,1,0.7227,SIMULATED_MONITORING_DATA (EDUCATIONAL_USE_ONLY),PT-M03-0188,True Positive,0,High Risk (>60%)
72.0,1.0,3.0,180.0,274.0,1.0,2.0,139.0,1.0,2.05,2.0,0.0,7.0,3,1,Non-Anginal Pain,Male,> 120 mg/dl,Left Ventricular Hypertrophy,Yes,Flat,Reversible Defect,Senior (>=55),Month 3,3,1,0.8254,SIMULATED_MONITORING_DATA (EDUCATIONAL_USE_ONLY),PT-M03-0189,True Positive,0,High Risk (>60%)
63.0,0.0,4.0,170.0,225.0,1.0,2.0,134.0,1.0,3.33,2.0,2.0,6.0,2,1,Asymptomatic,Female,> 120 mg/dl,Left Ventricular Hypertrophy,Yes,Flat,Fixed Defect,Senior (>=55),Month 3,3,1,0.8563,SIMULATED_MONITORING_DATA (EDUCATIONAL_USE_ONLY),PT-M03-0190,True Positive,0,High Risk (>60%)
56.0,1.0,3.0,172.0,199.0,1.0,0.0,151.0,0.0,0.71,1.0,0.0,7.0,0,0,Non-Anginal Pain,Male,> 120 mg/dl,Normal,No,Upsloping,Reversible Defect,Senior (>=55),Month 3,3,0,0.3359,SIMULATED_MONITORING_DATA (EDUCATIONAL_USE_ONLY),PT-M03-0191,True Negative,0,Low Risk (<40%)
58.0,1.0,4.0,140.0,203.0,1.0,2.0,141.0,1.0,3.63,3.0,0.0,7.0,1,1,Asymptomatic,Male,> 120 mg/dl,Left Ventricular Hypertrophy,Yes,Downsloping,Reversible Defect,Senior (>=55),Month 3,3,1,0.9108,SIMULATED_MONITORING_DATA (EDUCATIONAL_USE_ONLY),PT-M03-0192,True Positive,0,High Risk (>60%)
47.0,1.0,4.0,150.0,247.0,0.0,0.0,160.0,0.0,1.85,1.0,0.0,3.0,0,0,Asymptomatic,Male,<= 120 mg/dl,Normal,No,Upsloping,Normal,Younger (<55),Month 3,3,0,0.2483,SIMULATED_MONITORING_DATA (EDUCATIONAL_USE_ONLY),PT-M03-0193,True Negative,0,Low Risk (<40%)
58.0,0.0,4.0,134.0,409.0,0.0,2.0,134.0,1.0,2.25,2.0,2.0,7.0,2,1,Asymptomatic,Female,<= 120 mg/dl,Left Ventricular Hypertrophy,Yes,Flat,Reversible Defect,Senior (>=55),Month 3,3,1,0.9495,SIMULATED_MONITORING_DATA (EDUCATIONAL_USE_ONLY),PT-M03-0194,True Positive,0,High Risk (>60%)
68.0,1.0,1.0,170.0,227.0,0.0,2.0,143.0,0.0,0.85,2.0,0.0,7.0,0,0,Typical Angina,Male,<= 120 mg/dl,Left Ventricular Hypertrophy,No,Flat,Reversible Defect,Senior (>=55),Month 3,3,1,0.5392,SIMULATED_MONITORING_DATA (EDUCATIONAL_USE_ONLY),PT-M03-0195,False Positive,1,Moderate Risk (40-60%)
74.0,0.0,2.0,160.0,302.0,0.0,0.0,155.0,0.0,0.52,1.0,2.0,3.0,0,0,Atypical Angina,Female,<= 120 mg/dl,Normal,No,Upsloping,Normal,Senior (>=55),Month 3,3,0,0.2057,SIMULATED_MONITORING_DATA (EDUCATIONAL_USE_ONLY),PT-M03-0196,True Negative,0,Low Risk (<40%)
58.0,0.0,2.0,135.0,250.0,0.0,2.0,145.0,0.0,1.75,2.0,0.0,3.0,0,0,Atypical Angina,Female,<= 120 mg/dl,Left Ventricular Hypertrophy,No,Flat,Normal,Senior (>=55),Month 3,3,0,0.222,SIMULATED_MONITORING_DATA (EDUCATIONAL_USE_ONLY),PT-M03-0197,True Negative,0,Low Risk (<40%)
61.0,1.0,4.0,130.0,131.0,0.0,0.0,104.0,1.0,1.48,2.0,1.0,7.0,3,1,Asymptomatic,Male,<= 120 mg/dl,Normal,Yes,Flat,Reversible Defect,Senior (>=55),Month 3,3,1,0.9056,SIMULATED_MONITORING_DATA (EDUCATIONAL_USE_ONLY),PT-M03-0198,True Positive,0,High Risk (>60%)
40.0,0.0,4.0,138.0,183.0,0.0,0.0,169.0,0.0,1.82,1.0,0.0,3.0,0,0,Asymptomatic,Female,<= 120 mg/dl,Normal,No,Upsloping,Normal,Younger (<55),Month 3,3,0,0.1581,SIMULATED_MONITORING_DATA (EDUCATIONAL_USE_ONLY),PT-M03-0199,True Negative,0,Low Risk (<40%)
50.0,1.0,4.0,140.0,311.0,0.0,0.0,111.0,1.0,2.16,2.0,2.0,7.0,2,1,Asymptomatic,Male,<= 120 mg/dl,Normal,Yes,Flat,Reversible Defect,Younger (<55),Month 3,3,1,0.9682,SIMULATED_MONITORING_DATA (EDUCATIONAL_USE_ONLY),PT-M03-0200,True Positive,0,High Risk (>60%)
66.0,0.0,4.0,150.0,244.0,0.0,0.0,143.0,1.0,1.53,2.0,0.0,3.0,1,1,Asymptomatic,Female,<= 120 mg/dl,Normal,Yes,Flat,Normal,Senior (>=55),Month 3,3,0,0.493,SIMULATED_MONITORING_DATA (EDUCATIONAL_USE_ONLY),PT-M03-0201,False Negative,1,Moderate Risk (40-60%)
73.0,1.0,4.0,100.0,299.0,0.0,2.0,116.0,1.0,1.26,2.0,2.0,3.0,3,1,Asymptomatic,Male,<= 120 mg/dl,Left Ventricular Hypertrophy,Yes,Flat,Normal,Senior (>=55),Month 3,3,1,0.8525,SIMULATED_MONITORING_DATA (EDUCATIONAL_USE_ONLY),PT-M03-0202,True Positive,0,High Risk (>60%)
61.0,1.0,3.0,150.0,126.0,1.0,0.0,161.0,0.0,0.24,1.0,1.0,7.0,0,0,Non-Anginal Pain,Male,> 120 mg/dl,Normal,No,Upsloping,Reversible Defect,Senior (>=55),Month 3,3,0,0.3954,SIMULATED_MONITORING_DATA (EDUCATIONAL_USE_ONLY),PT-M03-0203,True Negative,0,Low Risk (<40%)
74.0,1.0,3.0,152.0,212.0,0.0,2.0,141.0,0.0,0.95,2.0,0.0,7.0,1,1,Non-Anginal Pain,Male,<= 120 mg/dl,Left Ventricular Hypertrophy,No,Flat,Reversible Defect,Senior (>=55),Month 3,3,1,0.6504,SIMULATED_MONITORING_DATA (EDUCATIONAL_USE_ONLY),PT-M03-0204,True Positive,0,High Risk (>60%)
68.0,1.0,1.0,170.0,227.0,0.0,2.0,144.0,0.0,0.73,2.0,0.0,7.0,0,0,Typical Angina,Male,<= 120 mg/dl,Left Ventricular Hypertrophy,No,Flat,Reversible Defect,Senior (>=55),Month 3,3,1,0.5266,SIMULATED_MONITORING_DATA (EDUCATIONAL_USE_ONLY),PT-M03-0205,False Positive,1,Moderate Risk (40-60%)
52.0,1.0,4.0,140.0,298.0,0.0,0.0,112.0,1.0,5.07,2.0,3.0,7.0,3,1,Asymptomatic,Male,<= 120 mg/dl,Normal,Yes,Flat,Reversible Defect,Younger (<55),Month 3,3,1,0.9617,SIMULATED_MONITORING_DATA (EDUCATIONAL_USE_ONLY),PT-M03-0206,True Positive,0,High Risk (>60%)
63.0,0.0,2.0,136.0,319.0,1.0,2.0,142.0,0.0,0.0,1.0,2.0,3.0,3,1,Atypical Angina,Female,> 120 mg/dl,Left Ventricular Hypertrophy,No,Upsloping,Normal,Senior (>=55),Month 3,3,0,0.3478,SIMULATED_MONITORING_DATA (EDUCATIONAL_USE_ONLY),PT-M03-0207,False Negative,1,Low Risk (<40%)
51.0,1.0,3.0,108.0,243.0,0.0,0.0,146.0,0.0,0.41,1.0,0.0,3.0,1,1,Non-Anginal Pain,Male,<= 120 mg/dl,Normal,No,Upsloping,Normal,Younger (<55),Month 3,3,0,0.1644,SIMULATED_MONITORING_DATA (EDUCATIONAL_USE_ONLY),PT-M03-0208,False Negative,1,Low Risk (<40%)
59.0,0.0,2.0,132.0,288.0,1.0,2.0,146.0,1.0,0.21,1.0,1.0,3.0,0,0,Atypical Angina,Female,> 120 mg/dl,Left Ventricular Hypertrophy,Yes,Upsloping,Normal,Senior (>=55),Month 3,3,0,0.3531,SIMULATED_MONITORING_DATA (EDUCATIONAL_USE_ONLY),PT-M03-0209,True Negative,0,Low Risk (<40%)
66.0,1.0,4.0,140.0,207.0,0.0,2.0,124.0,1.0,2.31,1.0,1.0,7.0,1,1,Asymptomatic,Male,<= 120 mg/dl,Left Ventricular Hypertrophy,Yes,Upsloping,Reversible Defect,Senior (>=55),Month 3,3,1,0.9027,SIMULATED_MONITORING_DATA (EDUCATIONAL_USE_ONLY),PT-M03-0210,True Positive,0,High Risk (>60%)
60.0,1.0,4.0,110.0,201.0,0.0,0.0,119.0,1.0,1.82,2.0,0.0,6.0,0,0,Asymptomatic,Male,<= 120 mg/dl,Normal,Yes,Flat,Fixed Defect,Senior (>=55),Month 3,3,1,0.6794,SIMULATED_MONITORING_DATA (EDUCATIONAL_USE_ONLY),PT-M03-0211,False Positive,1,High Risk (>60%)
67.0,1.0,1.0,138.0,282.0,1.0,2.0,160.0,0.0,1.74,2.0,1.0,3.0,1,1,Typical Angina,Male,> 120 mg/dl,Left Ventricular Hypertrophy,No,Flat,Normal,Senior (>=55),Month 3,3,1,0.5669,SIMULATED_MONITORING_DATA (EDUCATIONAL_USE_ONLY),PT-M03-0212,True Positive,0,Moderate Risk (40-60%)
47.0,0.0,3.0,108.0,141.0,0.0,0.0,154.0,0.0,0.84,2.0,0.0,3.0,0,0,Non-Anginal Pain,Female,<= 120 mg/dl,Normal,No,Flat,Normal,Younger (<55),Month 3,3,0,0.0774,SIMULATED_MONITORING_DATA (EDUCATIONAL_USE_ONLY),PT-M03-0213,True Negative,0,Low Risk (<40%)
67.0,1.0,4.0,120.0,177.0,0.0,0.0,131.0,0.0,0.62,1.0,0.0,7.0,0,0,Asymptomatic,Male,<= 120 mg/dl,Normal,No,Upsloping,Reversible Defect,Senior (>=55),Month 3,3,1,0.5275,SIMULATED_MONITORING_DATA (EDUCATIONAL_USE_ONLY),PT-M03-0214,False Positive,1,Moderate Risk (40-60%)
64.0,0.0,4.0,145.0,307.0,0.0,2.0,133.0,1.0,1.31,2.0,0.0,7.0,1,1,Asymptomatic,Female,<= 120 mg/dl,Left Ventricular Hypertrophy,Yes,Flat,Reversible Defect,Senior (>=55),Month 3,3,1,0.9029,SIMULATED_MONITORING_DATA (EDUCATIONAL_USE_ONLY),PT-M03-0215,True Positive,0,High Risk (>60%)
64.0,1.0,4.0,130.0,253.0,0.0,0.0,132.0,1.0,1.72,1.0,1.0,7.0,1,1,Asymptomatic,Male,<= 120 mg/dl,Normal,Yes,Upsloping,Reversible Defect,Senior (>=55),Month 3,3,1,0.8966,SIMULATED_MONITORING_DATA (EDUCATIONAL_USE_ONLY),PT-M03-0216,True Positive,0,High Risk (>60%)
56.0,0.0,2.0,120.0,244.0,0.0,0.0,150.0,0.0,1.35,1.0,0.0,3.0,0,0,Atypical Angina,Female,<= 120 mg/dl,Normal,No,Upsloping,Normal,Senior (>=55),Month 3,3,0,0.066,SIMULATED_MONITORING_DATA (EDUCATIONAL_USE_ONLY),PT-M03-0217,True Negative,0,Low Risk (<40%)
62.0,1.0,4.0,146.0,218.0,0.0,0.0,97.0,0.0,2.38,2.0,1.0,7.0,1,1,Asymptomatic,Male,<= 120 mg/dl,Normal,No,Flat,Reversible Defect,Senior (>=55),Month 3,3,1,0.9355,SIMULATED_MONITORING_DATA (EDUCATIONAL_USE_ONLY),PT-M03-0218,True Positive,0,High Risk (>60%)
60.0,0.0,4.0,170.0,225.0,1.0,2.0,136.0,1.0,3.3,2.0,2.0,6.0,2,1,Asymptomatic,Female,> 120 mg/dl,Left Ventricular Hypertrophy,Yes,Flat,Fixed Defect,Senior (>=55),Month 3,3,1,0.8544,SIMULATED_MONITORING_DATA (EDUCATIONAL_USE_ONLY),PT-M03-0219,True Positive,0,High Risk (>60%)
59.0,1.0,2.0,130.0,262.0,0.0,0.0,141.0,0.0,0.21,1.0,0.0,3.0,0,0,Atypical Angina,Male,<= 120 mg/dl,Normal,No,Upsloping,Normal,Senior (>=55),Month 3,3,0,0.2277,SIMULATED_MONITORING_DATA (EDUCATIONAL_USE_ONLY),PT-M03-0220,True Negative,0,Low Risk (<40%)
60.0,1.0,4.0,140.0,217.0,0.0,0.0,104.0,1.0,6.5,3.0,0.0,7.0,3,1,Asymptomatic,Male,<= 120 mg/dl,Normal,Yes,Downsloping,Reversible Defect,Senior (>=55),Month 3,3,1,0.8958,SIMULATED_MONITORING_DATA (EDUCATIONAL_USE_ONLY),PT-M03-0221,True Positive,0,High Risk (>60%)
65.0,1.0,2.0,128.0,208.0,1.0,2.0,128.0,0.0,0.0,1.0,0.0,3.0,0,0,Atypical Angina,Male,> 120 mg/dl,Left Ventricular Hypertrophy,No,Upsloping,Normal,Senior (>=55),Month 3,3,0,0.2431,SIMULATED_MONITORING_DATA (EDUCATIONAL_USE_ONLY),PT-M03-0222,True Negative,0,Low Risk (<40%)
79.0,0.0,3.0,140.0,197.0,0.0,1.0,109.0,0.0,1.43,2.0,0.0,3.0,0,0,Non-Anginal Pain,Female,<= 120 mg/dl,ST-T Abnormality,No,Flat,Normal,Senior (>=55),Month 3,3,0,0.2333,SIMULATED_MONITORING_DATA (EDUCATIONAL_USE_ONLY),PT-M03-0223,True Negative,0,Low Risk (<40%)
61.0,1.0,4.0,110.0,201.0,0.0,0.0,118.0,1.0,1.84,2.0,0.0,6.0,0,0,Asymptomatic,Male,<= 120 mg/dl,Normal,Yes,Flat,Fixed Defect,Senior (>=55),Month 3,3,1,0.6783,SIMULATED_MONITORING_DATA (EDUCATIONAL_USE_ONLY),PT-M03-0224,False Positive,1,High Risk (>60%)
59.0,1.0,3.0,128.0,229.0,0.0,2.0,135.0,0.0,0.56,2.0,1.0,7.0,1,1,Non-Anginal Pain,Male,<= 120 mg/dl,Left Ventricular Hypertrophy,No,Flat,Reversible Defect,Senior (>=55),Month 3,3,1,0.7906,SIMULATED_MONITORING_DATA (EDUCATIONAL_USE_ONLY),PT-M03-0225,True Positive,0,High Risk (>60%)
61.0,0.0,2.0,130.0,236.0,0.0,2.0,163.0,0.0,0.06,2.0,1.0,3.0,1,1,Atypical Angina,Female,<= 120 mg/dl,Left Ventricular Hypertrophy,No,Flat,Normal,Senior (>=55),Month 3,3,0,0.4217,SIMULATED_MONITORING_DATA (EDUCATIONAL_USE_ONLY),PT-M03-0226,False Negative,1,Moderate Risk (40-60%)
63.0,1.0,4.0,130.0,206.0,0.0,2.0,120.0,1.0,2.97,2.0,2.0,7.0,4,1,Asymptomatic,Male,<= 120 mg/dl,Left Ventricular Hypertrophy,Yes,Flat,Reversible Defect,Senior (>=55),Month 3,3,1,0.978,SIMULATED_MONITORING_DATA (EDUCATIONAL_USE_ONLY),PT-M03-0227,True Positive,0,High Risk (>60%)
69.0,1.0,1.0,138.0,282.0,1.0,2.0,163.0,0.0,1.8,2.0,1.0,3.0,1,1,Typical Angina,Male,> 120 mg/dl,Left Ventricular Hypertrophy,No,Flat,Normal,Senior (>=55),Month 3,3,1,0.5592,SIMULATED_MONITORING_DATA (EDUCATIONAL_USE_ONLY),PT-M03-0228,True Positive,0,Moderate Risk (40-60%)
64.0,0.0,3.0,130.0,263.0,0.0,0.0,90.0,0.0,1.4,2.0,1.0,7.0,2,1,Non-Anginal Pain,Female,<= 120 mg/dl,Normal,No,Flat,Reversible Defect,Senior (>=55),Month 3,3,1,0.7267,SIMULATED_MONITORING_DATA (EDUCATIONAL_USE_ONLY),PT-M03-0229,True Positive,0,High Risk (>60%)
59.0,1.0,4.0,125.0,249.0,1.0,2.0,138.0,1.0,1.52,2.0,1.0,3.0,1,1,Asymptomatic,Male,> 120 mg/dl,Left Ventricular Hypertrophy,Yes,Flat,Normal,Senior (>=55),Month 3,3,1,0.8444,SIMULATED_MONITORING_DATA (EDUCATIONAL_USE_ONLY),PT-M03-0230,True Positive,0,High Risk (>60%)
72.0,1.0,3.0,152.0,212.0,0.0,2.0,137.0,0.0,0.92,2.0,0.0,7.0,1,1,Non-Anginal Pain,Male,<= 120 mg/dl,Left Ventricular Hypertrophy,No,Flat,Reversible Defect,Senior (>=55),Month 3,3,1,0.6467,SIMULATED_MONITORING_DATA (EDUCATIONAL_USE_ONLY),PT-M03-0231,True Positive,0,High Risk (>60%)
70.0,0.0,3.0,152.0,277.0,0.0,0.0,157.0,0.0,0.0,1.0,1.0,3.0,0,0,Non-Anginal Pain,Female,<= 120 mg/dl,Normal,No,Upsloping,Normal,Senior (>=55),Month 3,3,0,0.1173,SIMULATED_MONITORING_DATA (EDUCATIONAL_USE_ONLY),PT-M03-0232,True Negative,0,Low Risk (<40%)
63.0,1.0,2.0,124.0,261.0,0.0,0.0,130.0,0.0,0.38,1.0,0.0,7.0,1,1,Atypical Angina,Male,<= 120 mg/dl,Normal,No,Upsloping,Reversible Defect,Senior (>=55),Month 3,3,0,0.4225,SIMULATED_MONITORING_DATA (EDUCATIONAL_USE_ONLY),PT-M03-0233,False Negative,1,Moderate Risk (40-60%)
68.0,0.0,3.0,160.0,360.0,0.0,2.0,138.0,0.0,1.11,1.0,0.0,3.0,0,0,Non-Anginal Pain,Female,<= 120 mg/dl,Left Ventricular Hypertrophy,No,Upsloping,Normal,Senior (>=55),Month 3,3,0,0.2219,SIMULATED_MONITORING_DATA (EDUCATIONAL_USE_ONLY),PT-M03-0234,True Negative,0,Low Risk (<40%)
65.0,1.0,4.0,148.0,203.0,0.0,0.0,151.0,0.0,0.2,1.0,1.0,7.0,2,1,Asymptomatic,Male,<= 120 mg/dl,Normal,No,Upsloping,Reversible Defect,Senior (>=55),Month 3,3,1,0.6097,SIMULATED_MONITORING_DATA (EDUCATIONAL_USE_ONLY),PT-M03-0235,True Positive,0,High Risk (>60%)
67.0,0.0,4.0,140.0,268.0,0.0,2.0,142.0,0.0,4.29,3.0,2.0,3.0,3,1,Asymptomatic,Female,<= 120 mg/dl,Left Ventricular Hypertrophy,No,Downsloping,Normal,Senior (>=55),Month 3,3,1,0.5018,SIMULATED_MONITORING_DATA (EDUCATIONAL_USE_ONLY),PT-M03-0236,True Positive,0,Moderate Risk (40-60%)
35.0,0.0,2.0,118.0,210.0,0.0,0.0,173.0,0.0,0.98,1.0,0.0,3.0,0,0,Atypical Angina,Female,<= 120 mg/dl,Normal,No,Upsloping,Normal,Younger (<55),Month 3,3,0,0.0302,SIMULATED_MONITORING_DATA (EDUCATIONAL_USE_ONLY),PT-M03-0237,True Negative,0,Low Risk (<40%)
63.0,0.0,4.0,140.0,394.0,0.0,2.0,141.0,0.0,1.53,2.0,0.0,3.0,0,0,Asymptomatic,Female,<= 120 mg/dl,Left Ventricular Hypertrophy,No,Flat,Normal,Senior (>=55),Month 3,3,0,0.3349,SIMULATED_MONITORING_DATA (EDUCATIONAL_USE_ONLY),PT-M03-0238,True Negative,0,Low Risk (<40%)
72.0,0.0,4.0,112.0,149.0,0.0,0.0,118.0,0.0,1.88,2.0,0.0,3.0,0,0,Asymptomatic,Female,<= 120 mg/dl,Normal,No,Flat,Normal,Senior (>=55),Month 3,3,0,0.2858,SIMULATED_MONITORING_DATA (EDUCATIONAL_USE_ONLY),PT-M03-0239,True Negative,0,Low Risk (<40%)
61.0,1.0,4.0,125.0,249.0,1.0,2.0,138.0,1.0,1.52,2.0,1.0,3.0,1,1,Asymptomatic,Male,> 120 mg/dl,Left Ventricular Hypertrophy,Yes,Flat,Normal,Senior (>=55),Month 3,3,1,0.8459,SIMULATED_MONITORING_DATA (EDUCATIONAL_USE_ONLY),PT-M03-0240,True Positive,0,High Risk (>60%)
37.0,0.0,2.0,118.0,210.0,0.0,0.0,176.0,0.0,0.99,1.0,0.0,3.0,0,0,Atypical Angina,Female,<= 120 mg/dl,Normal,No,Upsloping,Normal,Younger (<55),Month 3,3,0,0.031,SIMULATED_MONITORING_DATA (EDUCATIONAL_USE_ONLY),PT-M03-0241,True Negative,0,Low Risk (<40%)
58.0,0.0,3.0,140.0,308.0,0.0,2.0,130.0,0.0,1.9,1.0,1.0,3.0,0,0,Non-Anginal Pain,Female,<= 120 mg/dl,Left Ventricular Hypertrophy,No,Upsloping,Normal,Senior (>=55),Month 3,3,0,0.2391,SIMULATED_MONITORING_DATA (EDUCATIONAL_USE_ONLY),PT-M03-0242,True Negative,0,Low Risk (<40%)
62.0,1.0,4.0,164.0,176.0,1.0,2.0,83.0,0.0,1.37,2.0,2.0,6.0,3,1,Asymptomatic,Male,> 120 mg/dl,Left Ventricular Hypertrophy,No,Flat,Fixed Defect,Senior (>=55),Month 3,3,1,0.8478,SIMULATED_MONITORING_DATA (EDUCATIONAL_USE_ONLY),PT-M03-0243,True Positive,0,High Risk (>60%)
62.0,1.0,4.0,128.0,259.0,0.0,2.0,123.0,1.0,3.62,2.0,2.0,7.0,3,1,Asymptomatic,Male,<= 120 mg/dl,Left Ventricular Hypertrophy,Yes,Flat,Reversible Defect,Senior (>=55),Month 3,3,1,0.9805,SIMULATED_MONITORING_DATA (EDUCATIONAL_USE_ONLY),PT-M03-0244,True Positive,0,High Risk (>60%)
67.0,1.0,4.0,138.0,166.0,0.0,2.0,112.0,1.0,4.28,2.0,1.0,3.0,4,1,Asymptomatic,Male,<= 120 mg/dl,Left Ventricular Hypertrophy,Yes,Flat,Normal,Senior (>=55),Month 3,3,1,0.8408,SIMULATED_MONITORING_DATA (EDUCATIONAL_USE_ONLY),PT-M03-0245,True Positive,0,High Risk (>60%)
80.0,1.0,4.0,125.0,304.0,0.0,2.0,150.0,1.0,0.21,1.0,3.0,3.0,4,1,Asymptomatic,Male,<= 120 mg/dl,Left Ventricular Hypertrophy,Yes,Upsloping,Normal,Senior (>=55),Month 3,3,1,0.7003,SIMULATED_MONITORING_DATA (EDUCATIONAL_USE_ONLY),PT-M03-0246,True Positive,0,High Risk (>60%)
70.0,1.0,4.0,130.0,330.0,1.0,2.0,124.0,1.0,2.17,1.0,3.0,7.0,3,1,Asymptomatic,Male,> 120 mg/dl,Left Ventricular Hypertrophy,Yes,Upsloping,Reversible Defect,Senior (>=55),Month 3,3,1,0.9346,SIMULATED_MONITORING_DATA (EDUCATIONAL_USE_ONLY),PT-M03-0247,True Positive,0,High Risk (>60%)
75.0,1.0,4.0,130.0,322.0,0.0,2.0,102.0,0.0,2.77,2.0,3.0,3.0,1,1,Asymptomatic,Male,<= 120 mg/dl,Left Ventricular Hypertrophy,No,Flat,Normal,Senior (>=55),Month 3,3,1,0.7489,SIMULATED_MONITORING_DATA (EDUCATIONAL_USE_ONLY),PT-M03-0248,True Positive,0,High Risk (>60%)
71.0,1.0,4.0,112.0,212.0,0.0,2.0,122.0,1.0,0.2,1.0,1.0,3.0,2,1,Asymptomatic,Male,<= 120 mg/dl,Left Ventricular Hypertrophy,Yes,Upsloping,Normal,Senior (>=55),Month 3,3,1,0.7416,SIMULATED_MONITORING_DATA (EDUCATIONAL_USE_ONLY),PT-M03-0249,True Positive,0,High Risk (>60%)
60.0,1.0,4.0,130.0,283.0,1.0,2.0,98.0,1.0,1.87,3.0,0.0,7.0,2,1,Asymptomatic,Male,> 120 mg/dl,Left Ventricular Hypertrophy,Yes,Downsloping,Reversible Defect,Senior (>=55),Month 3,3,1,0.9441,SIMULATED_MONITORING_DATA (EDUCATIONAL_USE_ONLY),PT-M03-0250,True Positive,0,High Risk (>60%)
46.0,1.0,4.0,129.0,249.0,0.0,2.0,144.0,0.0,0.8,1.0,0.0,7.0,1,1,Asymptomatic,Male,<= 120 mg/dl,Left Ventricular Hypertrophy,No,Upsloping,Reversible Defect,Younger (<55),Month 4,4,1,0.7721,SIMULATED_MONITORING_DATA (EDUCATIONAL_USE_ONLY),PT-M04-0001,True Positive,0,High Risk (>60%)
50.0,0.0,4.0,114.0,254.0,0.0,2.0,159.0,0.0,0.0,1.0,0.0,3.0,0,0,Asymptomatic,Female,<= 120 mg/dl,Left Ventricular Hypertrophy,No,Upsloping,Normal,Younger (<55),Month 4,4,0,0.1515,SIMULATED_MONITORING_DATA (EDUCATIONAL_USE_ONLY),PT-M04-0002,True Negative,0,Low Risk (<40%)
53.0,0.0,4.0,142.0,264.0,0.0,2.0,143.0,0.0,0.4,2.0,0.0,3.0,0,0,Asymptomatic,Female,<= 120 mg/dl,Left Ventricular Hypertrophy,No,Flat,Normal,Younger (<55),Month 4,4,0,0.1711,SIMULATED_MONITORING_DATA (EDUCATIONAL_USE_ONLY),PT-M04-0003,True Negative,0,Low Risk (<40%)
52.0,0.0,3.0,145.0,196.0,0.0,2.0,169.0,0.0,0.1,2.0,0.0,3.0,0,0,Non-Anginal Pain,Female,<= 120 mg/dl,Left Ventricular Hypertrophy,No,Flat,Normal,Younger (<55),Month 4,4,0,0.0442,SIMULATED_MONITORING_DATA (EDUCATIONAL_USE_ONLY),PT-M04-0004,True Negative,0,Low Risk (<40%)
60.0,0.0,4.0,159.0,258.0,0.0,2.0,157.0,0.0,2.6,2.0,2.0,7.0,3,1,Asymptomatic,Female,<= 120 mg/dl,Left Ventricular Hypertrophy,No,Flat,Reversible Defect,Senior (>=55),Month 4,4,1,0.9081,SIMULATED_MONITORING_DATA (EDUCATIONAL_USE_ONLY),PT-M04-0005,True Positive,0,High Risk (>60%)
55.0,0.0,2.0,140.0,205.0,0.0,1.0,130.0,1.0,2.0,2.0,1.0,7.0,3,1,Atypical Angina,Female,<= 120 mg/dl,ST-T Abnormality,Yes,Flat,Reversible Defect,Senior (>=55),Month 4,4,1,0.7605,SIMULATED_MONITORING_DATA (EDUCATIONAL_USE_ONLY),PT-M04-0006,True Positive,0,High Risk (>60%)
44.0,1.0,2.0,129.0,263.0,0.0,0.0,173.0,0.0,0.0,1.0,0.0,7.0,0,0,Atypical Angina,Male,<= 120 mg/dl,Normal,No,Upsloping,Reversible Defect,Younger (<55),Month 4,4,0,0.3092,SIMULATED_MONITORING_DATA (EDUCATIONAL_USE_ONLY),PT-M04-0007,True Negative,0,Low Risk (<40%)
70.0,1.0,4.0,160.0,174.0,0.0,0.0,125.0,1.0,2.6,3.0,0.0,7.0,4,1,Asymptomatic,Male,<= 120 mg/dl,Normal,Yes,Downsloping,Reversible Defect,Senior (>=55),Month 4,4,1,0.8746,SIMULATED_MONITORING_DATA (EDUCATIONAL_USE_ONLY),PT-M04-0008,True Positive,0,High Risk (>60%)
66.0,0.0,3.0,155.0,278.0,0.0,2.0,152.0,0.0,0.0,2.0,1.0,3.0,0,0,Non-Anginal Pain,Female,<= 120 mg/dl,Left Ventricular Hypertrophy,No,Flat,Normal,Senior (>=55),Month 4,4,0,0.2604,SIMULATED_MONITORING_DATA (EDUCATIONAL_USE_ONLY),PT-M04-0009,True Negative,0,Low Risk (<40%)
64.0,1.0,3.0,134.0,309.0,0.0,0.0,131.0,1.0,1.8,2.0,0.0,7.0,1,1,Non-Anginal Pain,Male,<= 120 mg/dl,Normal,Yes,Flat,Reversible Defect,Senior (>=55),Month 4,4,1,0.8281,SIMULATED_MONITORING_DATA (EDUCATIONAL_USE_ONLY),PT-M04-0010,True Positive,0,High Risk (>60%)
54.0,0.0,3.0,122.0,214.0,0.0,0.0,158.0,0.0,1.6,2.0,0.0,3.0,0,0,Non-Anginal Pain,Female,<= 120 mg/dl,Normal,No,Flat,Normal,Younger (<55),Month 4,4,0,0.0859,SIMULATED_MONITORING_DATA (EDUCATIONAL_USE_ONLY),PT-M04-0011,True Negative,0,Low Risk (<40%)
58.0,0.0,3.0,130.0,340.0,0.0,0.0,172.0,0.0,0.0,1.0,0.0,3.0,0,0,Non-Anginal Pain,Female,<= 120 mg/dl,Normal,No,Upsloping,Normal,Senior (>=55),Month 4,4,0,0.1483,SIMULATED_MONITORING_DATA (EDUCATIONAL_USE_ONLY),PT-M04-0012,True Negative,0,Low Risk (<40%)
51.0,1.0,4.0,147.0,261.0,0.0,2.0,186.0,1.0,0.0,1.0,0.0,3.0,0,0,Asymptomatic,Male,<= 120 mg/dl,Left Ventricular Hypertrophy,Yes,Upsloping,Normal,Younger (<55),Month 4,4,0,0.2873,SIMULATED_MONITORING_DATA (EDUCATIONAL_USE_ONLY),PT-M04-0013,True Negative,0,Low Risk (<40%)
67.0,0.0,3.0,165.0,277.0,0.0,0.0,172.0,0.0,0.0,1.0,1.0,3.0,0,0,Non-Anginal Pain,Female,<= 120 mg/dl,Normal,No,Upsloping,Normal,Senior (>=55),Month 4,4,0,0.1458,SIMULATED_MONITORING_DATA (EDUCATIONAL_USE_ONLY),PT-M04-0014,True Negative,0,Low Risk (<40%)
58.0,0.0,2.0,151.0,319.0,1.0,2.0,152.0,0.0,0.0,1.0,2.0,3.0,3,1,Atypical Angina,Female,> 120 mg/dl,Left Ventricular Hypertrophy,No,Upsloping,Normal,Senior (>=55),Month 4,4,0,0.3727,SIMULATED_MONITORING_DATA (EDUCATIONAL_USE_ONLY),PT-M04-0015,False Negative,1,Low Risk (<40%)
57.0,0.0,4.0,137.0,303.0,0.0,2.0,159.0,0.0,0.0,1.0,1.0,3.0,0,0,Asymptomatic,Female,<= 120 mg/dl,Left Ventricular Hypertrophy,No,Upsloping,Normal,Senior (>=55),Month 4,4,0,0.4119,SIMULATED_MONITORING_DATA (EDUCATIONAL_USE_ONLY),PT-M04-0016,True Negative,0,Moderate Risk (40-60%)
60.0,1.0,4.0,128.0,230.0,1.0,0.0,160.0,1.0,1.4,1.0,2.0,7.0,2,1,Asymptomatic,Male,> 120 mg/dl,Normal,Yes,Upsloping,Reversible Defect,Senior (>=55),Month 4,4,1,0.8828,SIMULATED_MONITORING_DATA (EDUCATIONAL_USE_ONLY),PT-M04-0017,True Positive,0,High Risk (>60%)
49.0,0.0,4.0,138.0,269.0,0.0,0.0,163.0,0.0,0.0,1.0,0.0,3.0,0,0,Asymptomatic,Female,<= 120 mg/dl,Normal,No,Upsloping,Normal,Younger (<55),Month 4,4,0,0.0862,SIMULATED_MONITORING_DATA (EDUCATIONAL_USE_ONLY),PT-M04-0018,True Negative,0,Low Risk (<40%)
55.0,1.0,4.0,151.0,217.0,0.0,0.0,111.0,1.0,5.6,3.0,0.0,7.0,3,1,Asymptomatic,Male,<= 120 mg/dl,Normal,Yes,Downsloping,Reversible Defect,Senior (>=55),Month 4,4,1,0.8998,SIMULATED_MONITORING_DATA (EDUCATIONAL_USE_ONLY),PT-M04-0019,True Positive,0,High Risk (>60%)
50.0,0.0,2.0,133.0,244.0,0.0,0.0,162.0,0.0,1.1,1.0,0.0,3.0,0,0,Atypical Angina,Female,<= 120 mg/dl,Normal,No,Upsloping,Normal,Younger (<55),Month 4,4,0,0.0425,SIMULATED_MONITORING_DATA (EDUCATIONAL_USE_ONLY),PT-M04-0020,True Negative,0,Low Risk (<40%)
56.0,0.0,2.0,152.0,294.0,0.0,2.0,153.0,0.0,1.3,2.0,0.0,3.0,0,0,Atypical Angina,Female,<= 120 mg/dl,Left Ventricular Hypertrophy,No,Flat,Normal,Senior (>=55),Month 4,4,0,0.1744,SIMULATED_MONITORING_DATA (EDUCATIONAL_USE_ONLY),PT-M04-0021,True Negative,0,Low Risk (<40%)
63.0,0.0,3.0,150.0,252.0,0.0,2.0,172.0,0.0,0.0,1.0,0.0,3.0,0,0,Non-Anginal Pain,Female,<= 120 mg/dl,Left Ventricular Hypertrophy,No,Upsloping,Normal,Senior (>=55),Month 4,4,0,0.1467,SIMULATED_MONITORING_DATA (EDUCATIONAL_USE_ONLY),PT-M04-0022,True Negative,0,Low Risk (<40%)
57.0,1.0,3.0,163.0,168.0,0.0,0.0,174.0,0.0,1.6,1.0,0.0,3.0,0,0,Non-Anginal Pain,Male,<= 120 mg/dl,Normal,No,Upsloping,Normal,Senior (>=55),Month 4,4,0,0.1864,SIMULATED_MONITORING_DATA (EDUCATIONAL_USE_ONLY),PT-M04-0023,True Negative,0,Low Risk (<40%)
58.0,1.0,3.0,158.0,211.0,1.0,2.0,165.0,0.0,0.0,1.0,0.0,3.0,0,0,Non-Anginal Pain,Male,> 120 mg/dl,Left Ventricular Hypertrophy,No,Upsloping,Normal,Senior (>=55),Month 4,4,0,0.2183,SIMULATED_MONITORING_DATA (EDUCATIONAL_USE_ONLY),PT-M04-0024,True Negative,0,Low Risk (<40%)
44.0,1.0,3.0,147.0,235.0,0.0,2.0,180.0,0.0,0.0,1.0,0.0,3.0,0,0,Non-Anginal Pain,Male,<= 120 mg/dl,Left Ventricular Hypertrophy,No,Upsloping,Normal,Younger (<55),Month 4,4,0,0.1159,SIMULATED_MONITORING_DATA (EDUCATIONAL_USE_ONLY),PT-M04-0025,True Negative,0,Low Risk (<40%)
57.0,1.0,4.0,140.0,131.0,0.0,0.0,115.0,1.0,1.2,2.0,1.0,7.0,3,1,Asymptomatic,Male,<= 120 mg/dl,Normal,Yes,Flat,Reversible Defect,Senior (>=55),Month 4,4,1,0.9171,SIMULATED_MONITORING_DATA (EDUCATIONAL_USE_ONLY),PT-M04-0026,True Positive,0,High Risk (>60%)
55.0,1.0,4.0,148.0,217.0,0.0,0.0,111.0,1.0,5.6,3.0,0.0,7.0,3,1,Asymptomatic,Male,<= 120 mg/dl,Normal,Yes,Downsloping,Reversible Defect,Senior (>=55),Month 4,4,1,0.8998,SIMULATED_MONITORING_DATA (EDUCATIONAL_USE_ONLY),PT-M04-0027,True Positive,0,High Risk (>60%)
59.0,1.0,4.0,116.0,239.0,0.0,2.0,142.0,1.0,1.2,2.0,1.0,7.0,2,1,Asymptomatic,Male,<= 120 mg/dl,Left Ventricular Hypertrophy,Yes,Flat,Reversible Defect,Senior (>=55),Month 4,4,1,0.9692,SIMULATED_MONITORING_DATA (EDUCATIONAL_USE_ONLY),PT-M04-0028,True Positive,0,High Risk (>60%)
67.0,1.0,4.0,132.0,254.0,1.0,0.0,163.0,0.0,0.2,2.0,2.0,7.0,3,1,Asymptomatic,Male,> 120 mg/dl,Normal,No,Flat,Reversible Defect,Senior (>=55),Month 4,4,1,0.7665,SIMULATED_MONITORING_DATA (EDUCATIONAL_USE_ONLY),PT-M04-0029,True Positive,0,High Risk (>60%)
51.0,1.0,4.0,152.0,299.0,0.0,0.0,173.0,1.0,1.6,1.0,0.0,7.0,1,1,Asymptomatic,Male,<= 120 mg/dl,Normal,Yes,Upsloping,Reversible Defect,Younger (<55),Month 4,4,1,0.7358,SIMULATED_MONITORING_DATA (EDUCATIONAL_USE_ONLY),PT-M04-0030,True Positive,0,High Risk (>60%)
48.0,0.0,3.0,141.0,275.0,0.0,0.0,139.0,0.0,0.2,1.0,0.0,3.0,0,0,Non-Anginal Pain,Female,<= 120 mg/dl,Normal,No,Upsloping,Normal,Younger (<55),Month 4,4,0,0.0703,SIMULATED_MONITORING_DATA (EDUCATIONAL_USE_ONLY),PT-M04-0031,True Negative,0,Low Risk (<40%)
62.0,0.0,3.0,174.0,164.0,0.0,2.0,145.0,0.0,6.2,3.0,3.0,7.0,3,1,Non-Anginal Pain,Female,<= 120 mg/dl,Left Ventricular Hypertrophy,No,Downsloping,Reversible Defect,Senior (>=55),Month 4,4,1,0.6831,SIMULATED_MONITORING_DATA (EDUCATIONAL_USE_ONLY),PT-M04-0032,True Positive,0,High Risk (>60%)
60.0,1.0,4.0,132.0,258.0,0.0,2.0,141.0,1.0,2.8,2.0,1.0,7.0,1,1,Asymptomatic,Male,<= 120 mg/dl,Left Ventricular Hypertrophy,Yes,Flat,Reversible Defect,Senior (>=55),Month 4,4,1,0.99,SIMULATED_MONITORING_DATA (EDUCATIONAL_USE_ONLY),PT-M04-0033,True Positive,0,High Risk (>60%)
55.0,0.0,2.0,142.0,342.0,0.0,0.0,166.0,0.0,1.2,1.0,0.0,3.0,0,0,Atypical Angina,Female,<= 120 mg/dl,Normal,No,Upsloping,Normal,Senior (>=55),Month 4,4,0,0.1082,SIMULATED_MONITORING_DATA (EDUCATIONAL_USE_ONLY),PT-M04-0034,True Negative,0,Low Risk (<40%)
67.0,1.0,4.0,105.0,299.0,0.0,2.0,125.0,1.0,0.9,2.0,2.0,3.0,3,1,Asymptomatic,Male,<= 120 mg/dl,Left Ventricular Hypertrophy,Yes,Flat,Normal,Senior (>=55),Month 4,4,1,0.8436,SIMULATED_MONITORING_DATA (EDUCATIONAL_USE_ONLY),PT-M04-0035,True Positive,0,High Risk (>60%)
44.0,0.0,3.0,130.0,242.0,0.0,0.0,149.0,0.0,0.3,2.0,1.0,3.0,0,0,Non-Anginal Pain,Female,<= 120 mg/dl,Normal,No,Flat,Normal,Younger (<55),Month 4,4,0,0.1697,SIMULATED_MONITORING_DATA (EDUCATIONAL_USE_ONLY),PT-M04-0036,True Negative,0,Low Risk (<40%)
66.0,0.0,1.0,159.0,226.0,0.0,0.0,114.0,0.0,2.6,3.0,0.0,3.0,0,0,Typical Angina,Female,<= 120 mg/dl,Normal,No,Downsloping,Normal,Senior (>=55),Month 4,4,0,0.2581,SIMULATED_MONITORING_DATA (EDUCATIONAL_USE_ONLY),PT-M04-0037,True Negative,0,Low Risk (<40%)
50.0,1.0,4.0,161.0,243.0,0.0,2.0,128.0,0.0,2.6,2.0,0.0,7.0,4,1,Asymptomatic,Male,<= 120 mg/dl,Left Ventricular Hypertrophy,No,Flat,Reversible Defect,Younger (<55),Month 4,4,1,0.8753,SIMULATED_MONITORING_DATA (EDUCATIONAL_USE_ONLY),PT-M04-0038,True Positive,0,High Risk (>60%)
37.0,0.0,3.0,131.0,215.0,0.0,0.0,170.0,0.0,0.0,1.0,0.0,3.0,0,0,Non-Anginal Pain,Female,<= 120 mg/dl,Normal,No,Upsloping,Normal,Younger (<55),Month 4,4,0,0.0283,SIMULATED_MONITORING_DATA (EDUCATIONAL_USE_ONLY),PT-M04-0039,True Negative,0,Low Risk (<40%)
59.0,1.0,4.0,175.0,176.0,1.0,2.0,90.0,0.0,1.0,2.0,2.0,6.0,3,1,Asymptomatic,Male,> 120 mg/dl,Left Ventricular Hypertrophy,No,Flat,Fixed Defect,Senior (>=55),Month 4,4,1,0.8438,SIMULATED_MONITORING_DATA (EDUCATIONAL_USE_ONLY),PT-M04-0040,True Positive,0,High Risk (>60%)
57.0,0.0,4.0,132.0,354.0,0.0,0.0,163.0,1.0,0.6,1.0,0.0,3.0,0,0,Asymptomatic,Female,<= 120 mg/dl,Normal,Yes,Upsloping,Normal,Senior (>=55),Month 4,4,0,0.2635,SIMULATED_MONITORING_DATA (EDUCATIONAL_USE_ONLY),PT-M04-0041,True Negative,0,Low Risk (<40%)
64.0,1.0,1.0,188.0,227.0,0.0,2.0,155.0,0.0,0.6,2.0,0.0,7.0,0,0,Typical Angina,Male,<= 120 mg/dl,Left Ventricular Hypertrophy,No,Flat,Reversible Defect,Senior (>=55),Month 4,4,0,0.4277,SIMULATED_MONITORING_DATA (EDUCATIONAL_USE_ONLY),PT-M04-0042,True Negative,0,Moderate Risk (40-60%)
48.0,0.0,3.0,141.0,275.0,0.0,0.0,139.0,0.0,0.2,1.0,0.0,3.0,0,0,Non-Anginal Pain,Female,<= 120 mg/dl,Normal,No,Upsloping,Normal,Younger (<55),Month 4,4,0,0.0703,SIMULATED_MONITORING_DATA (EDUCATIONAL_USE_ONLY),PT-M04-0043,True Negative,0,Low Risk (<40%)
52.0,0.0,3.0,150.0,196.0,0.0,2.0,169.0,0.0,0.1,2.0,0.0,3.0,0,0,Non-Anginal Pain,Female,<= 120 mg/dl,Left Ventricular Hypertrophy,No,Flat,Normal,Younger (<55),Month 4,4,0,0.0657,SIMULATED_MONITORING_DATA (EDUCATIONAL_USE_ONLY),PT-M04-0044,True Negative,0,Low Risk (<40%)
58.0,0.0,1.0,156.0,283.0,1.0,2.0,162.0,0.0,1.0,1.0,0.0,3.0,0,0,Typical Angina,Female,> 120 mg/dl,Left Ventricular Hypertrophy,No,Upsloping,Normal,Senior (>=55),Month 4,4,0,0.2,SIMULATED_MONITORING_DATA (EDUCATIONAL_USE_ONLY),PT-M04-0045,True Negative,0,Low Risk (<40%)
39.0,1.0,3.0,150.0,321.0,0.0,2.0,182.0,0.0,0.0,1.0,0.0,3.0,0,0,Non-Anginal Pain,Male,<= 120 mg/dl,Left Ventricular Hypertrophy,No,Upsloping,Normal,Younger (<55),Month 4,4,0,0.1455,SIMULATED_MONITORING_DATA (EDUCATIONAL_USE_ONLY),PT-M04-0046,True Negative,0,Low Risk (<40%)
60.0,1.0,4.0,141.0,253.0,0.0,0.0,144.0,1.0,1.4,1.0,1.0,7.0,1,1,Asymptomatic,Male,<= 120 mg/dl,Normal,Yes,Upsloping,Reversible Defect,Senior (>=55),Month 4,4,1,0.907,SIMULATED_MONITORING_DATA (EDUCATIONAL_USE_ONLY),PT-M04-0047,True Positive,0,High Risk (>60%)
58.0,1.0,4.0,135.0,216.0,0.0,2.0,131.0,1.0,2.2,2.0,3.0,7.0,1,1,Asymptomatic,Male,<= 120 mg/dl,Left Ventricular Hypertrophy,Yes,Flat,Reversible Defect,Senior (>=55),Month 4,4,1,0.9712,SIMULATED_MONITORING_DATA (EDUCATIONAL_USE_ONLY),PT-M04-0048,True Positive,0,High Risk (>60%)
64.0,1.0,3.0,152.0,335.0,0.0,0.0,158.0,0.0,0.0,1.0,0.0,3.0,1,1,Non-Anginal Pain,Male,<= 120 mg/dl,Normal,No,Upsloping,Normal,Senior (>=55),Month 4,4,0,0.2856,SIMULATED_MONITORING_DATA (EDUCATIONAL_USE_ONLY),PT-M04-0049,False Negative,1,Low Risk (<40%)
57.0,1.0,4.0,146.0,207.0,0.0,0.0,168.0,1.0,0.0,1.0,0.0,7.0,0,0,Asymptomatic,Male,<= 120 mg/dl,Normal,Yes,Upsloping,Reversible Defect,Senior (>=55),Month 4,4,0,0.4692,SIMULATED_MONITORING_DATA (EDUCATIONAL_USE_ONLY),PT-M04-0050,True Negative,0,Moderate Risk (40-60%)
67.0,1.0,4.0,124.0,229.0,0.0,2.0,129.0,1.0,2.6,2.0,2.0,7.0,1,1,Asymptomatic,Male,<= 120 mg/dl,Left Ventricular Hypertrophy,Yes,Flat,Reversible Defect,Senior (>=55),Month 4,4,1,0.9719,SIMULATED_MONITORING_DATA (EDUCATIONAL_USE_ONLY),PT-M04-0051,True Positive,0,High Risk (>60%)
49.0,0.0,2.0,141.0,271.0,0.0,0.0,162.0,0.0,0.0,2.0,0.0,3.0,0,0,Atypical Angina,Female,<= 120 mg/dl,Normal,No,Flat,Normal,Younger (<55),Month 4,4,0,0.0791,SIMULATED_MONITORING_DATA (EDUCATIONAL_USE_ONLY),PT-M04-0052,True Negative,0,Low Risk (<40%)
61.0,0.0,2.0,141.0,330.0,0.0,2.0,169.0,0.0,0.0,1.0,0.0,3.0,1,1,Atypical Angina,Female,<= 120 mg/dl,Left Ventricular Hypertrophy,No,Upsloping,Normal,Senior (>=55),Month 4,4,0,0.2868,SIMULATED_MONITORING_DATA (EDUCATIONAL_USE_ONLY),PT-M04-0053,False Negative,1,Low Risk (<40%)
59.0,1.0,4.0,147.0,234.0,0.0,0.0,161.0,0.0,0.5,2.0,0.0,7.0,0,0,Asymptomatic,Male,<= 120 mg/dl,Normal,No,Flat,Reversible Defect,Senior (>=55),Month 4,4,1,0.6345,SIMULATED_MONITORING_DATA (EDUCATIONAL_USE_ONLY),PT-M04-0054,False Positive,1,High Risk (>60%)
43.0,0.0,3.0,134.0,213.0,0.0,0.0,165.0,0.0,0.2,2.0,0.0,3.0,0,0,Non-Anginal Pain,Female,<= 120 mg/dl,Normal,No,Flat,Normal,Younger (<55),Month 4,4,0,0.0448,SIMULATED_MONITORING_DATA (EDUCATIONAL_USE_ONLY),PT-M04-0055,True Negative,0,Low Risk (<40%)
65.0,0.0,3.0,168.0,269.0,0.0,0.0,148.0,0.0,0.8,1.0,0.0,3.0,0,0,Non-Anginal Pain,Female,<= 120 mg/dl,Normal,No,Upsloping,Normal,Senior (>=55),Month 4,4,0,0.1373,SIMULATED_MONITORING_DATA (EDUCATIONAL_USE_ONLY),PT-M04-0056,True Negative,0,Low Risk (<40%)
51.0,0.0,3.0,131.0,295.0,0.0,2.0,157.0,0.0,0.6,1.0,0.0,3.0,0,0,Non-Anginal Pain,Female,<= 120 mg/dl,Left Ventricular Hypertrophy,No,Upsloping,Normal,Younger (<55),Month 4,4,0,0.0562,SIMULATED_MONITORING_DATA (EDUCATIONAL_USE_ONLY),PT-M04-0057,True Negative,0,Low Risk (<40%)
67.0,1.0,4.0,132.0,229.0,0.0,2.0,129.0,1.0,2.6,2.0,2.0,7.0,1,1,Asymptomatic,Male,<= 120 mg/dl,Left Ventricular Hypertrophy,Yes,Flat,Reversible Defect,Senior (>=55),Month 4,4,1,0.9722,SIMULATED_MONITORING_DATA (EDUCATIONAL_USE_ONLY),PT-M04-0058,True Positive,0,High Risk (>60%)
50.0,1.0,4.0,161.0,243.0,0.0,2.0,128.0,0.0,2.6,2.0,0.0,7.0,4,1,Asymptomatic,Male,<= 120 mg/dl,Left Ventricular Hypertrophy,No,Flat,Reversible Defect,Younger (<55),Month 4,4,1,0.8753,SIMULATED_MONITORING_DATA (EDUCATIONAL_USE_ONLY),PT-M04-0059,True Positive,0,High Risk (>60%)
46.0,0.0,4.0,147.0,243.0,0.0,2.0,152.0,1.0,0.0,2.0,0.0,3.0,0,0,Asymptomatic,Female,<= 120 mg/dl,Left Ventricular Hypertrophy,Yes,Flat,Normal,Younger (<55),Month 4,4,0,0.3193,SIMULATED_MONITORING_DATA (EDUCATIONAL_USE_ONLY),PT-M04-0060,True Negative,0,Low Risk (<40%)
50.0,1.0,4.0,161.0,243.0,0.0,2.0,128.0,0.0,2.6,2.0,0.0,7.0,4,1,Asymptomatic,Male,<= 120 mg/dl,Left Ventricular Hypertrophy,No,Flat,Reversible Defect,Younger (<55),Month 4,4,1,0.8753,SIMULATED_MONITORING_DATA (EDUCATIONAL_USE_ONLY),PT-M04-0061,True Positive,0,High Risk (>60%)
58.0,0.0,2.0,147.0,319.0,1.0,2.0,152.0,0.0,0.0,1.0,2.0,3.0,3,1,Atypical Angina,Female,> 120 mg/dl,Left Ventricular Hypertrophy,No,Upsloping,Normal,Senior (>=55),Month 4,4,0,0.3662,SIMULATED_MONITORING_DATA (EDUCATIONAL_USE_ONLY),PT-M04-0062,False Negative,1,Low Risk (<40%)
58.0,0.0,4.0,106.0,248.0,0.0,2.0,122.0,0.0,1.0,2.0,0.0,3.0,0,0,Asymptomatic,Female,<= 120 mg/dl,Left Ventricular Hypertrophy,No,Flat,Normal,Senior (>=55),Month 4,4,0,0.235,SIMULATED_MONITORING_DATA (EDUCATIONAL_USE_ONLY),PT-M04-0063,True Negative,0,Low Risk (<40%)
29.0,1.0,2.0,139.0,204.0,0.0,2.0,202.0,0.0,0.0,1.0,0.0,3.0,0,0,Atypical Angina,Male,<= 120 mg/dl,Left Ventricular Hypertrophy,No,Upsloping,Normal,Younger (<55),Month 4,4,0,0.0819,SIMULATED_MONITORING_DATA (EDUCATIONAL_USE_ONLY),PT-M04-0064,True Negative,0,Low Risk (<40%)
62.0,0.0,2.0,152.0,268.0,0.0,2.0,160.0,0.0,3.6,3.0,2.0,3.0,3,1,Atypical Angina,Female,<= 120 mg/dl,Left Ventricular Hypertrophy,No,Downsloping,Normal,Senior (>=55),Month 4,4,0,0.4089,SIMULATED_MONITORING_DATA (EDUCATIONAL_USE_ONLY),PT-M04-0065,False Negative,1,Moderate Risk (40-60%)
51.0,1.0,4.0,152.0,299.0,0.0,0.0,173.0,1.0,1.6,1.0,0.0,7.0,1,1,Asymptomatic,Male,<= 120 mg/dl,Normal,Yes,Upsloping,Reversible Defect,Younger (<55),Month 4,4,1,0.7358,SIMULATED_MONITORING_DATA (EDUCATIONAL_USE_ONLY),PT-M04-0066,True Positive,0,High Risk (>60%)
58.0,0.0,3.0,183.0,225.0,1.0,2.0,146.0,1.0,2.8,2.0,2.0,6.0,2,1,Non-Anginal Pain,Female,> 120 mg/dl,Left Ventricular Hypertrophy,Yes,Flat,Fixed Defect,Senior (>=55),Month 4,4,1,0.6616,SIMULATED_MONITORING_DATA (EDUCATIONAL_USE_ONLY),PT-M04-0067,True Positive,0,High Risk (>60%)
39.0,1.0,4.0,122.0,219.0,0.0,0.0,140.0,0.0,1.2,2.0,0.0,7.0,3,1,Asymptomatic,Male,<= 120 mg/dl,Normal,No,Flat,Reversible Defect,Younger (<55),Month 4,4,1,0.8003,SIMULATED_MONITORING_DATA (EDUCATIONAL_USE_ONLY),PT-M04-0068,True Positive,0,High Risk (>60%)
56.0,0.0,4.0,210.0,288.0,1.0,2.0,133.0,1.0,4.0,3.0,2.0,7.0,3,1,Asymptomatic,Female,> 120 mg/dl,Left Ventricular Hypertrophy,Yes,Downsloping,Reversible Defect,Senior (>=55),Month 4,4,1,0.9582,SIMULATED_MONITORING_DATA (EDUCATIONAL_USE_ONLY),PT-M04-0069,True Positive,0,High Risk (>60%)
58.0,1.0,4.0,155.0,218.0,0.0,0.0,105.0,0.0,2.0,2.0,1.0,7.0,1,1,Asymptomatic,Male,<= 120 mg/dl,Normal,No,Flat,Reversible Defect,Senior (>=55),Month 4,4,1,0.9254,SIMULATED_MONITORING_DATA (EDUCATIONAL_USE_ONLY),PT-M04-0070,True Positive,0,High Risk (>60%)
41.0,0.0,3.0,124.0,268.0,0.0,2.0,172.0,1.0,0.0,1.0,0.0,3.0,0,0,Non-Anginal Pain,Female,<= 120 mg/dl,Left Ventricular Hypertrophy,Yes,Upsloping,Normal,Younger (<55),Month 4,4,0,0.096,SIMULATED_MONITORING_DATA (EDUCATIONAL_USE_ONLY),PT-M04-0071,True Negative,0,Low Risk (<40%)
55.0,1.0,4.0,172.0,289.0,0.0,2.0,145.0,1.0,0.8,2.0,1.0,7.0,4,1,Asymptomatic,Male,<= 120 mg/dl,Left Ventricular Hypertrophy,Yes,Flat,Reversible Defect,Senior (>=55),Month 4,4,1,0.9622,SIMULATED_MONITORING_DATA (EDUCATIONAL_USE_ONLY),PT-M04-0072,True Positive,0,High Risk (>60%)
65.0,0.0,3.0,170.0,360.0,0.0,2.0,151.0,0.0,0.8,1.0,0.0,3.0,0,0,Non-Anginal Pain,Female,<= 120 mg/dl,Left Ventricular Hypertrophy,No,Upsloping,Normal,Senior (>=55),Month 4,4,0,0.2115,SIMULATED_MONITORING_DATA (EDUCATIONAL_USE_ONLY),PT-M04-0073,True Negative,0,Low Risk (<40%)
37.0,0.0,3.0,129.0,215.0,0.0,0.0,170.0,0.0,0.0,1.0,0.0,3.0,0,0,Non-Anginal Pain,Female,<= 120 mg/dl,Normal,No,Upsloping,Normal,Younger (<55),Month 4,4,0,0.0276,SIMULATED_MONITORING_DATA (EDUCATIONAL_USE_ONLY),PT-M04-0074,True Negative,0,Low Risk (<40%)
60.0,0.0,3.0,174.0,305.0,0.0,2.0,161.0,0.0,0.0,1.0,0.0,3.0,1,1,Non-Anginal Pain,Female,<= 120 mg/dl,Left Ventricular Hypertrophy,No,Upsloping,Normal,Senior (>=55),Month 4,4,0,0.2423,SIMULATED_MONITORING_DATA (EDUCATIONAL_USE_ONLY),PT-M04-0075,False Negative,1,Low Risk (<40%)
59.0,1.0,2.0,153.0,221.0,0.0,0.0,164.0,1.0,0.0,1.0,0.0,3.0,0,0,Atypical Angina,Male,<= 120 mg/dl,Normal,Yes,Upsloping,Normal,Senior (>=55),Month 4,4,0,0.2231,SIMULATED_MONITORING_DATA (EDUCATIONAL_USE_ONLY),PT-M04-0076,True Negative,0,Low Risk (<40%)
59.0,1.0,1.0,193.0,270.0,0.0,2.0,145.0,0.0,4.2,3.0,0.0,7.0,0,0,Typical Angina,Male,<= 120 mg/dl,Left Ventricular Hypertrophy,No,Downsloping,Reversible Defect,Senior (>=55),Month 4,4,1,0.5266,SIMULATED_MONITORING_DATA (EDUCATIONAL_USE_ONLY),PT-M04-0077,False Positive,1,Moderate Risk (40-60%)
60.0,0.0,3.0,158.0,258.0,0.0,2.0,157.0,0.0,2.6,2.0,2.0,7.0,3,1,Non-Anginal Pain,Female,<= 120 mg/dl,Left Ventricular Hypertrophy,No,Flat,Reversible Defect,Senior (>=55),Month 4,4,1,0.7188,SIMULATED_MONITORING_DATA (EDUCATIONAL_USE_ONLY),PT-M04-0078,True Positive,0,High Risk (>60%)
64.0,0.0,3.0,156.0,313.0,0.0,0.0,133.0,0.0,0.2,1.0,0.0,7.0,0,0,Non-Anginal Pain,Female,<= 120 mg/dl,Normal,No,Upsloping,Reversible Defect,Senior (>=55),Month 4,4,0,0.3371,SIMULATED_MONITORING_DATA (EDUCATIONAL_USE_ONLY),PT-M04-0079,True Negative,0,Low Risk (<40%)
66.0,0.0,1.0,160.0,226.0,0.0,0.0,114.0,0.0,2.6,3.0,0.0,3.0,0,0,Typical Angina,Female,<= 120 mg/dl,Normal,No,Downsloping,Normal,Senior (>=55),Month 4,4,0,0.2581,SIMULATED_MONITORING_DATA (EDUCATIONAL_USE_ONLY),PT-M04-0080,True Negative,0,Low Risk (<40%)
62.0,0.0,3.0,143.0,263.0,0.0,0.0,97.0,0.0,1.2,2.0,1.0,7.0,2,1,Non-Anginal Pain,Female,<= 120 mg/dl,Normal,No,Flat,Reversible Defect,Senior (>=55),Month 4,4,1,0.7496,SIMULATED_MONITORING_DATA (EDUCATIONAL_USE_ONLY),PT-M04-0081,True Positive,0,High Risk (>60%)
56.0,0.0,2.0,144.0,409.0,0.0,2.0,150.0,1.0,1.9,2.0,2.0,7.0,2,1,Atypical Angina,Female,<= 120 mg/dl,Left Ventricular Hypertrophy,Yes,Flat,Reversible Defect,Senior (>=55),Month 4,4,1,0.7834,SIMULATED_MONITORING_DATA (EDUCATIONAL_USE_ONLY),PT-M04-0082,True Positive,0,High Risk (>60%)
60.0,0.0,3.0,132.0,178.0,1.0,0.0,96.0,0.0,0.0,1.0,0.0,3.0,0,0,Non-Anginal Pain,Female,> 120 mg/dl,Normal,No,Upsloping,Normal,Senior (>=55),Month 4,4,0,0.2056,SIMULATED_MONITORING_DATA (EDUCATIONAL_USE_ONLY),PT-M04-0083,True Negative,0,Low Risk (<40%)
60.0,0.0,3.0,114.0,318.0,0.0,0.0,160.0,0.0,0.0,1.0,1.0,3.0,0,0,Non-Anginal Pain,Female,<= 120 mg/dl,Normal,No,Upsloping,Normal,Senior (>=55),Month 4,4,0,0.1621,SIMULATED_MONITORING_DATA (EDUCATIONAL_USE_ONLY),PT-M04-0084,True Negative,0,Low Risk (<40%)
45.0,0.0,4.0,151.0,236.0,0.0,2.0,152.0,1.0,0.2,2.0,0.0,3.0,0,0,Asymptomatic,Female,<= 120 mg/dl,Left Ventricular Hypertrophy,Yes,Flat,Normal,Younger (<55),Month 4,4,0,0.3416,SIMULATED_MONITORING_DATA (EDUCATIONAL_USE_ONLY),PT-M04-0085,True Negative,0,Low Risk (<40%)
52.0,1.0,4.0,119.0,233.0,1.0,0.0,147.0,0.0,0.1,1.0,3.0,7.0,0,0,Asymptomatic,Male,> 120 mg/dl,Normal,No,Upsloping,Reversible Defect,Younger (<55),Month 4,4,1,0.5975,SIMULATED_MONITORING_DATA (EDUCATIONAL_USE_ONLY),PT-M04-0086,False Positive,1,Moderate Risk (40-60%)
71.0,0.0,3.0,119.0,265.0,1.0,2.0,130.0,0.0,0.0,1.0,1.0,3.0,0,0,Non-Anginal Pain,Female,> 120 mg/dl,Left Ventricular Hypertrophy,No,Upsloping,Normal,Senior (>=55),Month 4,4,0,0.1743,SIMULATED_MONITORING_DATA (EDUCATIONAL_USE_ONLY),PT-M04-0087,True Negative,0,Low Risk (<40%)
59.0,1.0,3.0,161.0,212.0,1.0,0.0,157.0,0.0,1.6,1.0,0.0,3.0,0,0,Non-Anginal Pain,Male,> 120 mg/dl,Normal,No,Upsloping,Normal,Senior (>=55),Month 4,4,0,0.2094,SIMULATED_MONITORING_DATA (EDUCATIONAL_USE_ONLY),PT-M04-0088,True Negative,0,Low Risk (<40%)
71.0,0.0,4.0,121.0,149.0,0.0,0.0,125.0,0.0,1.6,2.0,0.0,3.0,0,0,Asymptomatic,Female,<= 120 mg/dl,Normal,No,Flat,Normal,Senior (>=55),Month 4,4,0,0.2562,SIMULATED_MONITORING_DATA (EDUCATIONAL_USE_ONLY),PT-M04-0089,True Negative,0,Low Risk (<40%)
65.0,0.0,3.0,172.0,360.0,0.0,2.0,151.0,0.0,0.8,1.0,0.0,3.0,0,0,Non-Anginal Pain,Female,<= 120 mg/dl,Left Ventricular Hypertrophy,No,Upsloping,Normal,Senior (>=55),Month 4,4,0,0.2115,SIMULATED_MONITORING_DATA (EDUCATIONAL_USE_ONLY),PT-M04-0090,True Negative,0,Low Risk (<40%)
46.0,1.0,3.0,169.0,231.0,0.0,0.0,147.0,0.0,3.6,2.0,0.0,3.0,1,1,Non-Anginal Pain,Male,<= 120 mg/dl,Normal,No,Flat,Normal,Younger (<55),Month 4,4,0,0.3717,SIMULATED_MONITORING_DATA (EDUCATIONAL_USE_ONLY),PT-M04-0091,False Negative,1,Low Risk (<40%)
41.0,1.0,4.0,116.0,172.0,0.0,2.0,158.0,0.0,0.0,1.0,0.0,7.0,1,1,Asymptomatic,Male,<= 120 mg/dl,Left Ventricular Hypertrophy,No,Upsloping,Reversible Defect,Younger (<55),Month 4,4,1,0.5215,SIMULATED_MONITORING_DATA (EDUCATIONAL_USE_ONLY),PT-M04-0092,True Positive,0,Moderate Risk (40-60%)
43.0,1.0,4.0,122.0,211.0,0.0,0.0,161.0,0.0,0.0,1.0,0.0,7.0,0,0,Asymptomatic,Male,<= 120 mg/dl,Normal,No,Upsloping,Reversible Defect,Younger (<55),Month 4,4,0,0.3979,SIMULATED_MONITORING_DATA (EDUCATIONAL_USE_ONLY),PT-M04-0093,True Negative,0,Low Risk (<40%)
54.0,1.0,4.0,153.0,239.0,0.0,0.0,160.0,0.0,1.2,1.0,0.0,3.0,0,0,Asymptomatic,Male,<= 120 mg/dl,Normal,No,Upsloping,Normal,Younger (<55),Month 4,4,0,0.2205,SIMULATED_MONITORING_DATA (EDUCATIONAL_USE_ONLY),PT-M04-0094,True Negative,0,Low Risk (<40%)
66.0,0.0,1.0,163.0,226.0,0.0,0.0,114.0,0.0,2.6,3.0,0.0,3.0,0,0,Typical Angina,Female,<= 120 mg/dl,Normal,No,Downsloping,Normal,Senior (>=55),Month 4,4,0,0.2581,SIMULATED_MONITORING_DATA (EDUCATIONAL_USE_ONLY),PT-M04-0095,True Negative,0,Low Risk (<40%)
64.0,0.0,4.0,145.0,303.0,0.0,0.0,122.0,0.0,2.0,2.0,2.0,3.0,0,0,Asymptomatic,Female,<= 120 mg/dl,Normal,No,Flat,Normal,Senior (>=55),Month 4,4,1,0.5082,SIMULATED_MONITORING_DATA (EDUCATIONAL_USE_ONLY),PT-M04-0096,False Positive,1,Moderate Risk (40-60%)
39.0,0.0,3.0,102.0,199.0,0.0,0.0,179.0,0.0,0.0,1.0,0.0,3.0,0,0,Non-Anginal Pain,Female,<= 120 mg/dl,Normal,No,Upsloping,Normal,Younger (<55),Month 4,4,0,0.0321,SIMULATED_MONITORING_DATA (EDUCATIONAL_USE_ONLY),PT-M04-0097,True Negative,0,Low Risk (<40%)
58.0,0.0,4.0,106.0,248.0,0.0,2.0,122.0,0.0,1.0,2.0,0.0,3.0,0,0,Asymptomatic,Female,<= 120 mg/dl,Left Ventricular Hypertrophy,No,Flat,Normal,Senior (>=55),Month 4,4,0,0.235,SIMULATED_MONITORING_DATA (EDUCATIONAL_USE_ONLY),PT-M04-0098,True Negative,0,Low Risk (<40%)
58.0,1.0,4.0,139.0,259.0,0.0,2.0,130.0,1.0,3.0,2.0,2.0,7.0,3,1,Asymptomatic,Male,<= 120 mg/dl,Left Ventricular Hypertrophy,Yes,Flat,Reversible Defect,Senior (>=55),Month 4,4,1,0.9866,SIMULATED_MONITORING_DATA (EDUCATIONAL_USE_ONLY),PT-M04-0099,True Positive,0,High Risk (>60%)
60.0,0.0,2.0,161.0,258.0,0.0,2.0,157.0,0.0,2.6,2.0,2.0,7.0,3,1,Atypical Angina,Female,<= 120 mg/dl,Left Ventricular Hypertrophy,No,Flat,Reversible Defect,Senior (>=55),Month 4,4,1,0.7681,SIMULATED_MONITORING_DATA (EDUCATIONAL_USE_ONLY),PT-M04-0100,True Positive,0,High Risk (>60%)
50.0,0.0,3.0,131.0,219.0,0.0,0.0,158.0,0.0,1.6,2.0,0.0,3.0,0,0,Non-Anginal Pain,Female,<= 120 mg/dl,Normal,No,Flat,Normal,Younger (<55),Month 4,4,0,0.0889,SIMULATED_MONITORING_DATA (EDUCATIONAL_USE_ONLY),PT-M04-0101,True Negative,0,Low Risk (<40%)
41.0,0.0,3.0,123.0,268.0,0.0,2.0,172.0,1.0,0.0,1.0,0.0,3.0,0,0,Non-Anginal Pain,Female,<= 120 mg/dl,Left Ventricular Hypertrophy,Yes,Upsloping,Normal,Younger (<55),Month 4,4,0,0.096,SIMULATED_MONITORING_DATA (EDUCATIONAL_USE_ONLY),PT-M04-0102,True Negative,0,Low Risk (<40%)
39.0,0.0,3.0,99.0,199.0,0.0,0.0,179.0,0.0,0.0,1.0,0.0,3.0,0,0,Non-Anginal Pain,Female,<= 120 mg/dl,Normal,No,Upsloping,Normal,Younger (<55),Month 4,4,0,0.0321,SIMULATED_MONITORING_DATA (EDUCATIONAL_USE_ONLY),PT-M04-0103,True Negative,0,Low Risk (<40%)
57.0,0.0,4.0,133.0,354.0,0.0,0.0,163.0,1.0,0.6,1.0,0.0,3.0,0,0,Asymptomatic,Female,<= 120 mg/dl,Normal,Yes,Upsloping,Normal,Senior (>=55),Month 4,4,0,0.2635,SIMULATED_MONITORING_DATA (EDUCATIONAL_USE_ONLY),PT-M04-0104,True Negative,0,Low Risk (<40%)
65.0,0.0,2.0,161.0,225.0,0.0,2.0,114.0,0.0,1.0,2.0,3.0,7.0,4,1,Atypical Angina,Female,<= 120 mg/dl,Left Ventricular Hypertrophy,No,Flat,Reversible Defect,Senior (>=55),Month 4,4,1,0.7728,SIMULATED_MONITORING_DATA (EDUCATIONAL_USE_ONLY),PT-M04-0105,True Positive,0,High Risk (>60%)
59.0,1.0,2.0,153.0,221.0,0.0,0.0,164.0,1.0,0.0,1.0,0.0,3.0,0,0,Atypical Angina,Male,<= 120 mg/dl,Normal,Yes,Upsloping,Normal,Senior (>=55),Month 4,4,0,0.2231,SIMULATED_MONITORING_DATA (EDUCATIONAL_USE_ONLY),PT-M04-0106,True Negative,0,Low Risk (<40%)
45.0,1.0,4.0,126.0,260.0,0.0,2.0,185.0,0.0,0.0,1.0,0.0,3.0,0,0,Asymptomatic,Male,<= 120 mg/dl,Left Ventricular Hypertrophy,No,Upsloping,Normal,Younger (<55),Month 4,4,0,0.1821,SIMULATED_MONITORING_DATA (EDUCATIONAL_USE_ONLY),PT-M04-0107,True Negative,0,Low Risk (<40%)
55.0,1.0,4.0,174.0,289.0,0.0,2.0,145.0,1.0,0.8,2.0,1.0,7.0,4,1,Asymptomatic,Male,<= 120 mg/dl,Left Ventricular Hypertrophy,Yes,Flat,Reversible Defect,Senior (>=55),Month 4,4,1,0.9622,SIMULATED_MONITORING_DATA (EDUCATIONAL_USE_ONLY),PT-M04-0108,True Positive,0,High Risk (>60%)
37.0,1.0,3.0,140.0,250.0,0.0,0.0,187.0,0.0,3.5,3.0,0.0,3.0,0,0,Non-Anginal Pain,Male,<= 120 mg/dl,Normal,No,Downsloping,Normal,Younger (<55),Month 4,4,0,0.195,SIMULATED_MONITORING_DATA (EDUCATIONAL_USE_ONLY),PT-M04-0109,True Negative,0,Low Risk (<40%)
62.0,0.0,4.0,132.0,209.0,0.0,0.0,163.0,0.0,0.0,1.0,0.0,3.0,0,0,Asymptomatic,Female,<= 120 mg/dl,Normal,No,Upsloping,Normal,Senior (>=55),Month 4,4,0,0.1927,SIMULATED_MONITORING_DATA (EDUCATIONAL_USE_ONLY),PT-M04-0110,True Negative,0,Low Risk (<40%)
43.0,0.0,3.0,131.0,213.0,0.0,0.0,165.0,0.0,0.2,2.0,0.0,3.0,0,0,Non-Anginal Pain,Female,<= 120 mg/dl,Normal,No,Flat,Normal,Younger (<55),Month 4,4,0,0.0447,SIMULATED_MONITORING_DATA (EDUCATIONAL_USE_ONLY),PT-M04-0111,True Negative,0,Low Risk (<40%)
49.0,0.0,2.0,149.0,271.0,0.0,0.0,162.0,0.0,0.0,2.0,0.0,3.0,0,0,Atypical Angina,Female,<= 120 mg/dl,Normal,No,Flat,Normal,Younger (<55),Month 4,4,0,0.1005,SIMULATED_MONITORING_DATA (EDUCATIONAL_USE_ONLY),PT-M04-0112,True Negative,0,Low Risk (<40%)
51.0,0.0,3.0,149.0,308.0,0.0,2.0,142.0,0.0,1.5,1.0,1.0,3.0,0,0,Non-Anginal Pain,Female,<= 120 mg/dl,Left Ventricular Hypertrophy,No,Upsloping,Normal,Younger (<55),Month 4,4,0,0.1444,SIMULATED_MONITORING_DATA (EDUCATIONAL_USE_ONLY),PT-M04-0113,True Negative,0,Low Risk (<40%)
60.0,1.0,3.0,149.0,185.0,0.0,2.0,155.0,0.0,3.0,2.0,0.0,3.0,1,1,Non-Anginal Pain,Male,<= 120 mg/dl,Left Ventricular Hypertrophy,No,Flat,Normal,Senior (>=55),Month 4,4,0,0.3052,SIMULATED_MONITORING_DATA (EDUCATIONAL_USE_ONLY),PT-M04-0114,False Negative,1,Low Risk (<40%)
58.0,0.0,3.0,127.0,340.0,0.0,0.0,172.0,0.0,0.0,1.0,0.0,3.0,0,0,Non-Anginal Pain,Female,<= 120 mg/dl,Normal,No,Upsloping,Normal,Senior (>=55),Month 4,4,0,0.1434,SIMULATED_MONITORING_DATA (EDUCATIONAL_USE_ONLY),PT-M04-0115,True Negative,0,Low Risk (<40%)
41.0,0.0,2.0,141.0,204.0,0.0,2.0,172.0,0.0,1.4,1.0,0.0,3.0,0,0,Atypical Angina,Female,<= 120 mg/dl,Left Ventricular Hypertrophy,No,Upsloping,Normal,Younger (<55),Month 4,4,0,0.0492,SIMULATED_MONITORING_DATA (EDUCATIONAL_USE_ONLY),PT-M04-0116,True Negative,0,Low Risk (<40%)
62.0,0.0,3.0,157.0,244.0,0.0,0.0,154.0,1.0,1.4,2.0,0.0,3.0,1,1,Non-Anginal Pain,Female,<= 120 mg/dl,Normal,Yes,Flat,Normal,Senior (>=55),Month 4,4,0,0.3061,SIMULATED_MONITORING_DATA (EDUCATIONAL_USE_ONLY),PT-M04-0117,False Negative,1,Low Risk (<40%)
49.0,1.0,3.0,126.0,188.0,0.0,0.0,139.0,0.0,2.0,2.0,3.0,7.0,3,1,Non-Anginal Pain,Male,<= 120 mg/dl,Normal,No,Flat,Reversible Defect,Younger (<55),Month 4,4,1,0.7897,SIMULATED_MONITORING_DATA (EDUCATIONAL_USE_ONLY),PT-M04-0118,True Positive,0,High Risk (>60%)
61.0,1.0,4.0,159.0,203.0,0.0,0.0,161.0,0.0,0.0,1.0,1.0,7.0,2,1,Asymptomatic,Male,<= 120 mg/dl,Normal,No,Upsloping,Reversible Defect,Senior (>=55),Month 4,4,1,0.6775,SIMULATED_MONITORING_DATA (EDUCATIONAL_USE_ONLY),PT-M04-0119,True Positive,0,High Risk (>60%)
54.0,1.0,2.0,203.0,283.0,0.0,2.0,195.0,0.0,0.0,1.0,1.0,7.0,1,1,Atypical Angina,Male,<= 120 mg/dl,Left Ventricular Hypertrophy,No,Upsloping,Reversible Defect,Younger (<55),Month 4,4,1,0.6017,SIMULATED_MONITORING_DATA (EDUCATIONAL_USE_ONLY),PT-M04-0120,True Positive,0,High Risk (>60%)
61.0,0.0,4.0,153.0,307.0,0.0,2.0,146.0,1.0,1.0,2.0,0.0,7.0,1,1,Asymptomatic,Female,<= 120 mg/dl,Left Ventricular Hypertrophy,Yes,Flat,Reversible Defect,Senior (>=55),Month 4,4,1,0.9091,SIMULATED_MONITORING_DATA (EDUCATIONAL_USE_ONLY),PT-M04-0121,True Positive,0,High Risk (>60%)
46.0,1.0,4.0,126.0,249.0,0.0,2.0,144.0,0.0,0.8,1.0,0.0,7.0,1,1,Asymptomatic,Male,<= 120 mg/dl,Left Ventricular Hypertrophy,No,Upsloping,Reversible Defect,Younger (<55),Month 4,4,1,0.7784,SIMULATED_MONITORING_DATA (EDUCATIONAL_USE_ONLY),PT-M04-0122,True Positive,0,High Risk (>60%)
67.0,0.0,4.0,112.0,223.0,0.0,0.0,142.0,0.0,0.3,1.0,2.0,3.0,0,0,Asymptomatic,Female,<= 120 mg/dl,Normal,No,Upsloping,Normal,Senior (>=55),Month 4,4,0,0.3246,SIMULATED_MONITORING_DATA (EDUCATIONAL_USE_ONLY),PT-M04-0123,True Negative,0,Low Risk (<40%)
65.0,0.0,3.0,164.0,225.0,0.0,2.0,114.0,0.0,1.0,2.0,3.0,7.0,4,1,Non-Anginal Pain,Female,<= 120 mg/dl,Left Ventricular Hypertrophy,No,Flat,Reversible Defect,Senior (>=55),Month 4,4,1,0.7478,SIMULATED_MONITORING_DATA (EDUCATIONAL_USE_ONLY),PT-M04-0124,True Positive,0,High Risk (>60%)
67.0,0.0,4.0,117.0,223.0,0.0,0.0,142.0,0.0,0.3,1.0,2.0,3.0,0,0,Asymptomatic,Female,<= 120 mg/dl,Normal,No,Upsloping,Normal,Senior (>=55),Month 4,4,0,0.3206,SIMULATED_MONITORING_DATA (EDUCATIONAL_USE_ONLY),PT-M04-0125,True Negative,0,Low Risk (<40%)
50.0,1.0,3.0,157.0,233.0,0.0,0.0,163.0,0.0,0.6,2.0,1.0,7.0,1,1,Non-Anginal Pain,Male,<= 120 mg/dl,Normal,No,Flat,Reversible Defect,Younger (<55),Month 4,4,1,0.7017,SIMULATED_MONITORING_DATA (EDUCATIONAL_USE_ONLY),PT-M04-0126,True Positive,0,High Risk (>60%)
59.0,1.0,4.0,183.0,176.0,1.0,2.0,90.0,0.0,1.0,2.0,2.0,6.0,3,1,Asymptomatic,Male,> 120 mg/dl,Left Ventricular Hypertrophy,No,Flat,Fixed Defect,Senior (>=55),Month 4,4,1,0.8438,SIMULATED_MONITORING_DATA (EDUCATIONAL_USE_ONLY),PT-M04-0127,True Positive,0,High Risk (>60%)
58.0,1.0,3.0,123.0,230.0,0.0,2.0,165.0,0.0,2.5,2.0,1.0,7.0,4,1,Non-Anginal Pain,Male,<= 120 mg/dl,Left Ventricular Hypertrophy,No,Flat,Reversible Defect,Senior (>=55),Month 4,4,1,0.7669,SIMULATED_MONITORING_DATA (EDUCATIONAL_USE_ONLY),PT-M04-0128,True Positive,0,High Risk (>60%)
42.0,1.0,4.0,154.0,226.0,0.0,0.0,178.0,0.0,0.0,1.0,0.0,3.0,0,0,Asymptomatic,Male,<= 120 mg/dl,Normal,No,Upsloping,Normal,Younger (<55),Month 4,4,0,0.2114,SIMULATED_MONITORING_DATA (EDUCATIONAL_USE_ONLY),PT-M04-0129,True Negative,0,Low Risk (<40%)
42.0,1.0,1.0,160.0,244.0,0.0,2.0,178.0,0.0,0.8,1.0,2.0,3.0,0,0,Typical Angina,Male,<= 120 mg/dl,Left Ventricular Hypertrophy,No,Upsloping,Normal,Younger (<55),Month 4,4,0,0.3572,SIMULATED_MONITORING_DATA (EDUCATIONAL_USE_ONLY),PT-M04-0130,True Negative,0,Low Risk (<40%)
38.0,1.0,3.0,151.0,175.0,0.0,0.0,173.0,0.0,0.0,1.0,0.0,3.0,0,0,Non-Anginal Pain,Male,<= 120 mg/dl,Normal,No,Upsloping,Normal,Younger (<55),Month 4,4,0,0.1028,SIMULATED_MONITORING_DATA (EDUCATIONAL_USE_ONLY),PT-M04-0131,True Negative,0,Low Risk (<40%)
63.0,1.0,1.0,162.0,233.0,1.0,2.0,150.0,0.0,2.3,3.0,0.0,6.0,0,0,Typical Angina,Male,> 120 mg/dl,Left Ventricular Hypertrophy,No,Downsloping,Fixed Defect,Senior (>=55),Month 4,4,0,0.3924,SIMULATED_MONITORING_DATA (EDUCATIONAL_USE_ONLY),PT-M04-0132,True Negative,0,Low Risk (<40%)
50.0,0.0,3.0,131.0,219.0,0.0,0.0,158.0,0.0,1.6,2.0,0.0,3.0,0,0,Non-Anginal Pain,Female,<= 120 mg/dl,Normal,No,Flat,Normal,Younger (<55),Month 4,4,0,0.0889,SIMULATED_MONITORING_DATA (EDUCATIONAL_USE_ONLY),PT-M04-0133,True Negative,0,Low Risk (<40%)
67.0,1.0,4.0,176.0,286.0,0.0,2.0,108.0,1.0,1.5,2.0,3.0,3.0,2,1,Asymptomatic,Male,<= 120 mg/dl,Left Ventricular Hypertrophy,Yes,Flat,Normal,Senior (>=55),Month 4,4,1,0.897,SIMULATED_MONITORING_DATA (EDUCATIONAL_USE_ONLY),PT-M04-0134,True Positive,0,High Risk (>60%)
58.0,1.0,3.0,140.0,224.0,0.0,2.0,173.0,0.0,3.2,1.0,2.0,7.0,3,1,Non-Anginal Pain,Male,<= 120 mg/dl,Left Ventricular Hypertrophy,No,Upsloping,Reversible Defect,Senior (>=55),Month 4,4,1,0.6065,SIMULATED_MONITORING_DATA (EDUCATIONAL_USE_ONLY),PT-M04-0135,True Positive,0,High Risk (>60%)
59.0,1.0,4.0,149.0,177.0,0.0,0.0,162.0,1.0,0.0,1.0,1.0,7.0,2,1,Asymptomatic,Male,<= 120 mg/dl,Normal,Yes,Upsloping,Reversible Defect,Senior (>=55),Month 4,4,1,0.7597,SIMULATED_MONITORING_DATA (EDUCATIONAL_USE_ONLY),PT-M04-0136,True Positive,0,High Risk (>60%)
48.0,1.0,4.0,133.0,222.0,0.0,2.0,186.0,0.0,0.0,1.0,0.0,3.0,0,0,Asymptomatic,Male,<= 120 mg/dl,Left Ventricular Hypertrophy,No,Upsloping,Normal,Younger (<55),Month 4,4,0,0.1721,SIMULATED_MONITORING_DATA (EDUCATIONAL_USE_ONLY),PT-M04-0137,True Negative,0,Low Risk (<40%)
54.0,0.0,2.0,143.0,288.0,1.0,2.0,159.0,1.0,0.0,1.0,1.0,3.0,0,0,Atypical Angina,Female,> 120 mg/dl,Left Ventricular Hypertrophy,Yes,Upsloping,Normal,Younger (<55),Month 4,4,0,0.3044,SIMULATED_MONITORING_DATA (EDUCATIONAL_USE_ONLY),PT-M04-0138,True Negative,0,Low Risk (<40%)
63.0,0.0,3.0,144.0,252.0,0.0,2.0,172.0,0.0,0.0,1.0,0.0,3.0,0,0,Non-Anginal Pain,Female,<= 120 mg/dl,Left Ventricular Hypertrophy,No,Upsloping,Normal,Senior (>=55),Month 4,4,0,0.1412,SIMULATED_MONITORING_DATA (EDUCATIONAL_USE_ONLY),PT-M04-0139,True Negative,0,Low Risk (<40%)
41.0,0.0,3.0,128.0,268.0,0.0,2.0,172.0,1.0,0.0,1.0,0.0,3.0,0,0,Non-Anginal Pain,Female,<= 120 mg/dl,Left Ventricular Hypertrophy,Yes,Upsloping,Normal,Younger (<55),Month 4,4,0,0.1013,SIMULATED_MONITORING_DATA (EDUCATIONAL_USE_ONLY),PT-M04-0140,True Negative,0,Low Risk (<40%)
51.0,0.0,3.0,152.0,308.0,0.0,2.0,142.0,0.0,1.5,1.0,1.0,3.0,0,0,Non-Anginal Pain,Female,<= 120 mg/dl,Left Ventricular Hypertrophy,No,Upsloping,Normal,Younger (<55),Month 4,4,0,0.1513,SIMULATED_MONITORING_DATA (EDUCATIONAL_USE_ONLY),PT-M04-0141,True Negative,0,Low Risk (<40%)
65.0,0.0,3.0,150.0,417.0,1.0,2.0,157.0,0.0,0.8,1.0,1.0,3.0,0,0,Non-Anginal Pain,Female,> 120 mg/dl,Left Ventricular Hypertrophy,No,Upsloping,Normal,Senior (>=55),Month 4,4,0,0.1678,SIMULATED_MONITORING_DATA (EDUCATIONAL_USE_ONLY),PT-M04-0142,True Negative,0,Low Risk (<40%)
38.0,1.0,3.0,149.0,175.0,0.0,0.0,173.0,0.0,0.0,1.0,0.0,3.0,0,0,Non-Anginal Pain,Male,<= 120 mg/dl,Normal,No,Upsloping,Normal,Younger (<55),Month 4,4,0,0.1028,SIMULATED_MONITORING_DATA (EDUCATIONAL_USE_ONLY),PT-M04-0143,True Negative,0,Low Risk (<40%)
60.0,0.0,1.0,162.0,240.0,0.0,0.0,171.0,0.0,0.9,1.0,0.0,3.0,0,0,Typical Angina,Female,<= 120 mg/dl,Normal,No,Upsloping,Normal,Senior (>=55),Month 4,4,0,0.1646,SIMULATED_MONITORING_DATA (EDUCATIONAL_USE_ONLY),PT-M04-0144,True Negative,0,Low Risk (<40%)
50.0,0.0,3.0,130.0,219.0,0.0,0.0,158.0,0.0,1.6,2.0,0.0,3.0,0,0,Non-Anginal Pain,Female,<= 120 mg/dl,Normal,No,Flat,Normal,Younger (<55),Month 4,4,0,0.0835,SIMULATED_MONITORING_DATA (EDUCATIONAL_USE_ONLY),PT-M04-0145,True Negative,0,Low Risk (<40%)
66.0,1.0,4.0,125.0,302.0,0.0,2.0,151.0,0.0,0.4,2.0,0.0,3.0,0,0,Asymptomatic,Male,<= 120 mg/dl,Left Ventricular Hypertrophy,No,Flat,Normal,Senior (>=55),Month 4,4,0,0.3574,SIMULATED_MONITORING_DATA (EDUCATIONAL_USE_ONLY),PT-M04-0146,True Negative,0,Low Risk (<40%)
57.0,1.0,4.0,166.0,276.0,0.0,2.0,112.0,1.0,0.6,2.0,1.0,6.0,1,1,Asymptomatic,Male,<= 120 mg/dl,Left Ventricular Hypertrophy,Yes,Flat,Fixed Defect,Senior (>=55),Month 4,4,1,0.913,SIMULATED_MONITORING_DATA (EDUCATIONAL_USE_ONLY),PT-M04-0147,True Positive,0,High Risk (>60%)
52.0,1.0,4.0,139.0,212.0,0.0,0.0,168.0,0.0,1.0,1.0,2.0,7.0,3,1,Asymptomatic,Male,<= 120 mg/dl,Normal,No,Upsloping,Reversible Defect,Younger (<55),Month 4,4,1,0.7834,SIMULATED_MONITORING_DATA (EDUCATIONAL_USE_ONLY),PT-M04-0148,True Positive,0,High Risk (>60%)
60.0,1.0,4.0,131.0,230.0,1.0,0.0,160.0,1.0,1.4,1.0,2.0,7.0,2,1,Asymptomatic,Male,> 120 mg/dl,Normal,Yes,Upsloping,Reversible Defect,Senior (>=55),Month 4,4,1,0.8845,SIMULATED_MONITORING_DATA (EDUCATIONAL_USE_ONLY),PT-M04-0149,True Positive,0,High Risk (>60%)
40.0,1.0,1.0,152.0,199.0,0.0,0.0,178.0,1.0,1.4,1.0,0.0,7.0,0,0,Typical Angina,Male,<= 120 mg/dl,Normal,Yes,Upsloping,Reversible Defect,Younger (<55),Month 4,4,0,0.3766,SIMULATED_MONITORING_DATA (EDUCATIONAL_USE_ONLY),PT-M04-0150,True Negative,0,Low Risk (<40%)
58.0,0.0,1.0,164.0,283.0,1.0,2.0,162.0,0.0,1.0,1.0,0.0,3.0,0,0,Typical Angina,Female,> 120 mg/dl,Left Ventricular Hypertrophy,No,Upsloping,Normal,Senior (>=55),Month 4,4,0,0.2311,SIMULATED_MONITORING_DATA (EDUCATIONAL_USE_ONLY),PT-M04-0151,True Negative,0,Low Risk (<40%)
64.0,0.0,4.0,138.0,303.0,0.0,0.0,122.0,0.0,2.0,2.0,2.0,3.0,0,0,Asymptomatic,Female,<= 120 mg/dl,Normal,No,Flat,Normal,Senior (>=55),Month 4,4,1,0.5105,SIMULATED_MONITORING_DATA (EDUCATIONAL_USE_ONLY),PT-M04-0152,False Positive,1,Moderate Risk (40-60%)
67.0,0.0,3.0,127.0,564.0,0.0,2.0,160.0,0.0,1.6,2.0,0.0,7.0,0,0,Non-Anginal Pain,Female,<= 120 mg/dl,Left Ventricular Hypertrophy,No,Flat,Reversible Defect,Senior (>=55),Month 4,4,0,0.4634,SIMULATED_MONITORING_DATA (EDUCATIONAL_USE_ONLY),PT-M04-0153,True Negative,0,Moderate Risk (40-60%)
62.0,0.0,4.0,163.0,244.0,0.0,0.0,154.0,1.0,1.4,2.0,0.0,3.0,1,1,Asymptomatic,Female,<= 120 mg/dl,Normal,Yes,Flat,Normal,Senior (>=55),Month 4,4,1,0.5046,SIMULATED_MONITORING_DATA (EDUCATIONAL_USE_ONLY),PT-M04-0154,True Positive,0,Moderate Risk (40-60%)
48.0,1.0,4.0,130.0,222.0,0.0,2.0,186.0,0.0,0.0,1.0,0.0,3.0,0,0,Asymptomatic,Male,<= 120 mg/dl,Left Ventricular Hypertrophy,No,Upsloping,Normal,Younger (<55),Month 4,4,0,0.169,SIMULATED_MONITORING_DATA (EDUCATIONAL_USE_ONLY),PT-M04-0155,True Negative,0,Low Risk (<40%)
54.0,0.0,2.0,145.0,288.0,1.0,2.0,159.0,1.0,0.0,1.0,1.0,3.0,0,0,Atypical Angina,Female,> 120 mg/dl,Left Ventricular Hypertrophy,Yes,Upsloping,Normal,Younger (<55),Month 4,4,0,0.3044,SIMULATED_MONITORING_DATA (EDUCATIONAL_USE_ONLY),PT-M04-0156,True Negative,0,Low Risk (<40%)
50.0,0.0,3.0,132.0,219.0,0.0,0.0,158.0,0.0,1.6,2.0,0.0,3.0,0,0,Non-Anginal Pain,Female,<= 120 mg/dl,Normal,No,Flat,Normal,Younger (<55),Month 4,4,0,0.0881,SIMULATED_MONITORING_DATA (EDUCATIONAL_USE_ONLY),PT-M04-0157,True Negative,0,Low Risk (<40%)
42.0,0.0,4.0,110.0,265.0,0.0,2.0,122.0,0.0,0.6,2.0,0.0,3.0,0,0,Asymptomatic,Female,<= 120 mg/dl,Left Ventricular Hypertrophy,No,Flat,Normal,Younger (<55),Month 4,4,0,0.1932,SIMULATED_MONITORING_DATA (EDUCATIONAL_USE_ONLY),PT-M04-0158,True Negative,0,Low Risk (<40%)
38.0,1.0,3.0,150.0,175.0,0.0,0.0,173.0,0.0,0.0,1.0,0.0,3.0,0,0,Non-Anginal Pain,Male,<= 120 mg/dl,Normal,No,Upsloping,Normal,Younger (<55),Month 4,4,0,0.1028,SIMULATED_MONITORING_DATA (EDUCATIONAL_USE_ONLY),PT-M04-0159,True Negative,0,Low Risk (<40%)
40.0,1.0,4.0,161.0,223.0,0.0,0.0,181.0,0.0,0.0,1.0,0.0,7.0,1,1,Asymptomatic,Male,<= 120 mg/dl,Normal,No,Upsloping,Reversible Defect,Younger (<55),Month 4,4,1,0.5287,SIMULATED_MONITORING_DATA (EDUCATIONAL_USE_ONLY),PT-M04-0160,True Positive,0,Moderate Risk (40-60%)
48.0,1.0,3.0,138.0,255.0,1.0,0.0,175.0,0.0,0.0,1.0,2.0,3.0,0,0,Non-Anginal Pain,Male,> 120 mg/dl,Normal,No,Upsloping,Normal,Younger (<55),Month 4,4,0,0.2031,SIMULATED_MONITORING_DATA (EDUCATIONAL_USE_ONLY),PT-M04-0161,True Negative,0,Low Risk (<40%)
66.0,0.0,4.0,190.0,228.0,1.0,0.0,165.0,1.0,1.0,2.0,2.0,7.0,3,1,Asymptomatic,Female,> 120 mg/dl,Normal,Yes,Flat,Reversible Defect,Senior (>=55),Month 4,4,1,0.8816,SIMULATED_MONITORING_DATA (EDUCATIONAL_USE_ONLY),PT-M04-0162,True Positive,0,High Risk (>60%)
63.0,0.0,4.0,115.0,269.0,0.0,0.0,169.0,1.0,1.8,2.0,2.0,3.0,1,1,Asymptomatic,Female,<= 120 mg/dl,Normal,Yes,Flat,Normal,Senior (>=55),Month 4,4,1,0.7257,SIMULATED_MONITORING_DATA (EDUCATIONAL_USE_ONLY),PT-M04-0163,True Positive,0,High Risk (>60%)
64.0,0.0,3.0,151.0,313.0,0.0,0.0,133.0,0.0,0.2,1.0,0.0,7.0,0,0,Non-Anginal Pain,Female,<= 120 mg/dl,Normal,No,Upsloping,Reversible Defect,Senior (>=55),Month 4,4,0,0.3248,SIMULATED_MONITORING_DATA (EDUCATIONAL_USE_ONLY),PT-M04-0164,True Negative,0,Low Risk (<40%)
52.0,1.0,2.0,142.0,205.0,1.0,0.0,184.0,0.0,0.0,1.0,0.0,3.0,0,0,Atypical Angina,Male,> 120 mg/dl,Normal,No,Upsloping,Normal,Younger (<55),Month 4,4,0,0.07,SIMULATED_MONITORING_DATA (EDUCATIONAL_USE_ONLY),PT-M04-0165,True Negative,0,Low Risk (<40%)
62.0,0.0,4.0,155.0,394.0,0.0,2.0,157.0,0.0,1.2,2.0,0.0,3.0,0,0,Asymptomatic,Female,<= 120 mg/dl,Left Ventricular Hypertrophy,No,Flat,Normal,Senior (>=55),Month 4,4,0,0.3409,SIMULATED_MONITORING_DATA (EDUCATIONAL_USE_ONLY),PT-M04-0166,True Negative,0,Low Risk (<40%)
43.0,1.0,4.0,124.0,303.0,0.0,0.0,181.0,0.0,1.2,2.0,0.0,3.0,0,0,Asymptomatic,Male,<= 120 mg/dl,Normal,No,Flat,Normal,Younger (<55),Month 4,4,0,0.2209,SIMULATED_MONITORING_DATA (EDUCATIONAL_USE_ONLY),PT-M04-0167,True Negative,0,Low Risk (<40%)
49.0,0.0,4.0,143.0,269.0,0.0,0.0,163.0,0.0,0.0,1.0,0.0,3.0,0,0,Asymptomatic,Female,<= 120 mg/dl,Normal,No,Upsloping,Normal,Younger (<55),Month 4,4,0,0.102,SIMULATED_MONITORING_DATA (EDUCATIONAL_USE_ONLY),PT-M04-0168,True Negative,0,Low Risk (<40%)
62.0,0.0,3.0,135.0,263.0,0.0,0.0,97.0,0.0,1.2,2.0,1.0,7.0,2,1,Non-Anginal Pain,Female,<= 120 mg/dl,Normal,No,Flat,Reversible Defect,Senior (>=55),Month 4,4,1,0.7569,SIMULATED_MONITORING_DATA (EDUCATIONAL_USE_ONLY),PT-M04-0169,True Positive,0,High Risk (>60%)
62.0,1.0,2.0,136.0,208.0,1.0,2.0,140.0,0.0,0.0,1.0,0.0,3.0,0,0,Atypical Angina,Male,> 120 mg/dl,Left Ventricular Hypertrophy,No,Upsloping,Normal,Senior (>=55),Month 4,4,0,0.2304,SIMULATED_MONITORING_DATA (EDUCATIONAL_USE_ONLY),PT-M04-0170,True Negative,0,Low Risk (<40%)
63.0,0.0,2.0,149.0,195.0,0.0,0.0,179.0,0.0,0.0,1.0,2.0,3.0,0,0,Atypical Angina,Female,<= 120 mg/dl,Normal,No,Upsloping,Normal,Senior (>=55),Month 4,4,0,0.2757,SIMULATED_MONITORING_DATA (EDUCATIONAL_USE_ONLY),PT-M04-0171,True Negative,0,Low Risk (<40%)
57.0,0.0,4.0,133.0,354.0,0.0,0.0,163.0,1.0,0.6,1.0,0.0,3.0,0,0,Asymptomatic,Female,<= 120 mg/dl,Normal,Yes,Upsloping,Normal,Senior (>=55),Month 4,4,0,0.2635,SIMULATED_MONITORING_DATA (EDUCATIONAL_USE_ONLY),PT-M04-0172,True Negative,0,Low Risk (<40%)
58.0,0.0,1.0,164.0,283.0,1.0,2.0,162.0,0.0,1.0,1.0,0.0,3.0,0,0,Typical Angina,Female,> 120 mg/dl,Left Ventricular Hypertrophy,No,Upsloping,Normal,Senior (>=55),Month 4,4,0,0.2311,SIMULATED_MONITORING_DATA (EDUCATIONAL_USE_ONLY),PT-M04-0173,True Negative,0,Low Risk (<40%)
45.0,1.0,4.0,113.0,208.0,0.0,2.0,148.0,1.0,3.0,2.0,0.0,3.0,0,0,Asymptomatic,Male,<= 120 mg/dl,Left Ventricular Hypertrophy,Yes,Flat,Normal,Younger (<55),Month 4,4,0,0.4041,SIMULATED_MONITORING_DATA (EDUCATIONAL_USE_ONLY),PT-M04-0174,True Negative,0,Moderate Risk (40-60%)
58.0,0.0,4.0,141.0,197.0,0.0,0.0,131.0,0.0,0.6,2.0,0.0,3.0,0,0,Asymptomatic,Female,<= 120 mg/dl,Normal,No,Flat,Normal,Senior (>=55),Month 4,4,0,0.2172,SIMULATED_MONITORING_DATA (EDUCATIONAL_USE_ONLY),PT-M04-0175,True Negative,0,Low Risk (<40%)
57.0,1.0,2.0,171.0,232.0,0.0,2.0,164.0,0.0,0.0,1.0,1.0,3.0,1,1,Atypical Angina,Male,<= 120 mg/dl,Left Ventricular Hypertrophy,No,Upsloping,Normal,Senior (>=55),Month 4,4,1,0.5032,SIMULATED_MONITORING_DATA (EDUCATIONAL_USE_ONLY),PT-M04-0176,True Positive,0,Moderate Risk (40-60%)
49.0,0.0,2.0,144.0,271.0,0.0,0.0,162.0,0.0,0.0,2.0,0.0,3.0,0,0,Atypical Angina,Female,<= 120 mg/dl,Normal,No,Flat,Normal,Younger (<55),Month 4,4,0,0.0791,SIMULATED_MONITORING_DATA (EDUCATIONAL_USE_ONLY),PT-M04-0177,True Negative,0,Low Risk (<40%)
52.0,0.0,3.0,143.0,196.0,0.0,2.0,169.0,0.0,0.1,2.0,0.0,3.0,0,0,Non-Anginal Pain,Female,<= 120 mg/dl,Left Ventricular Hypertrophy,No,Flat,Normal,Younger (<55),Month 4,4,0,0.0442,SIMULATED_MONITORING_DATA (EDUCATIONAL_USE_ONLY),PT-M04-0178,True Negative,0,Low Risk (<40%)
51.0,1.0,3.0,138.0,245.0,1.0,2.0,166.0,0.0,2.4,2.0,0.0,3.0,0,0,Non-Anginal Pain,Male,> 120 mg/dl,Left Ventricular Hypertrophy,No,Flat,Normal,Younger (<55),Month 4,4,0,0.2172,SIMULATED_MONITORING_DATA (EDUCATIONAL_USE_ONLY),PT-M04-0179,True Negative,0,Low Risk (<40%)
63.0,0.0,3.0,146.0,252.0,0.0,2.0,172.0,0.0,0.0,1.0,0.0,3.0,0,0,Non-Anginal Pain,Female,<= 120 mg/dl,Left Ventricular Hypertrophy,No,Upsloping,Normal,Senior (>=55),Month 4,4,0,0.1421,SIMULATED_MONITORING_DATA (EDUCATIONAL_USE_ONLY),PT-M04-0180,True Negative,0,Low Risk (<40%)
57.0,1.0,4.0,154.0,192.0,0.0,0.0,148.0,0.0,0.4,2.0,0.0,6.0,0,0,Asymptomatic,Male,<= 120 mg/dl,Normal,No,Flat,Fixed Defect,Senior (>=55),Month 4,4,0,0.386,SIMULATED_MONITORING_DATA (EDUCATIONAL_USE_ONLY),PT-M04-0181,True Negative,0,Low Risk (<40%)
68.0,0.0,3.0,129.0,211.0,0.0,2.0,115.0,0.0,1.5,2.0,0.0,3.0,0,0,Non-Anginal Pain,Female,<= 120 mg/dl,Left Ventricular Hypertrophy,No,Flat,Normal,Senior (>=55),Month 4,4,0,0.1712,SIMULATED_MONITORING_DATA (EDUCATIONAL_USE_ONLY),PT-M04-0182,True Negative,0,Low Risk (<40%)
69.0,1.0,1.0,170.0,234.0,1.0,2.0,131.0,0.0,0.1,2.0,1.0,3.0,0,0,Typical Angina,Male,> 120 mg/dl,Left Ventricular Hypertrophy,No,Flat,Normal,Senior (>=55),Month 4,4,1,0.5212,SIMULATED_MONITORING_DATA (EDUCATIONAL_USE_ONLY),PT-M04-0183,False Positive,1,Moderate Risk (40-60%)
54.0,0.0,3.0,174.0,201.0,0.0,0.0,163.0,0.0,0.0,1.0,1.0,3.0,0,0,Non-Anginal Pain,Female,<= 120 mg/dl,Normal,No,Upsloping,Normal,Younger (<55),Month 4,4,0,0.1519,SIMULATED_MONITORING_DATA (EDUCATIONAL_USE_ONLY),PT-M04-0184,True Negative,0,Low Risk (<40%)
54.0,1.0,3.0,162.0,232.0,0.0,2.0,165.0,0.0,1.6,1.0,0.0,7.0,0,0,Non-Anginal Pain,Male,<= 120 mg/dl,Left Ventricular Hypertrophy,No,Upsloping,Reversible Defect,Younger (<55),Month 4,4,0,0.3823,SIMULATED_MONITORING_DATA (EDUCATIONAL_USE_ONLY),PT-M04-0185,True Negative,0,Low Risk (<40%)
41.0,0.0,2.0,114.0,198.0,0.0,0.0,168.0,0.0,0.0,1.0,1.0,3.0,0,0,Atypical Angina,Female,<= 120 mg/dl,Normal,No,Upsloping,Normal,Younger (<55),Month 4,4,0,0.1611,SIMULATED_MONITORING_DATA (EDUCATIONAL_USE_ONLY),PT-M04-0186,True Negative,0,Low Risk (<40%)
39.0,0.0,3.0,106.0,199.0,0.0,0.0,179.0,0.0,0.0,1.0,0.0,3.0,0,0,Non-Anginal Pain,Female,<= 120 mg/dl,Normal,No,Upsloping,Normal,Younger (<55),Month 4,4,0,0.0321,SIMULATED_MONITORING_DATA (EDUCATIONAL_USE_ONLY),PT-M04-0187,True Negative,0,Low Risk (<40%)
45.0,0.0,4.0,146.0,236.0,0.0,2.0,152.0,1.0,0.2,2.0,0.0,3.0,0,0,Asymptomatic,Female,<= 120 mg/dl,Left Ventricular Hypertrophy,Yes,Flat,Normal,Younger (<55),Month 4,4,0,0.3234,SIMULATED_MONITORING_DATA (EDUCATIONAL_USE_ONLY),PT-M04-0188,True Negative,0,Low Risk (<40%)
58.0,0.0,3.0,130.0,340.0,0.0,0.0,172.0,0.0,0.0,1.0,0.0,3.0,0,0,Non-Anginal Pain,Female,<= 120 mg/dl,Normal,No,Upsloping,Normal,Senior (>=55),Month 4,4,0,0.1483,SIMULATED_MONITORING_DATA (EDUCATIONAL_USE_ONLY),PT-M04-0189,True Negative,0,Low Risk (<40%)
52.0,1.0,3.0,147.0,223.0,0.0,0.0,169.0,0.0,0.0,1.0,0.0,3.0,0,0,Non-Anginal Pain,Male,<= 120 mg/dl,Normal,No,Upsloping,Normal,Younger (<55),Month 4,4,0,0.1005,SIMULATED_MONITORING_DATA (EDUCATIONAL_USE_ONLY),PT-M04-0190,True Negative,0,Low Risk (<40%)
60.0,0.0,1.0,154.0,240.0,0.0,0.0,171.0,0.0,0.9,1.0,0.0,3.0,0,0,Typical Angina,Female,<= 120 mg/dl,Normal,No,Upsloping,Normal,Senior (>=55),Month 4,4,0,0.1362,SIMULATED_MONITORING_DATA (EDUCATIONAL_USE_ONLY),PT-M04-0191,True Negative,0,Low Risk (<40%)
37.0,1.0,3.0,140.0,250.0,0.0,0.0,187.0,0.0,3.5,3.0,0.0,3.0,0,0,Non-Anginal Pain,Male,<= 120 mg/dl,Normal,No,Downsloping,Normal,Younger (<55),Month 4,4,0,0.195,SIMULATED_MONITORING_DATA (EDUCATIONAL_USE_ONLY),PT-M04-0192,True Negative,0,Low Risk (<40%)
61.0,1.0,4.0,130.0,260.0,0.0,0.0,140.0,1.0,3.6,2.0,1.0,7.0,2,1,Asymptomatic,Male,<= 120 mg/dl,Normal,Yes,Flat,Reversible Defect,Senior (>=55),Month 4,4,1,0.9768,SIMULATED_MONITORING_DATA (EDUCATIONAL_USE_ONLY),PT-M04-0193,True Positive,0,High Risk (>60%)
43.0,1.0,3.0,142.0,315.0,0.0,0.0,162.0,0.0,1.9,1.0,1.0,3.0,0,0,Non-Anginal Pain,Male,<= 120 mg/dl,Normal,No,Upsloping,Normal,Younger (<55),Month 4,4,0,0.1791,SIMULATED_MONITORING_DATA (EDUCATIONAL_USE_ONLY),PT-M04-0194,True Negative,0,Low Risk (<40%)
55.0,0.0,2.0,194.0,327.0,0.0,1.0,117.0,1.0,3.4,2.0,0.0,3.0,2,1,Atypical Angina,Female,<= 120 mg/dl,ST-T Abnormality,Yes,Flat,Normal,Senior (>=55),Month 4,4,0,0.4554,SIMULATED_MONITORING_DATA (EDUCATIONAL_USE_ONLY),PT-M04-0195,False Negative,1,Moderate Risk (40-60%)
60.0,0.0,3.0,158.0,258.0,0.0,2.0,157.0,0.0,2.6,2.0,2.0,7.0,3,1,Non-Anginal Pain,Female,<= 120 mg/dl,Left Ventricular Hypertrophy,No,Flat,Reversible Defect,Senior (>=55),Month 4,4,1,0.7188,SIMULATED_MONITORING_DATA (EDUCATIONAL_USE_ONLY),PT-M04-0196,True Positive,0,High Risk (>60%)
74.0,0.0,2.0,127.0,269.0,0.0,2.0,121.0,1.0,0.2,1.0,1.0,3.0,0,0,Atypical Angina,Female,<= 120 mg/dl,Left Ventricular Hypertrophy,Yes,Upsloping,Normal,Senior (>=55),Month 4,4,0,0.3622,SIMULATED_MONITORING_DATA (EDUCATIONAL_USE_ONLY),PT-M04-0197,True Negative,0,Low Risk (<40%)
68.0,1.0,3.0,198.0,274.0,1.0,2.0,150.0,1.0,1.6,2.0,0.0,7.0,3,1,Non-Anginal Pain,Male,> 120 mg/dl,Left Ventricular Hypertrophy,Yes,Flat,Reversible Defect,Senior (>=55),Month 4,4,1,0.7636,SIMULATED_MONITORING_DATA (EDUCATIONAL_USE_ONLY),PT-M04-0198,True Positive,0,High Risk (>60%)
44.0,1.0,3.0,138.0,233.0,0.0,0.0,179.0,1.0,0.4,1.0,0.0,3.0,0,0,Non-Anginal Pain,Male,<= 120 mg/dl,Normal,Yes,Upsloping,Normal,Younger (<55),Month 4,4,0,0.1269,SIMULATED_MONITORING_DATA (EDUCATIONAL_USE_ONLY),PT-M04-0199,True Negative,0,Low Risk (<40%)
52.0,1.0,4.0,140.0,212.0,0.0,0.0,168.0,0.0,1.0,1.0,2.0,7.0,3,1,Asymptomatic,Male,<= 120 mg/dl,Normal,No,Upsloping,Reversible Defect,Younger (<55),Month 4,4,1,0.7823,SIMULATED_MONITORING_DATA (EDUCATIONAL_USE_ONLY),PT-M04-0200,True Positive,0,High Risk (>60%)
62.0,0.0,2.0,152.0,294.0,1.0,0.0,106.0,0.0,1.9,2.0,3.0,3.0,2,1,Atypical Angina,Female,> 120 mg/dl,Normal,No,Flat,Normal,Senior (>=55),Month 4,4,0,0.4897,SIMULATED_MONITORING_DATA (EDUCATIONAL_USE_ONLY),PT-M04-0201,False Negative,1,Moderate Risk (40-60%)
60.0,0.0,2.0,170.0,305.0,0.0,2.0,161.0,0.0,0.0,1.0,0.0,3.0,1,1,Atypical Angina,Female,<= 120 mg/dl,Left Ventricular Hypertrophy,No,Upsloping,Normal,Senior (>=55),Month 4,4,0,0.2991,SIMULATED_MONITORING_DATA (EDUCATIONAL_USE_ONLY),PT-M04-0202,False Negative,1,Low Risk (<40%)
57.0,1.0,4.0,149.0,192.0,0.0,0.0,148.0,0.0,0.4,2.0,0.0,6.0,0,0,Asymptomatic,Male,<= 120 mg/dl,Normal,No,Flat,Fixed Defect,Senior (>=55),Month 4,4,0,0.3769,SIMULATED_MONITORING_DATA (EDUCATIONAL_USE_ONLY),PT-M04-0203,True Negative,0,Low Risk (<40%)
39.0,0.0,3.0,152.0,220.0,0.0,0.0,152.0,0.0,0.0,2.0,0.0,3.0,0,0,Non-Anginal Pain,Female,<= 120 mg/dl,Normal,No,Flat,Normal,Younger (<55),Month 4,4,0,0.111,SIMULATED_MONITORING_DATA (EDUCATIONAL_USE_ONLY),PT-M04-0204,True Negative,0,Low Risk (<40%)
52.0,0.0,3.0,146.0,196.0,0.0,2.0,169.0,0.0,0.1,2.0,0.0,3.0,0,0,Non-Anginal Pain,Female,<= 120 mg/dl,Left Ventricular Hypertrophy,No,Flat,Normal,Younger (<55),Month 4,4,0,0.0538,SIMULATED_MONITORING_DATA (EDUCATIONAL_USE_ONLY),PT-M04-0205,True Negative,0,Low Risk (<40%)
62.0,0.0,4.0,144.0,294.0,1.0,0.0,106.0,0.0,1.9,2.0,3.0,3.0,2,1,Asymptomatic,Female,> 120 mg/dl,Normal,No,Flat,Normal,Senior (>=55),Month 4,4,1,0.6331,SIMULATED_MONITORING_DATA (EDUCATIONAL_USE_ONLY),PT-M04-0206,True Positive,0,High Risk (>60%)
63.0,0.0,3.0,147.0,252.0,0.0,2.0,172.0,0.0,0.0,1.0,0.0,3.0,0,0,Non-Anginal Pain,Female,<= 120 mg/dl,Left Ventricular Hypertrophy,No,Upsloping,Normal,Senior (>=55),Month 4,4,0,0.1439,SIMULATED_MONITORING_DATA (EDUCATIONAL_USE_ONLY),PT-M04-0207,True Negative,0,Low Risk (<40%)
62.0,0.0,3.0,163.0,244.0,0.0,0.0,154.0,1.0,1.4,2.0,0.0,3.0,1,1,Non-Anginal Pain,Female,<= 120 mg/dl,Normal,Yes,Flat,Normal,Senior (>=55),Month 4,4,0,0.3139,SIMULATED_MONITORING_DATA (EDUCATIONAL_USE_ONLY),PT-M04-0208,False Negative,1,Low Risk (<40%)
51.0,1.0,4.0,155.0,261.0,0.0,2.0,186.0,1.0,0.0,1.0,0.0,3.0,0,0,Asymptomatic,Male,<= 120 mg/dl,Left Ventricular Hypertrophy,Yes,Upsloping,Normal,Younger (<55),Month 4,4,0,0.3137,SIMULATED_MONITORING_DATA (EDUCATIONAL_USE_ONLY),PT-M04-0209,True Negative,0,Low Risk (<40%)
51.0,0.0,3.0,131.0,295.0,0.0,2.0,157.0,0.0,0.6,1.0,0.0,3.0,0,0,Non-Anginal Pain,Female,<= 120 mg/dl,Left Ventricular Hypertrophy,No,Upsloping,Normal,Younger (<55),Month 4,4,0,0.0562,SIMULATED_MONITORING_DATA (EDUCATIONAL_USE_ONLY),PT-M04-0210,True Negative,0,Low Risk (<40%)
53.0,0.0,3.0,137.0,216.0,0.0,2.0,115.0,0.0,0.0,1.0,0.0,3.0,0,0,Non-Anginal Pain,Female,<= 120 mg/dl,Left Ventricular Hypertrophy,No,Upsloping,Normal,Younger (<55),Month 4,4,0,0.0982,SIMULATED_MONITORING_DATA (EDUCATIONAL_USE_ONLY),PT-M04-0211,True Negative,0,Low Risk (<40%)
54.0,1.0,3.0,133.0,258.0,0.0,2.0,147.0,0.0,0.4,2.0,0.0,7.0,0,0,Non-Anginal Pain,Male,<= 120 mg/dl,Left Ventricular Hypertrophy,No,Flat,Reversible Defect,Younger (<55),Month 4,4,0,0.4965,SIMULATED_MONITORING_DATA (EDUCATIONAL_USE_ONLY),PT-M04-0212,True Negative,0,Moderate Risk (40-60%)
62.0,0.0,4.0,155.0,394.0,0.0,2.0,157.0,0.0,1.2,2.0,0.0,3.0,0,0,Asymptomatic,Female,<= 120 mg/dl,Left Ventricular Hypertrophy,No,Flat,Normal,Senior (>=55),Month 4,4,0,0.3409,SIMULATED_MONITORING_DATA (EDUCATIONAL_USE_ONLY),PT-M04-0213,True Negative,0,Low Risk (<40%)
65.0,0.0,2.0,163.0,225.0,0.0,2.0,114.0,0.0,1.0,2.0,3.0,7.0,4,1,Atypical Angina,Female,<= 120 mg/dl,Left Ventricular Hypertrophy,No,Flat,Reversible Defect,Senior (>=55),Month 4,4,1,0.7728,SIMULATED_MONITORING_DATA (EDUCATIONAL_USE_ONLY),PT-M04-0214,True Positive,0,High Risk (>60%)
42.0,1.0,3.0,130.0,240.0,1.0,0.0,194.0,0.0,0.8,3.0,0.0,7.0,0,0,Non-Anginal Pain,Male,> 120 mg/dl,Normal,No,Downsloping,Reversible Defect,Younger (<55),Month 4,4,0,0.4688,SIMULATED_MONITORING_DATA (EDUCATIONAL_USE_ONLY),PT-M04-0215,True Negative,0,Moderate Risk (40-60%)
43.0,1.0,4.0,139.0,247.0,1.0,2.0,143.0,1.0,0.1,2.0,0.0,7.0,1,1,Asymptomatic,Male,> 120 mg/dl,Left Ventricular Hypertrophy,Yes,Flat,Reversible Defect,Younger (<55),Month 4,4,1,0.8134,SIMULATED_MONITORING_DATA (EDUCATIONAL_USE_ONLY),PT-M04-0216,True Positive,0,High Risk (>60%)
51.0,1.0,3.0,117.0,175.0,0.0,0.0,123.0,0.0,0.6,1.0,0.0,3.0,0,0,Non-Anginal Pain,Male,<= 120 mg/dl,Normal,No,Upsloping,Normal,Younger (<55),Month 4,4,0,0.1832,SIMULATED_MONITORING_DATA (EDUCATIONAL_USE_ONLY),PT-M04-0217,True Negative,0,Low Risk (<40%)
46.0,1.0,4.0,132.0,249.0,0.0,2.0,144.0,0.0,0.8,1.0,0.0,7.0,1,1,Asymptomatic,Male,<= 120 mg/dl,Left Ventricular Hypertrophy,No,Upsloping,Reversible Defect,Younger (<55),Month 4,4,1,0.7684,SIMULATED_MONITORING_DATA (EDUCATIONAL_USE_ONLY),PT-M04-0218,True Positive,0,High Risk (>60%)
63.0,1.0,4.0,139.0,254.0,0.0,2.0,147.0,0.0,1.4,2.0,1.0,7.0,2,1,Asymptomatic,Male,<= 120 mg/dl,Left Ventricular Hypertrophy,No,Flat,Reversible Defect,Senior (>=55),Month 4,4,1,0.9259,SIMULATED_MONITORING_DATA (EDUCATIONAL_USE_ONLY),PT-M04-0219,True Positive,0,High Risk (>60%)
62.0,1.0,2.0,134.0,208.0,1.0,2.0,140.0,0.0,0.0,1.0,0.0,3.0,0,0,Atypical Angina,Male,> 120 mg/dl,Left Ventricular Hypertrophy,No,Upsloping,Normal,Senior (>=55),Month 4,4,0,0.2292,SIMULATED_MONITORING_DATA (EDUCATIONAL_USE_ONLY),PT-M04-0220,True Negative,0,Low Risk (<40%)
42.0,0.0,4.0,121.0,265.0,0.0,2.0,122.0,0.0,0.6,2.0,0.0,3.0,0,0,Asymptomatic,Female,<= 120 mg/dl,Left Ventricular Hypertrophy,No,Flat,Normal,Younger (<55),Month 4,4,0,0.1878,SIMULATED_MONITORING_DATA (EDUCATIONAL_USE_ONLY),PT-M04-0221,True Negative,0,Low Risk (<40%)
54.0,0.0,3.0,112.0,267.0,0.0,2.0,167.0,0.0,0.0,1.0,0.0,3.0,0,0,Non-Anginal Pain,Female,<= 120 mg/dl,Left Ventricular Hypertrophy,No,Upsloping,Normal,Younger (<55),Month 4,4,0,0.0542,SIMULATED_MONITORING_DATA (EDUCATIONAL_USE_ONLY),PT-M04-0222,True Negative,0,Low Risk (<40%)
62.0,0.0,4.0,169.0,244.0,0.0,0.0,154.0,1.0,1.4,2.0,0.0,3.0,1,1,Asymptomatic,Female,<= 120 mg/dl,Normal,Yes,Flat,Normal,Senior (>=55),Month 4,4,1,0.5046,SIMULATED_MONITORING_DATA (EDUCATIONAL_USE_ONLY),PT-M04-0223,True Positive,0,Moderate Risk (40-60%)
65.0,1.0,1.0,148.0,282.0,1.0,2.0,174.0,0.0,1.4,2.0,1.0,3.0,1,1,Typical Angina,Male,> 120 mg/dl,Left Ventricular Hypertrophy,No,Flat,Normal,Senior (>=55),Month 4,4,1,0.5492,SIMULATED_MONITORING_DATA (EDUCATIONAL_USE_ONLY),PT-M04-0224,True Positive,0,Moderate Risk (40-60%)
53.0,1.0,4.0,133.0,282.0,0.0,0.0,95.0,1.0,2.0,2.0,2.0,7.0,3,1,Asymptomatic,Male,<= 120 mg/dl,Normal,Yes,Flat,Reversible Defect,Younger (<55),Month 4,4,1,0.9638,SIMULATED_MONITORING_DATA (EDUCATIONAL_USE_ONLY),PT-M04-0225,True Positive,0,High Risk (>60%)
53.0,1.0,3.0,138.0,197.0,1.0,2.0,152.0,0.0,1.2,3.0,0.0,3.0,0,0,Non-Anginal Pain,Male,> 120 mg/dl,Left Ventricular Hypertrophy,No,Downsloping,Normal,Younger (<55),Month 4,4,0,0.1083,SIMULATED_MONITORING_DATA (EDUCATIONAL_USE_ONLY),PT-M04-0226,True Negative,0,Low Risk (<40%)
60.0,0.0,3.0,113.0,318.0,0.0,0.0,160.0,0.0,0.0,1.0,1.0,3.0,0,0,Non-Anginal Pain,Female,<= 120 mg/dl,Normal,No,Upsloping,Normal,Senior (>=55),Month 4,4,0,0.1621,SIMULATED_MONITORING_DATA (EDUCATIONAL_USE_ONLY),PT-M04-0227,True Negative,0,Low Risk (<40%)
64.0,1.0,1.0,114.0,211.0,0.0,2.0,144.0,1.0,1.8,2.0,0.0,3.0,0,0,Typical Angina,Male,<= 120 mg/dl,Left Ventricular Hypertrophy,Yes,Flat,Normal,Senior (>=55),Month 4,4,0,0.3506,SIMULATED_MONITORING_DATA (EDUCATIONAL_USE_ONLY),PT-M04-0228,True Negative,0,Low Risk (<40%)
59.0,1.0,4.0,178.0,326.0,0.0,2.0,140.0,1.0,3.4,3.0,0.0,7.0,2,1,Asymptomatic,Male,<= 120 mg/dl,Left Ventricular Hypertrophy,Yes,Downsloping,Reversible Defect,Senior (>=55),Month 4,4,1,0.9501,SIMULATED_MONITORING_DATA (EDUCATIONAL_USE_ONLY),PT-M04-0229,True Positive,0,High Risk (>60%)
46.0,0.0,4.0,154.0,243.0,0.0,2.0,152.0,1.0,0.0,2.0,0.0,3.0,0,0,Asymptomatic,Female,<= 120 mg/dl,Left Ventricular Hypertrophy,Yes,Flat,Normal,Younger (<55),Month 4,4,0,0.342,SIMULATED_MONITORING_DATA (EDUCATIONAL_USE_ONLY),PT-M04-0230,True Negative,0,Low Risk (<40%)
43.0,1.0,4.0,160.0,247.0,0.0,0.0,171.0,0.0,1.5,1.0,0.0,3.0,0,0,Asymptomatic,Male,<= 120 mg/dl,Normal,No,Upsloping,Normal,Younger (<55),Month 4,4,0,0.2364,SIMULATED_MONITORING_DATA (EDUCATIONAL_USE_ONLY),PT-M04-0231,True Negative,0,Low Risk (<40%)
59.0,1.0,3.0,138.0,218.0,1.0,0.0,134.0,0.0,2.2,2.0,1.0,6.0,2,1,Non-Anginal Pain,Male,> 120 mg/dl,Normal,No,Flat,Fixed Defect,Senior (>=55),Month 4,4,1,0.7578,SIMULATED_MONITORING_DATA (EDUCATIONAL_USE_ONLY),PT-M04-0232,True Positive,0,High Risk (>60%)
61.0,1.0,4.0,157.0,203.0,0.0,0.0,161.0,0.0,0.0,1.0,1.0,7.0,2,1,Asymptomatic,Male,<= 120 mg/dl,Normal,No,Upsloping,Reversible Defect,Senior (>=55),Month 4,4,1,0.6787,SIMULATED_MONITORING_DATA (EDUCATIONAL_USE_ONLY),PT-M04-0233,True Positive,0,High Risk (>60%)
63.0,0.0,3.0,119.0,269.0,0.0,0.0,169.0,1.0,1.8,2.0,2.0,3.0,1,1,Non-Anginal Pain,Female,<= 120 mg/dl,Normal,Yes,Flat,Normal,Senior (>=55),Month 4,4,0,0.483,SIMULATED_MONITORING_DATA (EDUCATIONAL_USE_ONLY),PT-M04-0234,False Negative,1,Moderate Risk (40-60%)
42.0,0.0,3.0,135.0,209.0,0.0,0.0,173.0,0.0,0.0,2.0,0.0,3.0,0,0,Non-Anginal Pain,Female,<= 120 mg/dl,Normal,No,Flat,Normal,Younger (<55),Month 4,4,0,0.0433,SIMULATED_MONITORING_DATA (EDUCATIONAL_USE_ONLY),PT-M04-0235,True Negative,0,Low Risk (<40%)
45.0,0.0,2.0,119.0,160.0,0.0,0.0,138.0,0.0,0.0,2.0,0.0,3.0,0,0,Atypical Angina,Female,<= 120 mg/dl,Normal,No,Flat,Normal,Younger (<55),Month 4,4,0,0.0866,SIMULATED_MONITORING_DATA (EDUCATIONAL_USE_ONLY),PT-M04-0236,True Negative,0,Low Risk (<40%)
35.0,1.0,4.0,130.0,282.0,0.0,2.0,156.0,1.0,0.0,1.0,0.0,7.0,1,1,Asymptomatic,Male,<= 120 mg/dl,Left Ventricular Hypertrophy,Yes,Upsloping,Reversible Defect,Younger (<55),Month 4,4,1,0.6612,SIMULATED_MONITORING_DATA (EDUCATIONAL_USE_ONLY),PT-M04-0237,True Positive,0,High Risk (>60%)
59.0,1.0,1.0,197.0,270.0,0.0,2.0,145.0,0.0,4.2,3.0,0.0,7.0,0,0,Typical Angina,Male,<= 120 mg/dl,Left Ventricular Hypertrophy,No,Downsloping,Reversible Defect,Senior (>=55),Month 4,4,1,0.5266,SIMULATED_MONITORING_DATA (EDUCATIONAL_USE_ONLY),PT-M04-0238,False Positive,1,Moderate Risk (40-60%)
41.0,1.0,2.0,122.0,235.0,0.0,0.0,153.0,0.0,0.0,1.0,0.0,3.0,0,0,Atypical Angina,Male,<= 120 mg/dl,Normal,No,Upsloping,Normal,Younger (<55),Month 4,4,0,0.098,SIMULATED_MONITORING_DATA (EDUCATIONAL_USE_ONLY),PT-M04-0239,True Negative,0,Low Risk (<40%)
48.0,0.0,3.0,139.0,275.0,0.0,0.0,139.0,0.0,0.2,1.0,0.0,3.0,0,0,Non-Anginal Pain,Female,<= 120 mg/dl,Normal,No,Upsloping,Normal,Younger (<55),Month 4,4,0,0.0661,SIMULATED_MONITORING_DATA (EDUCATIONAL_USE_ONLY),PT-M04-0240,True Negative,0,Low Risk (<40%)
59.0,1.0,2.0,151.0,221.0,0.0,0.0,164.0,1.0,0.0,1.0,0.0,3.0,0,0,Atypical Angina,Male,<= 120 mg/dl,Normal,Yes,Upsloping,Normal,Senior (>=55),Month 4,4,0,0.2116,SIMULATED_MONITORING_DATA (EDUCATIONAL_USE_ONLY),PT-M04-0241,True Negative,0,Low Risk (<40%)
74.0,0.0,2.0,126.0,269.0,0.0,2.0,121.0,1.0,0.2,1.0,1.0,3.0,0,0,Atypical Angina,Female,<= 120 mg/dl,Left Ventricular Hypertrophy,Yes,Upsloping,Normal,Senior (>=55),Month 4,4,0,0.3622,SIMULATED_MONITORING_DATA (EDUCATIONAL_USE_ONLY),PT-M04-0242,True Negative,0,Low Risk (<40%)
76.0,0.0,3.0,155.0,197.0,0.0,1.0,116.0,0.0,1.1,2.0,0.0,3.0,0,0,Non-Anginal Pain,Female,<= 120 mg/dl,ST-T Abnormality,No,Flat,Normal,Senior (>=55),Month 4,4,0,0.1852,SIMULATED_MONITORING_DATA (EDUCATIONAL_USE_ONLY),PT-M04-0243,True Negative,0,Low Risk (<40%)
58.0,0.0,4.0,182.0,225.0,1.0,2.0,146.0,1.0,2.8,2.0,2.0,6.0,2,1,Asymptomatic,Female,> 120 mg/dl,Left Ventricular Hypertrophy,Yes,Flat,Fixed Defect,Senior (>=55),Month 4,4,1,0.8445,SIMULATED_MONITORING_DATA (EDUCATIONAL_USE_ONLY),PT-M04-0244,True Positive,0,High Risk (>60%)
46.0,0.0,4.0,145.0,243.0,0.0,2.0,152.0,1.0,0.0,2.0,0.0,3.0,0,0,Asymptomatic,Female,<= 120 mg/dl,Left Ventricular Hypertrophy,Yes,Flat,Normal,Younger (<55),Month 4,4,0,0.309,SIMULATED_MONITORING_DATA (EDUCATIONAL_USE_ONLY),PT-M04-0245,True Negative,0,Low Risk (<40%)
57.0,1.0,4.0,179.0,289.0,1.0,2.0,124.0,0.0,1.0,2.0,3.0,7.0,4,1,Asymptomatic,Male,> 120 mg/dl,Left Ventricular Hypertrophy,No,Flat,Reversible Defect,Senior (>=55),Month 4,4,1,0.9366,SIMULATED_MONITORING_DATA (EDUCATIONAL_USE_ONLY),PT-M04-0246,True Positive,0,High Risk (>60%)
69.0,1.0,3.0,149.0,254.0,0.0,2.0,146.0,0.0,2.0,2.0,3.0,7.0,2,1,Non-Anginal Pain,Male,<= 120 mg/dl,Left Ventricular Hypertrophy,No,Flat,Reversible Defect,Senior (>=55),Month 4,4,1,0.8509,SIMULATED_MONITORING_DATA (EDUCATIONAL_USE_ONLY),PT-M04-0247,True Positive,0,High Risk (>60%)
63.0,0.0,3.0,114.0,269.0,0.0,0.0,169.0,1.0,1.8,2.0,2.0,3.0,1,1,Non-Anginal Pain,Female,<= 120 mg/dl,Normal,Yes,Flat,Normal,Senior (>=55),Month 4,4,0,0.4879,SIMULATED_MONITORING_DATA (EDUCATIONAL_USE_ONLY),PT-M04-0248,False Negative,1,Moderate Risk (40-60%)
55.0,0.0,2.0,145.0,250.0,0.0,2.0,161.0,0.0,1.4,2.0,0.0,3.0,0,0,Atypical Angina,Female,<= 120 mg/dl,Left Ventricular Hypertrophy,No,Flat,Normal,Senior (>=55),Month 4,4,0,0.1002,SIMULATED_MONITORING_DATA (EDUCATIONAL_USE_ONLY),PT-M04-0249,True Negative,0,Low Risk (<40%)
65.0,1.0,4.0,130.0,177.0,0.0,0.0,140.0,0.0,0.4,1.0,0.0,7.0,0,0,Asymptomatic,Male,<= 120 mg/dl,Normal,No,Upsloping,Reversible Defect,Senior (>=55),Month 4,4,0,0.4649,SIMULATED_MONITORING_DATA (EDUCATIONAL_USE_ONLY),PT-M04-0250,True Negative,0,Moderate Risk (40-60%)
46.0,1.0,3.0,147.0,268.0,0.0,1.0,153.0,1.0,0.4,1.0,0.0,3.0,0,0,Non-Anginal Pain,Male,<= 120 mg/dl,ST-T Abnormality,Yes,Upsloping,Normal,Younger (<55),Month 5,5,0,0.163,SIMULATED_MONITORING_DATA (EDUCATIONAL_USE_ONLY),PT-M05-0001,True Negative,0,Low Risk (<40%)
52.0,1.0,4.0,138.0,196.0,0.0,0.0,127.0,1.0,2.8,3.0,0.0,6.0,2,1,Asymptomatic,Male,<= 120 mg/dl,Normal,Yes,Downsloping,Fixed Defect,Younger (<55),Month 5,5,1,0.6947,SIMULATED_MONITORING_DATA (EDUCATIONAL_USE_ONLY),PT-M05-0002,True Positive,0,High Risk (>60%)
61.0,1.0,2.0,155.0,305.0,0.0,0.0,136.0,0.0,0.0,1.0,0.0,3.0,0,0,Atypical Angina,Male,<= 120 mg/dl,Normal,No,Upsloping,Normal,Senior (>=55),Month 5,5,0,0.2971,SIMULATED_MONITORING_DATA (EDUCATIONAL_USE_ONLY),PT-M05-0003,True Negative,0,Low Risk (<40%)
58.0,1.0,2.0,126.0,359.0,0.0,1.0,138.0,0.0,0.0,1.0,0.0,7.0,0,0,Atypical Angina,Male,<= 120 mg/dl,ST-T Abnormality,No,Upsloping,Reversible Defect,Senior (>=55),Month 5,5,0,0.4345,SIMULATED_MONITORING_DATA (EDUCATIONAL_USE_ONLY),PT-M05-0004,True Negative,0,Moderate Risk (40-60%)
60.0,1.0,3.0,172.0,146.0,1.0,0.0,153.0,0.0,0.2,1.0,1.0,7.0,0,0,Non-Anginal Pain,Male,> 120 mg/dl,Normal,No,Upsloping,Reversible Defect,Senior (>=55),Month 5,5,0,0.4249,SIMULATED_MONITORING_DATA (EDUCATIONAL_USE_ONLY),PT-M05-0005,True Negative,0,Moderate Risk (40-60%)
57.0,0.0,3.0,158.0,236.0,0.0,2.0,146.0,0.0,0.1,2.0,0.0,3.0,0,0,Non-Anginal Pain,Female,<= 120 mg/dl,Left Ventricular Hypertrophy,No,Flat,Normal,Senior (>=55),Month 5,5,0,0.1952,SIMULATED_MONITORING_DATA (EDUCATIONAL_USE_ONLY),PT-M05-0006,True Negative,0,Low Risk (<40%)
67.0,0.0,4.0,183.0,367.0,0.0,2.0,142.0,0.0,0.0,1.0,0.0,3.0,1,1,Asymptomatic,Female,<= 120 mg/dl,Left Ventricular Hypertrophy,No,Upsloping,Normal,Senior (>=55),Month 5,5,0,0.3903,SIMULATED_MONITORING_DATA (EDUCATIONAL_USE_ONLY),PT-M05-0007,False Negative,1,Low Risk (<40%)
69.0,0.0,4.0,167.0,481.0,0.0,2.0,137.0,0.0,4.0,2.0,3.0,7.0,4,1,Asymptomatic,Female,<= 120 mg/dl,Left Ventricular Hypertrophy,No,Flat,Reversible Defect,Senior (>=55),Month 5,5,1,0.8759,SIMULATED_MONITORING_DATA (EDUCATIONAL_USE_ONLY),PT-M05-0008,True Positive,0,High Risk (>60%)
71.0,0.0,4.0,205.0,382.0,0.0,0.0,134.0,1.0,0.0,1.0,0.0,3.0,0,0,Asymptomatic,Female,<= 120 mg/dl,Normal,Yes,Upsloping,Normal,Senior (>=55),Month 5,5,0,0.4209,SIMULATED_MONITORING_DATA (EDUCATIONAL_USE_ONLY),PT-M05-0009,True Negative,0,Moderate Risk (40-60%)
69.0,1.0,4.0,136.0,297.0,0.0,2.0,140.0,0.0,0.6,1.0,2.0,6.0,1,1,Asymptomatic,Male,<= 120 mg/dl,Left Ventricular Hypertrophy,No,Upsloping,Fixed Defect,Senior (>=55),Month 5,5,1,0.7319,SIMULATED_MONITORING_DATA (EDUCATIONAL_USE_ONLY),PT-M05-0010,True Positive,0,High Risk (>60%)
64.0,0.0,3.0,187.0,413.0,0.0,1.0,133.0,0.0,0.8,1.0,0.0,3.0,0,0,Non-Anginal Pain,Female,<= 120 mg/dl,ST-T Abnormality,No,Upsloping,Normal,Senior (>=55),Month 5,5,0,0.231,SIMULATED_MONITORING_DATA (EDUCATIONAL_USE_ONLY),PT-M05-0011,True Negative,0,Low Risk (<40%)
64.0,0.0,4.0,135.0,412.0,0.0,0.0,142.0,1.0,0.6,1.0,0.0,3.0,0,0,Asymptomatic,Female,<= 120 mg/dl,Normal,Yes,Upsloping,Normal,Senior (>=55),Month 5,5,0,0.3892,SIMULATED_MONITORING_DATA (EDUCATIONAL_USE_ONLY),PT-M05-0012,True Negative,0,Low Risk (<40%)
45.0,1.0,4.0,123.0,185.0,0.0,2.0,101.0,1.0,2.0,2.0,0.0,7.0,3,1,Asymptomatic,Male,<= 120 mg/dl,Left Ventricular Hypertrophy,Yes,Flat,Reversible Defect,Younger (<55),Month 5,5,1,0.8997,SIMULATED_MONITORING_DATA (EDUCATIONAL_USE_ONLY),PT-M05-0013,True Positive,0,High Risk (>60%)
72.0,1.0,4.0,134.0,351.0,0.0,2.0,132.0,0.0,0.4,2.0,0.0,3.0,0,0,Asymptomatic,Male,<= 120 mg/dl,Left Ventricular Hypertrophy,No,Flat,Normal,Senior (>=55),Month 5,5,0,0.414,SIMULATED_MONITORING_DATA (EDUCATIONAL_USE_ONLY),PT-M05-0014,True Negative,0,Moderate Risk (40-60%)
68.0,0.0,4.0,184.0,356.0,0.0,1.0,144.0,0.0,0.0,1.0,0.0,3.0,1,1,Asymptomatic,Female,<= 120 mg/dl,ST-T Abnormality,No,Upsloping,Normal,Senior (>=55),Month 5,5,0,0.3651,SIMULATED_MONITORING_DATA (EDUCATIONAL_USE_ONLY),PT-M05-0015,False Negative,1,Low Risk (<40%)
69.0,1.0,4.0,132.0,289.0,0.0,2.0,124.0,1.0,1.2,2.0,1.0,7.0,2,1,Asymptomatic,Male,<= 120 mg/dl,Left Ventricular Hypertrophy,Yes,Flat,Reversible Defect,Senior (>=55),Month 5,5,1,0.9598,SIMULATED_MONITORING_DATA (EDUCATIONAL_USE_ONLY),PT-M05-0016,True Positive,0,High Risk (>60%)
58.0,1.0,4.0,144.0,300.0,0.0,2.0,92.0,1.0,2.2,2.0,1.0,7.0,1,1,Asymptomatic,Male,<= 120 mg/dl,Left Ventricular Hypertrophy,Yes,Flat,Reversible Defect,Senior (>=55),Month 5,5,1,0.9609,SIMULATED_MONITORING_DATA (EDUCATIONAL_USE_ONLY),PT-M05-0017,True Positive,0,High Risk (>60%)
76.0,0.0,4.0,128.0,174.0,0.0,0.0,111.0,0.0,1.6,2.0,0.0,3.0,0,0,Asymptomatic,Female,<= 120 mg/dl,Normal,No,Flat,Normal,Senior (>=55),Month 5,5,0,0.3523,SIMULATED_MONITORING_DATA (EDUCATIONAL_USE_ONLY),PT-M05-0018,True Negative,0,Low Risk (<40%)
66.0,1.0,4.0,169.0,322.0,0.0,2.0,98.0,1.0,0.8,1.0,0.0,7.0,3,1,Asymptomatic,Male,<= 120 mg/dl,Left Ventricular Hypertrophy,Yes,Upsloping,Reversible Defect,Senior (>=55),Month 5,5,1,0.8026,SIMULATED_MONITORING_DATA (EDUCATIONAL_USE_ONLY),PT-M05-0019,True Positive,0,High Risk (>60%)
61.0,1.0,4.0,172.0,321.0,0.0,2.0,94.0,1.0,0.8,1.0,0.0,7.0,3,1,Asymptomatic,Male,<= 120 mg/dl,Left Ventricular Hypertrophy,Yes,Upsloping,Reversible Defect,Senior (>=55),Month 5,5,1,0.8185,SIMULATED_MONITORING_DATA (EDUCATIONAL_USE_ONLY),PT-M05-0020,True Positive,0,High Risk (>60%)
62.0,1.0,4.0,127.0,383.0,0.0,1.0,125.0,0.0,4.4,3.0,3.0,6.0,4,1,Asymptomatic,Male,<= 120 mg/dl,ST-T Abnormality,No,Downsloping,Fixed Defect,Senior (>=55),Month 5,5,1,0.8271,SIMULATED_MONITORING_DATA (EDUCATIONAL_USE_ONLY),PT-M05-0021,True Positive,0,High Risk (>60%)
59.0,1.0,4.0,143.0,417.0,0.0,0.0,118.0,1.0,1.2,2.0,1.0,7.0,3,1,Asymptomatic,Male,<= 120 mg/dl,Normal,Yes,Flat,Reversible Defect,Senior (>=55),Month 5,5,1,0.9511,SIMULATED_MONITORING_DATA (EDUCATIONAL_USE_ONLY),PT-M05-0022,True Positive,0,High Risk (>60%)
71.0,0.0,4.0,209.0,271.0,1.0,0.0,143.0,1.0,1.0,2.0,2.0,7.0,3,1,Asymptomatic,Female,> 120 mg/dl,Normal,Yes,Flat,Reversible Defect,Senior (>=55),Month 5,5,1,0.9007,SIMULATED_MONITORING_DATA (EDUCATIONAL_USE_ONLY),PT-M05-0023,True Positive,0,High Risk (>60%)
72.0,1.0,4.0,178.0,328.0,0.0,2.0,93.0,1.0,1.5,2.0,3.0,3.0,2,1,Asymptomatic,Male,<= 120 mg/dl,Left Ventricular Hypertrophy,Yes,Flat,Normal,Senior (>=55),Month 5,5,1,0.8768,SIMULATED_MONITORING_DATA (EDUCATIONAL_USE_ONLY),PT-M05-0024,True Positive,0,High Risk (>60%)
68.0,1.0,4.0,145.0,305.0,0.0,0.0,92.0,1.0,0.2,2.0,1.0,7.0,0,0,Asymptomatic,Male,<= 120 mg/dl,Normal,Yes,Flat,Reversible Defect,Senior (>=55),Month 5,5,1,0.7665,SIMULATED_MONITORING_DATA (EDUCATIONAL_USE_ONLY),PT-M05-0025,False Positive,1,High Risk (>60%)
62.0,1.0,1.0,185.0,313.0,0.0,1.0,108.0,0.0,0.0,1.0,0.0,3.0,1,1,Typical Angina,Male,<= 120 mg/dl,ST-T Abnormality,No,Upsloping,Normal,Senior (>=55),Month 5,5,0,0.4187,SIMULATED_MONITORING_DATA (EDUCATIONAL_USE_ONLY),PT-M05-0026,False Negative,1,Moderate Risk (40-60%)
75.0,1.0,3.0,140.0,330.0,0.0,2.0,135.0,0.0,1.0,1.0,1.0,7.0,0,0,Non-Anginal Pain,Male,<= 120 mg/dl,Left Ventricular Hypertrophy,No,Upsloping,Reversible Defect,Senior (>=55),Month 5,5,1,0.6365,SIMULATED_MONITORING_DATA (EDUCATIONAL_USE_ONLY),PT-M05-0027,False Positive,1,High Risk (>60%)
66.0,0.0,4.0,149.0,234.0,0.0,0.0,116.0,0.0,0.6,2.0,0.0,3.0,0,0,Asymptomatic,Female,<= 120 mg/dl,Normal,No,Flat,Normal,Senior (>=55),Month 5,5,0,0.2838,SIMULATED_MONITORING_DATA (EDUCATIONAL_USE_ONLY),PT-M05-0028,True Negative,0,Low Risk (<40%)
75.0,0.0,3.0,126.0,560.0,0.0,2.0,138.0,0.0,1.6,2.0,0.0,7.0,0,0,Non-Anginal Pain,Female,<= 120 mg/dl,Left Ventricular Hypertrophy,No,Flat,Reversible Defect,Senior (>=55),Month 5,5,1,0.5431,SIMULATED_MONITORING_DATA (EDUCATIONAL_USE_ONLY),PT-M05-0029,False Positive,1,Moderate Risk (40-60%)
48.0,1.0,2.0,147.0,254.0,0.0,2.0,163.0,0.0,0.0,1.0,0.0,3.0,0,0,Atypical Angina,Male,<= 120 mg/dl,Left Ventricular Hypertrophy,No,Upsloping,Normal,Younger (<55),Month 5,5,0,0.1237,SIMULATED_MONITORING_DATA (EDUCATIONAL_USE_ONLY),PT-M05-0030,True Negative,0,Low Risk (<40%)
58.0,1.0,4.0,157.0,348.0,0.0,0.0,156.0,1.0,1.6,1.0,0.0,7.0,1,1,Asymptomatic,Male,<= 120 mg/dl,Normal,Yes,Upsloping,Reversible Defect,Senior (>=55),Month 5,5,1,0.7336,SIMULATED_MONITORING_DATA (EDUCATIONAL_USE_ONLY),PT-M05-0031,True Positive,0,High Risk (>60%)
58.0,0.0,3.0,146.0,256.0,0.0,2.0,106.0,0.0,0.0,1.0,0.0,3.0,0,0,Non-Anginal Pain,Female,<= 120 mg/dl,Left Ventricular Hypertrophy,No,Upsloping,Normal,Senior (>=55),Month 5,5,0,0.2109,SIMULATED_MONITORING_DATA (EDUCATIONAL_USE_ONLY),PT-M05-0032,True Negative,0,Low Risk (<40%)
41.0,1.0,3.0,153.0,292.0,0.0,1.0,166.0,0.0,3.5,3.0,0.0,3.0,0,0,Non-Anginal Pain,Male,<= 120 mg/dl,ST-T Abnormality,No,Downsloping,Normal,Younger (<55),Month 5,5,0,0.2333,SIMULATED_MONITORING_DATA (EDUCATIONAL_USE_ONLY),PT-M05-0033,True Negative,0,Low Risk (<40%)
63.0,1.0,2.0,131.0,303.0,0.0,1.0,123.0,0.0,0.3,1.0,0.0,7.0,1,1,Atypical Angina,Male,<= 120 mg/dl,ST-T Abnormality,No,Upsloping,Reversible Defect,Senior (>=55),Month 5,5,0,0.4523,SIMULATED_MONITORING_DATA (EDUCATIONAL_USE_ONLY),PT-M05-0034,False Negative,1,Moderate Risk (40-60%)
70.0,1.0,2.0,181.0,288.0,0.0,0.0,104.0,1.0,0.0,2.0,3.0,6.0,2,1,Atypical Angina,Male,<= 120 mg/dl,Normal,Yes,Flat,Fixed Defect,Senior (>=55),Month 5,5,1,0.7323,SIMULATED_MONITORING_DATA (EDUCATIONAL_USE_ONLY),PT-M05-0035,True Positive,0,High Risk (>60%)
51.0,1.0,3.0,146.0,295.0,0.0,2.0,159.0,0.0,0.0,1.0,0.0,3.0,0,0,Non-Anginal Pain,Male,<= 120 mg/dl,Left Ventricular Hypertrophy,No,Upsloping,Normal,Younger (<55),Month 5,5,0,0.1608,SIMULATED_MONITORING_DATA (EDUCATIONAL_USE_ONLY),PT-M05-0036,True Negative,0,Low Risk (<40%)
43.0,1.0,3.0,143.0,248.0,0.0,2.0,148.0,0.0,2.0,2.0,0.0,3.0,0,0,Non-Anginal Pain,Male,<= 120 mg/dl,Left Ventricular Hypertrophy,No,Flat,Normal,Younger (<55),Month 5,5,0,0.2636,SIMULATED_MONITORING_DATA (EDUCATIONAL_USE_ONLY),PT-M05-0037,True Negative,0,Low Risk (<40%)
52.0,1.0,2.0,151.0,283.0,0.0,2.0,154.0,0.0,0.2,2.0,0.0,3.0,0,0,Atypical Angina,Male,<= 120 mg/dl,Left Ventricular Hypertrophy,No,Flat,Normal,Younger (<55),Month 5,5,0,0.25,SIMULATED_MONITORING_DATA (EDUCATIONAL_USE_ONLY),PT-M05-0038,True Negative,0,Low Risk (<40%)
67.0,1.0,4.0,131.0,309.0,0.0,0.0,126.0,1.0,3.6,2.0,1.0,7.0,2,1,Asymptomatic,Male,<= 120 mg/dl,Normal,Yes,Flat,Reversible Defect,Senior (>=55),Month 5,5,1,0.9464,SIMULATED_MONITORING_DATA (EDUCATIONAL_USE_ONLY),PT-M05-0039,True Positive,0,High Risk (>60%)
72.0,1.0,4.0,132.0,298.0,0.0,2.0,89.0,1.0,2.2,3.0,1.0,3.0,3,1,Asymptomatic,Male,<= 120 mg/dl,Left Ventricular Hypertrophy,Yes,Downsloping,Normal,Senior (>=55),Month 5,5,1,0.8551,SIMULATED_MONITORING_DATA (EDUCATIONAL_USE_ONLY),PT-M05-0040,True Positive,0,High Risk (>60%)
64.0,1.0,4.0,163.0,346.0,0.0,2.0,152.0,0.0,1.2,2.0,2.0,7.0,2,1,Asymptomatic,Male,<= 120 mg/dl,Left Ventricular Hypertrophy,No,Flat,Reversible Defect,Senior (>=55),Month 5,5,1,0.888,SIMULATED_MONITORING_DATA (EDUCATIONAL_USE_ONLY),PT-M05-0041,True Positive,0,High Risk (>60%)
63.0,1.0,4.0,149.0,306.0,0.0,2.0,121.0,1.0,2.8,2.0,1.0,7.0,1,1,Asymptomatic,Male,<= 120 mg/dl,Left Ventricular Hypertrophy,Yes,Flat,Reversible Defect,Senior (>=55),Month 5,5,1,0.9822,SIMULATED_MONITORING_DATA (EDUCATIONAL_USE_ONLY),PT-M05-0042,True Positive,0,High Risk (>60%)
52.0,1.0,4.0,127.0,345.0,0.0,2.0,133.0,0.0,0.0,1.0,1.0,3.0,2,1,Asymptomatic,Male,<= 120 mg/dl,Left Ventricular Hypertrophy,No,Upsloping,Normal,Younger (<55),Month 5,5,1,0.5422,SIMULATED_MONITORING_DATA (EDUCATIONAL_USE_ONLY),PT-M05-0043,True Positive,0,Moderate Risk (40-60%)
65.0,1.0,4.0,132.0,309.0,0.0,1.0,118.0,1.0,3.6,2.0,1.0,7.0,2,1,Asymptomatic,Male,<= 120 mg/dl,ST-T Abnormality,Yes,Flat,Reversible Defect,Senior (>=55),Month 5,5,1,0.9557,SIMULATED_MONITORING_DATA (EDUCATIONAL_USE_ONLY),PT-M05-0044,True Positive,0,High Risk (>60%)
42.0,1.0,1.0,157.0,231.0,0.0,0.0,161.0,1.0,1.4,1.0,0.0,7.0,0,0,Typical Angina,Male,<= 120 mg/dl,Normal,Yes,Upsloping,Reversible Defect,Younger (<55),Month 5,5,0,0.4562,SIMULATED_MONITORING_DATA (EDUCATIONAL_USE_ONLY),PT-M05-0045,True Negative,0,Moderate Risk (40-60%)
46.0,1.0,2.0,158.0,248.0,0.0,0.0,115.0,0.0,0.0,2.0,0.0,6.0,0,0,Atypical Angina,Male,<= 120 mg/dl,Normal,No,Flat,Fixed Defect,Younger (<55),Month 5,5,0,0.4778,SIMULATED_MONITORING_DATA (EDUCATIONAL_USE_ONLY),PT-M05-0046,True Negative,0,Moderate Risk (40-60%)
63.0,1.0,2.0,160.0,257.0,0.0,0.0,151.0,1.0,0.0,1.0,0.0,3.0,0,0,Atypical Angina,Male,<= 120 mg/dl,Normal,Yes,Upsloping,Normal,Senior (>=55),Month 5,5,0,0.2881,SIMULATED_MONITORING_DATA (EDUCATIONAL_USE_ONLY),PT-M05-0047,True Negative,0,Low Risk (<40%)
65.0,0.0,2.0,150.0,407.0,0.0,1.0,152.0,0.0,1.2,1.0,0.0,3.0,0,0,Atypical Angina,Female,<= 120 mg/dl,ST-T Abnormality,No,Upsloping,Normal,Senior (>=55),Month 5,5,0,0.2118,SIMULATED_MONITORING_DATA (EDUCATIONAL_USE_ONLY),PT-M05-0048,True Negative,0,Low Risk (<40%)
77.0,0.0,2.0,184.0,359.0,0.0,0.0,140.0,0.0,0.4,1.0,2.0,3.0,0,0,Atypical Angina,Female,<= 120 mg/dl,Normal,No,Upsloping,Normal,Senior (>=55),Month 5,5,0,0.2469,SIMULATED_MONITORING_DATA (EDUCATIONAL_USE_ONLY),PT-M05-0049,True Negative,0,Low Risk (<40%)
72.0,0.0,3.0,131.0,560.0,0.0,2.0,139.0,0.0,1.6,2.0,0.0,7.0,0,0,Non-Anginal Pain,Female,<= 120 mg/dl,Left Ventricular Hypertrophy,No,Flat,Reversible Defect,Senior (>=55),Month 5,5,1,0.5571,SIMULATED_MONITORING_DATA (EDUCATIONAL_USE_ONLY),PT-M05-0050,False Positive,1,Moderate Risk (40-60%)
67.0,1.0,4.0,143.0,288.0,0.0,2.0,86.0,1.0,2.2,3.0,1.0,3.0,3,1,Asymptomatic,Male,<= 120 mg/dl,Left Ventricular Hypertrophy,Yes,Downsloping,Normal,Senior (>=55),Month 5,5,1,0.8547,SIMULATED_MONITORING_DATA (EDUCATIONAL_USE_ONLY),PT-M05-0051,True Positive,0,High Risk (>60%)
72.0,1.0,4.0,134.0,357.0,0.0,2.0,128.0,0.0,0.4,2.0,0.0,3.0,0,0,Asymptomatic,Male,<= 120 mg/dl,Left Ventricular Hypertrophy,No,Flat,Normal,Senior (>=55),Month 5,5,0,0.4213,SIMULATED_MONITORING_DATA (EDUCATIONAL_USE_ONLY),PT-M05-0052,True Negative,0,Moderate Risk (40-60%)
59.0,1.0,3.0,122.0,207.0,0.0,0.0,107.0,0.0,0.6,1.0,0.0,3.0,0,0,Non-Anginal Pain,Male,<= 120 mg/dl,Normal,No,Upsloping,Normal,Senior (>=55),Month 5,5,0,0.2713,SIMULATED_MONITORING_DATA (EDUCATIONAL_USE_ONLY),PT-M05-0053,True Negative,0,Low Risk (<40%)
65.0,0.0,4.0,193.0,295.0,0.0,0.0,124.0,1.0,0.0,2.0,0.0,3.0,1,1,Asymptomatic,Female,<= 120 mg/dl,Normal,Yes,Flat,Normal,Senior (>=55),Month 5,5,1,0.5172,SIMULATED_MONITORING_DATA (EDUCATIONAL_USE_ONLY),PT-M05-0054,True Positive,0,Moderate Risk (40-60%)
63.0,1.0,4.0,131.0,275.0,1.0,0.0,146.0,1.0,1.4,1.0,2.0,7.0,2,1,Asymptomatic,Male,> 120 mg/dl,Normal,Yes,Upsloping,Reversible Defect,Senior (>=55),Month 5,5,1,0.9006,SIMULATED_MONITORING_DATA (EDUCATIONAL_USE_ONLY),PT-M05-0055,True Positive,0,High Risk (>60%)
64.0,0.0,4.0,110.0,293.0,0.0,2.0,108.0,0.0,1.0,2.0,0.0,3.0,0,0,Asymptomatic,Female,<= 120 mg/dl,Left Ventricular Hypertrophy,No,Flat,Normal,Senior (>=55),Month 5,5,0,0.3668,SIMULATED_MONITORING_DATA (EDUCATIONAL_USE_ONLY),PT-M05-0056,True Negative,0,Low Risk (<40%)
67.0,0.0,3.0,149.0,312.0,0.0,0.0,85.0,0.0,1.2,2.0,1.0,7.0,2,1,Non-Anginal Pain,Female,<= 120 mg/dl,Normal,No,Flat,Reversible Defect,Senior (>=55),Month 5,5,1,0.7007,SIMULATED_MONITORING_DATA (EDUCATIONAL_USE_ONLY),PT-M05-0057,True Positive,0,High Risk (>60%)
66.0,1.0,4.0,148.0,243.0,0.0,2.0,114.0,1.0,2.4,2.0,2.0,7.0,4,1,Asymptomatic,Male,<= 120 mg/dl,Left Ventricular Hypertrophy,Yes,Flat,Reversible Defect,Senior (>=55),Month 5,5,1,0.9673,SIMULATED_MONITORING_DATA (EDUCATIONAL_USE_ONLY),PT-M05-0058,True Positive,0,High Risk (>60%)
81.0,1.0,4.0,138.0,354.0,0.0,2.0,145.0,1.0,0.0,1.0,3.0,3.0,4,1,Asymptomatic,Male,<= 120 mg/dl,Left Ventricular Hypertrophy,Yes,Upsloping,Normal,Senior (>=55),Month 5,5,1,0.6927,SIMULATED_MONITORING_DATA (EDUCATIONAL_USE_ONLY),PT-M05-0059,True Positive,0,High Risk (>60%)
67.0,0.0,2.0,162.0,230.0,0.0,0.0,156.0,0.0,0.0,1.0,2.0,3.0,0,0,Atypical Angina,Female,<= 120 mg/dl,Normal,No,Upsloping,Normal,Senior (>=55),Month 5,5,0,0.2699,SIMULATED_MONITORING_DATA (EDUCATIONAL_USE_ONLY),PT-M05-0060,True Negative,0,Low Risk (<40%)
73.0,1.0,3.0,166.0,303.0,0.0,1.0,128.0,0.0,2.0,2.0,3.0,7.0,2,1,Non-Anginal Pain,Male,<= 120 mg/dl,ST-T Abnormality,No,Flat,Reversible Defect,Senior (>=55),Month 5,5,1,0.8613,SIMULATED_MONITORING_DATA (EDUCATIONAL_USE_ONLY),PT-M05-0061,True Positive,0,High Risk (>60%)
48.0,1.0,4.0,127.0,209.0,0.0,2.0,137.0,0.0,0.0,1.0,0.0,7.0,1,1,Asymptomatic,Male,<= 120 mg/dl,Left Ventricular Hypertrophy,No,Upsloping,Reversible Defect,Younger (<55),Month 5,5,1,0.564,SIMULATED_MONITORING_DATA (EDUCATIONAL_USE_ONLY),PT-M05-0062,True Positive,0,Moderate Risk (40-60%)
62.0,1.0,4.0,120.0,378.0,0.0,1.0,119.0,0.0,4.4,3.0,3.0,6.0,4,1,Asymptomatic,Male,<= 120 mg/dl,ST-T Abnormality,No,Downsloping,Fixed Defect,Senior (>=55),Month 5,5,1,0.8202,SIMULATED_MONITORING_DATA (EDUCATIONAL_USE_ONLY),PT-M05-0063,True Positive,0,High Risk (>60%)
52.0,1.0,2.0,133.0,277.0,0.0,1.0,145.0,0.0,1.0,3.0,0.0,7.0,1,1,Atypical Angina,Male,<= 120 mg/dl,ST-T Abnormality,No,Downsloping,Reversible Defect,Younger (<55),Month 5,5,1,0.5652,SIMULATED_MONITORING_DATA (EDUCATIONAL_USE_ONLY),PT-M05-0064,True Positive,0,Moderate Risk (40-60%)
60.0,1.0,2.0,144.0,310.0,0.0,0.0,123.0,0.0,0.3,1.0,0.0,7.0,1,1,Atypical Angina,Male,<= 120 mg/dl,Normal,No,Upsloping,Reversible Defect,Senior (>=55),Month 5,5,0,0.4501,SIMULATED_MONITORING_DATA (EDUCATIONAL_USE_ONLY),PT-M05-0065,False Negative,1,Moderate Risk (40-60%)
69.0,0.0,4.0,131.0,322.0,0.0,0.0,148.0,1.0,1.8,2.0,2.0,3.0,1,1,Asymptomatic,Female,<= 120 mg/dl,Normal,Yes,Flat,Normal,Senior (>=55),Month 5,5,1,0.6587,SIMULATED_MONITORING_DATA (EDUCATIONAL_USE_ONLY),PT-M05-0066,True Positive,0,High Risk (>60%)
71.0,0.0,3.0,187.0,429.0,0.0,2.0,132.0,0.0,0.8,1.0,0.0,3.0,0,0,Non-Anginal Pain,Female,<= 120 mg/dl,Left Ventricular Hypertrophy,No,Upsloping,Normal,Senior (>=55),Month 5,5,0,0.2242,SIMULATED_MONITORING_DATA (EDUCATIONAL_USE_ONLY),PT-M05-0067,True Negative,0,Low Risk (<40%)
70.0,0.0,3.0,172.0,327.0,0.0,2.0,133.0,0.0,0.0,2.0,1.0,3.0,0,0,Non-Anginal Pain,Female,<= 120 mg/dl,Left Ventricular Hypertrophy,No,Flat,Normal,Senior (>=55),Month 5,5,0,0.3098,SIMULATED_MONITORING_DATA (EDUCATIONAL_USE_ONLY),PT-M05-0068,True Negative,0,Low Risk (<40%)
55.0,1.0,3.0,108.0,271.0,0.0,0.0,134.0,1.0,0.0,1.0,1.0,7.0,0,0,Non-Anginal Pain,Male,<= 120 mg/dl,Normal,Yes,Upsloping,Reversible Defect,Senior (>=55),Month 5,5,1,0.5654,SIMULATED_MONITORING_DATA (EDUCATIONAL_USE_ONLY),PT-M05-0069,False Positive,1,Moderate Risk (40-60%)
65.0,1.0,4.0,141.0,289.0,1.0,2.0,131.0,1.0,1.2,2.0,1.0,3.0,1,1,Asymptomatic,Male,> 120 mg/dl,Left Ventricular Hypertrophy,Yes,Flat,Normal,Senior (>=55),Month 5,5,1,0.8573,SIMULATED_MONITORING_DATA (EDUCATIONAL_USE_ONLY),PT-M05-0070,True Positive,0,High Risk (>60%)
59.0,0.0,2.0,157.0,378.0,1.0,2.0,137.0,0.0,0.0,1.0,2.0,3.0,3,1,Atypical Angina,Female,> 120 mg/dl,Left Ventricular Hypertrophy,No,Upsloping,Normal,Senior (>=55),Month 5,5,0,0.387,SIMULATED_MONITORING_DATA (EDUCATIONAL_USE_ONLY),PT-M05-0071,False Negative,1,Low Risk (<40%)
52.0,0.0,2.0,117.0,244.0,0.0,0.0,151.0,0.0,0.0,1.0,0.0,3.0,0,0,Atypical Angina,Female,<= 120 mg/dl,Normal,No,Upsloping,Normal,Younger (<55),Month 5,5,0,0.0572,SIMULATED_MONITORING_DATA (EDUCATIONAL_USE_ONLY),PT-M05-0072,True Negative,0,Low Risk (<40%)
47.0,0.0,3.0,109.0,240.0,0.0,0.0,158.0,0.0,0.0,1.0,0.0,3.0,0,0,Non-Anginal Pain,Female,<= 120 mg/dl,Normal,No,Upsloping,Normal,Younger (<55),Month 5,5,0,0.0749,SIMULATED_MONITORING_DATA (EDUCATIONAL_USE_ONLY),PT-M05-0073,True Negative,0,Low Risk (<40%)
68.0,1.0,2.0,167.0,293.0,0.0,2.0,125.0,0.0,0.0,1.0,0.0,3.0,0,0,Atypical Angina,Male,<= 120 mg/dl,Left Ventricular Hypertrophy,No,Upsloping,Normal,Senior (>=55),Month 5,5,0,0.37,SIMULATED_MONITORING_DATA (EDUCATIONAL_USE_ONLY),PT-M05-0074,True Negative,0,Low Risk (<40%)
71.0,1.0,3.0,143.0,370.0,0.0,1.0,107.0,1.0,1.8,2.0,0.0,7.0,1,1,Non-Anginal Pain,Male,<= 120 mg/dl,ST-T Abnormality,Yes,Flat,Reversible Defect,Senior (>=55),Month 5,5,1,0.8325,SIMULATED_MONITORING_DATA (EDUCATIONAL_USE_ONLY),PT-M05-0075,True Positive,0,High Risk (>60%)
71.0,1.0,4.0,142.0,356.0,0.0,2.0,133.0,0.0,0.4,2.0,0.0,3.0,0,0,Asymptomatic,Male,<= 120 mg/dl,Left Ventricular Hypertrophy,No,Flat,Normal,Senior (>=55),Month 5,5,0,0.3997,SIMULATED_MONITORING_DATA (EDUCATIONAL_USE_ONLY),PT-M05-0076,True Negative,0,Low Risk (<40%)
57.0,1.0,3.0,108.0,266.0,0.0,0.0,136.0,1.0,0.0,1.0,1.0,7.0,0,0,Non-Anginal Pain,Male,<= 120 mg/dl,Normal,Yes,Upsloping,Reversible Defect,Senior (>=55),Month 5,5,1,0.5722,SIMULATED_MONITORING_DATA (EDUCATIONAL_USE_ONLY),PT-M05-0077,False Positive,1,Moderate Risk (40-60%)
68.0,1.0,4.0,144.0,289.0,0.0,1.0,80.0,1.0,2.2,3.0,1.0,3.0,3,1,Asymptomatic,Male,<= 120 mg/dl,ST-T Abnormality,Yes,Downsloping,Normal,Senior (>=55),Month 5,5,1,0.8465,SIMULATED_MONITORING_DATA (EDUCATIONAL_USE_ONLY),PT-M05-0078,True Positive,0,High Risk (>60%)
71.0,1.0,4.0,164.0,251.0,0.0,2.0,118.0,0.0,2.0,2.0,2.0,6.0,4,1,Asymptomatic,Male,<= 120 mg/dl,Left Ventricular Hypertrophy,No,Flat,Fixed Defect,Senior (>=55),Month 5,5,1,0.8771,SIMULATED_MONITORING_DATA (EDUCATIONAL_USE_ONLY),PT-M05-0079,True Positive,0,High Risk (>60%)
70.0,1.0,4.0,141.0,281.0,0.0,2.0,84.0,1.0,2.2,3.0,1.0,3.0,3,1,Asymptomatic,Male,<= 120 mg/dl,Left Ventricular Hypertrophy,Yes,Downsloping,Normal,Senior (>=55),Month 5,5,1,0.8519,SIMULATED_MONITORING_DATA (EDUCATIONAL_USE_ONLY),PT-M05-0080,True Positive,0,High Risk (>60%)
68.0,0.0,4.0,138.0,239.0,0.0,0.0,121.0,1.0,0.0,2.0,0.0,3.0,1,1,Asymptomatic,Female,<= 120 mg/dl,Normal,Yes,Flat,Normal,Senior (>=55),Month 5,5,0,0.4624,SIMULATED_MONITORING_DATA (EDUCATIONAL_USE_ONLY),PT-M05-0081,False Negative,1,Moderate Risk (40-60%)
65.0,0.0,4.0,163.0,465.0,0.0,2.0,137.0,0.0,1.2,2.0,0.0,3.0,0,0,Asymptomatic,Female,<= 120 mg/dl,Left Ventricular Hypertrophy,No,Flat,Normal,Senior (>=55),Month 5,5,0,0.3785,SIMULATED_MONITORING_DATA (EDUCATIONAL_USE_ONLY),PT-M05-0082,True Negative,0,Low Risk (<40%)
50.0,0.0,2.0,145.0,359.0,0.0,0.0,147.0,0.0,0.0,1.0,0.0,3.0,0,0,Atypical Angina,Female,<= 120 mg/dl,Normal,No,Upsloping,Normal,Younger (<55),Month 5,5,0,0.1371,SIMULATED_MONITORING_DATA (EDUCATIONAL_USE_ONLY),PT-M05-0083,True Negative,0,Low Risk (<40%)
55.0,0.0,3.0,136.0,246.0,0.0,0.0,140.0,0.0,1.6,2.0,0.0,3.0,0,0,Non-Anginal Pain,Female,<= 120 mg/dl,Normal,No,Flat,Normal,Senior (>=55),Month 5,5,0,0.1332,SIMULATED_MONITORING_DATA (EDUCATIONAL_USE_ONLY),PT-M05-0084,True Negative,0,Low Risk (<40%)
68.0,1.0,3.0,109.0,283.0,0.0,2.0,139.0,1.0,0.6,2.0,0.0,7.0,0,0,Non-Anginal Pain,Male,<= 120 mg/dl,Left Ventricular Hypertrophy,Yes,Flat,Reversible Defect,Senior (>=55),Month 5,5,1,0.673,SIMULATED_MONITORING_DATA (EDUCATIONAL_USE_ONLY),PT-M05-0085,False Positive,1,High Risk (>60%)
51.0,1.0,4.0,154.0,371.0,0.0,1.0,113.0,1.0,1.8,2.0,0.0,6.0,2,1,Asymptomatic,Male,<= 120 mg/dl,ST-T Abnormality,Yes,Flat,Fixed Defect,Younger (<55),Month 5,5,1,0.8095,SIMULATED_MONITORING_DATA (EDUCATIONAL_USE_ONLY),PT-M05-0086,True Positive,0,High Risk (>60%)
72.0,0.0,4.0,129.0,171.0,0.0,0.0,107.0,0.0,1.6,2.0,0.0,3.0,0,0,Asymptomatic,Female,<= 120 mg/dl,Normal,No,Flat,Normal,Senior (>=55),Month 5,5,0,0.3499,SIMULATED_MONITORING_DATA (EDUCATIONAL_USE_ONLY),PT-M05-0087,True Negative,0,Low Risk (<40%)
63.0,1.0,4.0,197.0,381.0,0.0,2.0,121.0,1.0,3.4,3.0,0.0,7.0,2,1,Asymptomatic,Male,<= 120 mg/dl,Left Ventricular Hypertrophy,Yes,Downsloping,Reversible Defect,Senior (>=55),Month 5,5,1,0.9378,SIMULATED_MONITORING_DATA (EDUCATIONAL_USE_ONLY),PT-M05-0088,True Positive,0,High Risk (>60%)
66.0,1.0,4.0,154.0,389.0,1.0,2.0,118.0,1.0,1.8,1.0,3.0,7.0,3,1,Asymptomatic,Male,> 120 mg/dl,Left Ventricular Hypertrophy,Yes,Upsloping,Reversible Defect,Senior (>=55),Month 5,5,1,0.9151,SIMULATED_MONITORING_DATA (EDUCATIONAL_USE_ONLY),PT-M05-0089,True Positive,0,High Risk (>60%)
65.0,1.0,4.0,168.0,343.0,0.0,2.0,149.0,0.0,1.2,2.0,2.0,7.0,2,1,Asymptomatic,Male,<= 120 mg/dl,Left Ventricular Hypertrophy,No,Flat,Reversible Defect,Senior (>=55),Month 5,5,1,0.8901,SIMULATED_MONITORING_DATA (EDUCATIONAL_USE_ONLY),PT-M05-0090,True Positive,0,High Risk (>60%)
65.0,0.0,4.0,185.0,363.0,0.0,2.0,141.0,0.0,0.0,1.0,0.0,3.0,1,1,Asymptomatic,Female,<= 120 mg/dl,Left Ventricular Hypertrophy,No,Upsloping,Normal,Senior (>=55),Month 5,5,0,0.391,SIMULATED_MONITORING_DATA (EDUCATIONAL_USE_ONLY),PT-M05-0091,False Negative,1,Low Risk (<40%)
64.0,1.0,1.0,192.0,336.0,0.0,2.0,144.0,0.0,0.2,2.0,0.0,7.0,1,1,Typical Angina,Male,<= 120 mg/dl,Left Ventricular Hypertrophy,No,Flat,Reversible Defect,Senior (>=55),Month 5,5,1,0.5334,SIMULATED_MONITORING_DATA (EDUCATIONAL_USE_ONLY),PT-M05-0092,True Positive,0,Moderate Risk (40-60%)
84.0,1.0,4.0,141.0,359.0,0.0,2.0,142.0,1.0,0.0,1.0,3.0,3.0,4,1,Asymptomatic,Male,<= 120 mg/dl,Left Ventricular Hypertrophy,Yes,Upsloping,Normal,Senior (>=55),Month 5,5,1,0.6998,SIMULATED_MONITORING_DATA (EDUCATIONAL_USE_ONLY),PT-M05-0093,True Positive,0,High Risk (>60%)
78.0,1.0,3.0,185.0,323.0,0.0,0.0,96.0,1.0,2.9,2.0,1.0,7.0,3,1,Non-Anginal Pain,Male,<= 120 mg/dl,Normal,Yes,Flat,Reversible Defect,Senior (>=55),Month 5,5,1,0.8651,SIMULATED_MONITORING_DATA (EDUCATIONAL_USE_ONLY),PT-M05-0094,True Positive,0,High Risk (>60%)
70.0,0.0,3.0,156.0,297.0,0.0,2.0,149.0,0.0,0.0,1.0,0.0,3.0,0,0,Non-Anginal Pain,Female,<= 120 mg/dl,Left Ventricular Hypertrophy,No,Upsloping,Normal,Senior (>=55),Month 5,5,0,0.1683,SIMULATED_MONITORING_DATA (EDUCATIONAL_USE_ONLY),PT-M05-0095,True Negative,0,Low Risk (<40%)
68.0,0.0,4.0,155.0,359.0,0.0,0.0,114.0,0.0,2.0,2.0,2.0,3.0,0,0,Asymptomatic,Female,<= 120 mg/dl,Normal,No,Flat,Normal,Senior (>=55),Month 5,5,1,0.532,SIMULATED_MONITORING_DATA (EDUCATIONAL_USE_ONLY),PT-M05-0096,False Positive,1,Moderate Risk (40-60%)
67.0,1.0,4.0,156.0,312.0,0.0,0.0,92.0,1.0,0.2,2.0,1.0,7.0,0,0,Asymptomatic,Male,<= 120 mg/dl,Normal,Yes,Flat,Reversible Defect,Senior (>=55),Month 5,5,1,0.7665,SIMULATED_MONITORING_DATA (EDUCATIONAL_USE_ONLY),PT-M05-0097,False Positive,1,High Risk (>60%)
64.0,1.0,1.0,203.0,340.0,0.0,2.0,136.0,0.0,0.2,2.0,0.0,7.0,1,1,Typical Angina,Male,<= 120 mg/dl,Left Ventricular Hypertrophy,No,Flat,Reversible Defect,Senior (>=55),Month 5,5,1,0.5456,SIMULATED_MONITORING_DATA (EDUCATIONAL_USE_ONLY),PT-M05-0098,True Positive,0,Moderate Risk (40-60%)
57.0,0.0,3.0,143.0,348.0,0.0,2.0,133.0,0.0,0.6,1.0,0.0,3.0,0,0,Non-Anginal Pain,Female,<= 120 mg/dl,Left Ventricular Hypertrophy,No,Upsloping,Normal,Senior (>=55),Month 5,5,0,0.1738,SIMULATED_MONITORING_DATA (EDUCATIONAL_USE_ONLY),PT-M05-0099,True Negative,0,Low Risk (<40%)
74.0,1.0,3.0,162.0,297.0,0.0,2.0,127.0,0.0,2.0,2.0,3.0,7.0,2,1,Non-Anginal Pain,Male,<= 120 mg/dl,Left Ventricular Hypertrophy,No,Flat,Reversible Defect,Senior (>=55),Month 5,5,1,0.8529,SIMULATED_MONITORING_DATA (EDUCATIONAL_USE_ONLY),PT-M05-0100,True Positive,0,High Risk (>60%)
62.0,1.0,4.0,165.0,346.0,0.0,2.0,149.0,0.0,1.2,2.0,2.0,7.0,2,1,Asymptomatic,Male,<= 120 mg/dl,Left Ventricular Hypertrophy,No,Flat,Reversible Defect,Senior (>=55),Month 5,5,1,0.9005,SIMULATED_MONITORING_DATA (EDUCATIONAL_USE_ONLY),PT-M05-0101,True Positive,0,High Risk (>60%)
58.0,0.0,3.0,162.0,230.0,0.0,2.0,152.0,0.0,0.1,2.0,0.0,3.0,0,0,Non-Anginal Pain,Female,<= 120 mg/dl,Left Ventricular Hypertrophy,No,Flat,Normal,Senior (>=55),Month 5,5,0,0.1984,SIMULATED_MONITORING_DATA (EDUCATIONAL_USE_ONLY),PT-M05-0102,True Negative,0,Low Risk (<40%)
67.0,0.0,3.0,153.0,305.0,0.0,2.0,154.0,0.0,0.0,1.0,0.0,3.0,0,0,Non-Anginal Pain,Female,<= 120 mg/dl,Left Ventricular Hypertrophy,No,Upsloping,Normal,Senior (>=55),Month 5,5,0,0.1858,SIMULATED_MONITORING_DATA (EDUCATIONAL_USE_ONLY),PT-M05-0103,True Negative,0,Low Risk (<40%)
61.0,1.0,4.0,157.0,231.0,0.0,0.0,130.0,0.0,0.4,2.0,0.0,6.0,0,0,Asymptomatic,Male,<= 120 mg/dl,Normal,No,Flat,Fixed Defect,Senior (>=55),Month 5,5,1,0.5012,SIMULATED_MONITORING_DATA (EDUCATIONAL_USE_ONLY),PT-M05-0104,False Positive,1,Moderate Risk (40-60%)
54.0,1.0,3.0,131.0,169.0,0.0,2.0,110.0,0.0,0.8,1.0,3.0,3.0,1,1,Non-Anginal Pain,Male,<= 120 mg/dl,Left Ventricular Hypertrophy,No,Upsloping,Normal,Younger (<55),Month 5,5,0,0.455,SIMULATED_MONITORING_DATA (EDUCATIONAL_USE_ONLY),PT-M05-0105,False Negative,1,Moderate Risk (40-60%)
59.0,1.0,4.0,122.0,236.0,0.0,2.0,96.0,1.0,0.0,2.0,1.0,3.0,3,1,Asymptomatic,Male,<= 120 mg/dl,Left Ventricular Hypertrophy,Yes,Flat,Normal,Senior (>=55),Month 5,5,1,0.8469,SIMULATED_MONITORING_DATA (EDUCATIONAL_USE_ONLY),PT-M05-0106,True Positive,0,High Risk (>60%)
43.0,1.0,3.0,154.0,378.0,0.0,2.0,155.0,0.0,0.0,1.0,0.0,3.0,0,0,Non-Anginal Pain,Male,<= 120 mg/dl,Left Ventricular Hypertrophy,No,Upsloping,Normal,Younger (<55),Month 5,5,0,0.2175,SIMULATED_MONITORING_DATA (EDUCATIONAL_USE_ONLY),PT-M05-0107,True Negative,0,Low Risk (<40%)
57.0,0.0,2.0,155.0,293.0,0.0,2.0,148.0,0.0,1.4,2.0,0.0,3.0,0,0,Atypical Angina,Female,<= 120 mg/dl,Left Ventricular Hypertrophy,No,Flat,Normal,Senior (>=55),Month 5,5,0,0.2161,SIMULATED_MONITORING_DATA (EDUCATIONAL_USE_ONLY),PT-M05-0108,True Negative,0,Low Risk (<40%)
68.0,1.0,4.0,144.0,388.0,1.0,2.0,118.0,1.0,1.8,1.0,3.0,7.0,3,1,Asymptomatic,Male,> 120 mg/dl,Left Ventricular Hypertrophy,Yes,Upsloping,Reversible Defect,Senior (>=55),Month 5,5,1,0.9151,SIMULATED_MONITORING_DATA (EDUCATIONAL_USE_ONLY),PT-M05-0109,True Positive,0,High Risk (>60%)
64.0,1.0,4.0,127.0,378.0,0.0,1.0,126.0,0.0,4.4,3.0,3.0,6.0,4,1,Asymptomatic,Male,<= 120 mg/dl,ST-T Abnormality,No,Downsloping,Fixed Defect,Senior (>=55),Month 5,5,1,0.8181,SIMULATED_MONITORING_DATA (EDUCATIONAL_USE_ONLY),PT-M05-0110,True Positive,0,High Risk (>60%)
55.0,1.0,3.0,140.0,223.0,0.0,0.0,119.0,0.0,2.0,2.0,3.0,7.0,3,1,Non-Anginal Pain,Male,<= 120 mg/dl,Normal,No,Flat,Reversible Defect,Senior (>=55),Month 5,5,1,0.8463,SIMULATED_MONITORING_DATA (EDUCATIONAL_USE_ONLY),PT-M05-0111,True Positive,0,High Risk (>60%)
55.0,1.0,2.0,126.0,272.0,0.0,1.0,152.0,0.0,1.0,3.0,0.0,7.0,1,1,Atypical Angina,Male,<= 120 mg/dl,ST-T Abnormality,No,Downsloping,Reversible Defect,Senior (>=55),Month 5,5,1,0.5044,SIMULATED_MONITORING_DATA (EDUCATIONAL_USE_ONLY),PT-M05-0112,True Positive,0,Moderate Risk (40-60%)
71.0,1.0,4.0,184.0,345.0,0.0,2.0,94.0,1.0,1.5,2.0,3.0,3.0,2,1,Asymptomatic,Male,<= 120 mg/dl,Left Ventricular Hypertrophy,Yes,Flat,Normal,Senior (>=55),Month 5,5,1,0.8768,SIMULATED_MONITORING_DATA (EDUCATIONAL_USE_ONLY),PT-M05-0113,True Positive,0,High Risk (>60%)
59.0,1.0,4.0,179.0,316.0,0.0,0.0,75.0,1.0,1.2,2.0,1.0,7.0,1,1,Asymptomatic,Male,<= 120 mg/dl,Normal,Yes,Flat,Reversible Defect,Senior (>=55),Month 5,5,1,0.9399,SIMULATED_MONITORING_DATA (EDUCATIONAL_USE_ONLY),PT-M05-0114,True Positive,0,High Risk (>60%)
76.0,0.0,3.0,129.0,313.0,1.0,2.0,114.0,0.0,0.0,1.0,1.0,3.0,0,0,Non-Anginal Pain,Female,> 120 mg/dl,Left Ventricular Hypertrophy,No,Upsloping,Normal,Senior (>=55),Month 5,5,0,0.2331,SIMULATED_MONITORING_DATA (EDUCATIONAL_USE_ONLY),PT-M05-0115,True Negative,0,Low Risk (<40%)
56.0,1.0,2.0,152.0,239.0,1.0,0.0,162.0,0.0,0.0,1.0,0.0,3.0,0,0,Atypical Angina,Male,> 120 mg/dl,Normal,No,Upsloping,Normal,Senior (>=55),Month 5,5,0,0.1487,SIMULATED_MONITORING_DATA (EDUCATIONAL_USE_ONLY),PT-M05-0116,True Negative,0,Low Risk (<40%)
63.0,1.0,4.0,187.0,215.0,1.0,2.0,76.0,0.0,1.0,2.0,2.0,6.0,3,1,Asymptomatic,Male,> 120 mg/dl,Left Ventricular Hypertrophy,No,Flat,Fixed Defect,Senior (>=55),Month 5,5,1,0.8867,SIMULATED_MONITORING_DATA (EDUCATIONAL_USE_ONLY),PT-M05-0117,True Positive,0,High Risk (>60%)
56.0,1.0,1.0,149.0,240.0,0.0,2.0,107.0,1.0,1.4,1.0,1.0,3.0,0,0,Typical Angina,Male,<= 120 mg/dl,Left Ventricular Hypertrophy,Yes,Upsloping,Normal,Senior (>=55),Month 5,5,1,0.5352,SIMULATED_MONITORING_DATA (EDUCATIONAL_USE_ONLY),PT-M05-0118,False Positive,1,Moderate Risk (40-60%)
64.0,0.0,4.0,172.0,294.0,0.0,2.0,135.0,0.0,2.6,2.0,2.0,7.0,3,1,Asymptomatic,Female,<= 120 mg/dl,Left Ventricular Hypertrophy,No,Flat,Reversible Defect,Senior (>=55),Month 5,5,1,0.8976,SIMULATED_MONITORING_DATA (EDUCATIONAL_USE_ONLY),PT-M05-0119,True Positive,0,High Risk (>60%)
65.0,1.0,4.0,160.0,222.0,0.0,2.0,124.0,1.0,4.0,1.0,2.0,7.0,2,1,Asymptomatic,Male,<= 120 mg/dl,Left Ventricular Hypertrophy,Yes,Upsloping,Reversible Defect,Senior (>=55),Month 5,5,1,0.922,SIMULATED_MONITORING_DATA (EDUCATIONAL_USE_ONLY),PT-M05-0120,True Positive,0,High Risk (>60%)
68.0,0.0,3.0,165.0,375.0,0.0,0.0,116.0,0.0,0.2,1.0,0.0,7.0,0,0,Non-Anginal Pain,Female,<= 120 mg/dl,Normal,No,Upsloping,Reversible Defect,Senior (>=55),Month 5,5,0,0.3507,SIMULATED_MONITORING_DATA (EDUCATIONAL_USE_ONLY),PT-M05-0121,True Negative,0,Low Risk (<40%)
52.0,0.0,4.0,154.0,291.0,0.0,2.0,130.0,1.0,0.0,2.0,0.0,3.0,0,0,Asymptomatic,Female,<= 120 mg/dl,Left Ventricular Hypertrophy,Yes,Flat,Normal,Younger (<55),Month 5,5,0,0.4638,SIMULATED_MONITORING_DATA (EDUCATIONAL_USE_ONLY),PT-M05-0122,True Negative,0,Moderate Risk (40-60%)
64.0,1.0,2.0,145.0,331.0,0.0,2.0,139.0,0.0,1.8,2.0,0.0,3.0,1,1,Atypical Angina,Male,<= 120 mg/dl,Left Ventricular Hypertrophy,No,Flat,Normal,Senior (>=55),Month 5,5,0,0.4082,SIMULATED_MONITORING_DATA (EDUCATIONAL_USE_ONLY),PT-M05-0123,False Negative,1,Moderate Risk (40-60%)
62.0,1.0,2.0,136.0,286.0,0.0,0.0,160.0,0.0,0.8,1.0,0.0,3.0,0,0,Atypical Angina,Male,<= 120 mg/dl,Normal,No,Upsloping,Normal,Senior (>=55),Month 5,5,0,0.2184,SIMULATED_MONITORING_DATA (EDUCATIONAL_USE_ONLY),PT-M05-0124,True Negative,0,Low Risk (<40%)
59.0,1.0,3.0,143.0,226.0,1.0,2.0,136.0,0.0,1.2,3.0,0.0,3.0,0,0,Non-Anginal Pain,Male,> 120 mg/dl,Left Ventricular Hypertrophy,No,Downsloping,Normal,Senior (>=55),Month 5,5,0,0.2359,SIMULATED_MONITORING_DATA (EDUCATIONAL_USE_ONLY),PT-M05-0125,True Negative,0,Low Risk (<40%)
62.0,1.0,4.0,162.0,233.0,0.0,0.0,127.0,0.0,0.4,2.0,0.0,6.0,0,0,Asymptomatic,Male,<= 120 mg/dl,Normal,No,Flat,Fixed Defect,Senior (>=55),Month 5,5,1,0.5161,SIMULATED_MONITORING_DATA (EDUCATIONAL_USE_ONLY),PT-M05-0126,False Positive,1,Moderate Risk (40-60%)
65.0,1.0,1.0,181.0,317.0,0.0,2.0,113.0,0.0,0.0,1.0,0.0,3.0,1,1,Typical Angina,Male,<= 120 mg/dl,Left Ventricular Hypertrophy,No,Upsloping,Normal,Senior (>=55),Month 5,5,0,0.418,SIMULATED_MONITORING_DATA (EDUCATIONAL_USE_ONLY),PT-M05-0127,False Negative,1,Moderate Risk (40-60%)
82.0,1.0,4.0,151.0,357.0,0.0,2.0,137.0,1.0,0.0,1.0,3.0,3.0,4,1,Asymptomatic,Male,<= 120 mg/dl,Left Ventricular Hypertrophy,Yes,Upsloping,Normal,Senior (>=55),Month 5,5,1,0.7134,SIMULATED_MONITORING_DATA (EDUCATIONAL_USE_ONLY),PT-M05-0128,True Positive,0,High Risk (>60%)
65.0,0.0,4.0,178.0,363.0,0.0,2.0,149.0,0.0,0.0,1.0,0.0,3.0,1,1,Asymptomatic,Female,<= 120 mg/dl,Left Ventricular Hypertrophy,No,Upsloping,Normal,Senior (>=55),Month 5,5,0,0.3947,SIMULATED_MONITORING_DATA (EDUCATIONAL_USE_ONLY),PT-M05-0129,False Negative,1,Low Risk (<40%)
64.0,0.0,4.0,149.0,382.0,0.0,2.0,153.0,0.0,0.0,1.0,0.0,3.0,1,1,Asymptomatic,Female,<= 120 mg/dl,Left Ventricular Hypertrophy,No,Upsloping,Normal,Senior (>=55),Month 5,5,0,0.3812,SIMULATED_MONITORING_DATA (EDUCATIONAL_USE_ONLY),PT-M05-0130,False Negative,1,Low Risk (<40%)
72.0,0.0,3.0,125.0,560.0,0.0,2.0,139.0,0.0,1.6,2.0,0.0,7.0,0,0,Non-Anginal Pain,Female,<= 120 mg/dl,Left Ventricular Hypertrophy,No,Flat,Reversible Defect,Senior (>=55),Month 5,5,1,0.542,SIMULATED_MONITORING_DATA (EDUCATIONAL_USE_ONLY),PT-M05-0131,False Positive,1,Moderate Risk (40-60%)
48.0,1.0,4.0,158.0,370.0,0.0,0.0,111.0,1.0,1.8,2.0,0.0,6.0,2,1,Asymptomatic,Male,<= 120 mg/dl,Normal,Yes,Flat,Fixed Defect,Younger (<55),Month 5,5,1,0.8136,SIMULATED_MONITORING_DATA (EDUCATIONAL_USE_ONLY),PT-M05-0132,True Positive,0,High Risk (>60%)
65.0,1.0,3.0,168.0,251.0,1.0,0.0,134.0,0.0,1.6,1.0,0.0,3.0,0,0,Non-Anginal Pain,Male,> 120 mg/dl,Normal,No,Upsloping,Normal,Senior (>=55),Month 5,5,0,0.3023,SIMULATED_MONITORING_DATA (EDUCATIONAL_USE_ONLY),PT-M05-0133,True Negative,0,Low Risk (<40%)
54.0,0.0,3.0,158.0,237.0,0.0,2.0,149.0,0.0,0.1,2.0,0.0,3.0,0,0,Non-Anginal Pain,Female,<= 120 mg/dl,Left Ventricular Hypertrophy,No,Flat,Normal,Younger (<55),Month 5,5,0,0.141,SIMULATED_MONITORING_DATA (EDUCATIONAL_USE_ONLY),PT-M05-0134,True Negative,0,Low Risk (<40%)
70.0,0.0,3.0,181.0,421.0,0.0,2.0,132.0,0.0,0.8,1.0,0.0,3.0,0,0,Non-Anginal Pain,Female,<= 120 mg/dl,Left Ventricular Hypertrophy,No,Upsloping,Normal,Senior (>=55),Month 5,5,0,0.2242,SIMULATED_MONITORING_DATA (EDUCATIONAL_USE_ONLY),PT-M05-0135,True Negative,0,Low Risk (<40%)
58.0,1.0,4.0,140.0,339.0,1.0,2.0,88.0,1.0,1.6,3.0,0.0,7.0,2,1,Asymptomatic,Male,> 120 mg/dl,Left Ventricular Hypertrophy,Yes,Downsloping,Reversible Defect,Senior (>=55),Month 5,5,1,0.9389,SIMULATED_MONITORING_DATA (EDUCATIONAL_USE_ONLY),PT-M05-0136,True Positive,0,High Risk (>60%)
64.0,1.0,1.0,203.0,327.0,0.0,2.0,126.0,0.0,4.2,3.0,0.0,7.0,0,0,Typical Angina,Male,<= 120 mg/dl,Left Ventricular Hypertrophy,No,Downsloping,Reversible Defect,Senior (>=55),Month 5,5,1,0.5635,SIMULATED_MONITORING_DATA (EDUCATIONAL_USE_ONLY),PT-M05-0137,False Positive,1,Moderate Risk (40-60%)
61.0,1.0,4.0,188.0,338.0,1.0,2.0,107.0,0.0,1.0,2.0,3.0,7.0,4,1,Asymptomatic,Male,> 120 mg/dl,Left Ventricular Hypertrophy,No,Flat,Reversible Defect,Senior (>=55),Month 5,5,1,0.9188,SIMULATED_MONITORING_DATA (EDUCATIONAL_USE_ONLY),PT-M05-0138,True Positive,0,High Risk (>60%)
65.0,1.0,4.0,192.0,348.0,1.0,1.0,106.0,0.0,1.0,2.0,3.0,7.0,4,1,Asymptomatic,Male,> 120 mg/dl,ST-T Abnormality,No,Flat,Reversible Defect,Senior (>=55),Month 5,5,1,0.8693,SIMULATED_MONITORING_DATA (EDUCATIONAL_USE_ONLY),PT-M05-0139,True Positive,0,High Risk (>60%)
59.0,1.0,4.0,132.0,234.0,0.0,2.0,92.0,1.0,0.0,2.0,1.0,3.0,3,1,Asymptomatic,Male,<= 120 mg/dl,Left Ventricular Hypertrophy,Yes,Flat,Normal,Senior (>=55),Month 5,5,1,0.8322,SIMULATED_MONITORING_DATA (EDUCATIONAL_USE_ONLY),PT-M05-0140,True Positive,0,High Risk (>60%)
62.0,0.0,4.0,213.0,388.0,0.0,1.0,99.0,1.0,3.4,2.0,0.0,3.0,2,1,Asymptomatic,Female,<= 120 mg/dl,ST-T Abnormality,Yes,Flat,Normal,Senior (>=55),Month 5,5,1,0.6784,SIMULATED_MONITORING_DATA (EDUCATIONAL_USE_ONLY),PT-M05-0141,True Positive,0,High Risk (>60%)
52.0,1.0,4.0,174.0,285.0,0.0,0.0,153.0,0.0,1.5,1.0,0.0,3.0,0,0,Asymptomatic,Male,<= 120 mg/dl,Normal,No,Upsloping,Normal,Younger (<55),Month 5,5,0,0.2795,SIMULATED_MONITORING_DATA (EDUCATIONAL_USE_ONLY),PT-M05-0142,True Negative,0,Low Risk (<40%)
47.0,1.0,3.0,161.0,282.0,0.0,2.0,156.0,0.0,0.0,1.0,0.0,3.0,0,0,Non-Anginal Pain,Male,<= 120 mg/dl,Left Ventricular Hypertrophy,No,Upsloping,Normal,Younger (<55),Month 5,5,0,0.2262,SIMULATED_MONITORING_DATA (EDUCATIONAL_USE_ONLY),PT-M05-0143,True Negative,0,Low Risk (<40%)
59.0,1.0,3.0,142.0,237.0,1.0,1.0,130.0,0.0,1.2,3.0,0.0,3.0,0,0,Non-Anginal Pain,Male,> 120 mg/dl,ST-T Abnormality,No,Downsloping,Normal,Senior (>=55),Month 5,5,0,0.2634,SIMULATED_MONITORING_DATA (EDUCATIONAL_USE_ONLY),PT-M05-0144,True Negative,0,Low Risk (<40%)
67.0,1.0,4.0,138.0,301.0,0.0,2.0,87.0,1.0,2.2,3.0,1.0,3.0,3,1,Asymptomatic,Male,<= 120 mg/dl,Left Ventricular Hypertrophy,Yes,Downsloping,Normal,Senior (>=55),Month 5,5,1,0.858,SIMULATED_MONITORING_DATA (EDUCATIONAL_USE_ONLY),PT-M05-0145,True Positive,0,High Risk (>60%)
56.0,1.0,4.0,165.0,243.0,0.0,2.0,112.0,1.0,0.9,2.0,0.0,7.0,3,1,Asymptomatic,Male,<= 120 mg/dl,Left Ventricular Hypertrophy,Yes,Flat,Reversible Defect,Senior (>=55),Month 5,5,1,0.9108,SIMULATED_MONITORING_DATA (EDUCATIONAL_USE_ONLY),PT-M05-0146,True Positive,0,High Risk (>60%)
60.0,0.0,3.0,136.0,347.0,0.0,2.0,141.0,0.0,0.6,1.0,0.0,3.0,0,0,Non-Anginal Pain,Female,<= 120 mg/dl,Left Ventricular Hypertrophy,No,Upsloping,Normal,Senior (>=55),Month 5,5,0,0.1984,SIMULATED_MONITORING_DATA (EDUCATIONAL_USE_ONLY),PT-M05-0147,True Negative,0,Low Risk (<40%)
61.0,1.0,4.0,128.0,390.0,0.0,0.0,129.0,1.0,3.0,2.0,1.0,7.0,2,1,Asymptomatic,Male,<= 120 mg/dl,Normal,Yes,Flat,Reversible Defect,Senior (>=55),Month 5,5,1,0.9693,SIMULATED_MONITORING_DATA (EDUCATIONAL_USE_ONLY),PT-M05-0148,True Positive,0,High Risk (>60%)
71.0,1.0,3.0,210.0,326.0,1.0,2.0,138.0,1.0,1.6,2.0,0.0,7.0,3,1,Non-Anginal Pain,Male,> 120 mg/dl,Left Ventricular Hypertrophy,Yes,Flat,Reversible Defect,Senior (>=55),Month 5,5,1,0.8153,SIMULATED_MONITORING_DATA (EDUCATIONAL_USE_ONLY),PT-M05-0149,True Positive,0,High Risk (>60%)
54.0,0.0,2.0,149.0,319.0,0.0,0.0,142.0,0.0,0.0,2.0,0.0,3.0,0,0,Atypical Angina,Female,<= 120 mg/dl,Normal,No,Flat,Normal,Younger (<55),Month 5,5,0,0.1726,SIMULATED_MONITORING_DATA (EDUCATIONAL_USE_ONLY),PT-M05-0150,True Negative,0,Low Risk (<40%)
72.0,0.0,4.0,120.0,325.0,0.0,0.0,144.0,1.0,1.8,2.0,2.0,3.0,1,1,Asymptomatic,Female,<= 120 mg/dl,Normal,Yes,Flat,Normal,Senior (>=55),Month 5,5,1,0.6595,SIMULATED_MONITORING_DATA (EDUCATIONAL_USE_ONLY),PT-M05-0151,True Positive,0,High Risk (>60%)
78.0,0.0,2.0,182.0,346.0,0.0,0.0,143.0,0.0,0.4,1.0,2.0,3.0,0,0,Atypical Angina,Female,<= 120 mg/dl,Normal,No,Upsloping,Normal,Senior (>=55),Month 5,5,0,0.2318,SIMULATED_MONITORING_DATA (EDUCATIONAL_USE_ONLY),PT-M05-0152,True Negative,0,Low Risk (<40%)
73.0,1.0,3.0,180.0,328.0,0.0,0.0,97.0,1.0,2.9,2.0,1.0,7.0,3,1,Non-Anginal Pain,Male,<= 120 mg/dl,Normal,Yes,Flat,Reversible Defect,Senior (>=55),Month 5,5,1,0.8651,SIMULATED_MONITORING_DATA (EDUCATIONAL_USE_ONLY),PT-M05-0153,True Positive,0,High Risk (>60%)
66.0,1.0,4.0,136.0,357.0,0.0,2.0,148.0,0.0,0.0,1.0,2.0,7.0,1,1,Asymptomatic,Male,<= 120 mg/dl,Left Ventricular Hypertrophy,No,Upsloping,Reversible Defect,Senior (>=55),Month 5,5,1,0.7083,SIMULATED_MONITORING_DATA (EDUCATIONAL_USE_ONLY),PT-M05-0154,True Positive,0,High Risk (>60%)
64.0,1.0,4.0,133.0,311.0,0.0,0.0,87.0,1.0,1.8,2.0,2.0,7.0,1,1,Asymptomatic,Male,<= 120 mg/dl,Normal,Yes,Flat,Reversible Defect,Senior (>=55),Month 5,5,1,0.9387,SIMULATED_MONITORING_DATA (EDUCATIONAL_USE_ONLY),PT-M05-0155,True Positive,0,High Risk (>60%)
62.0,0.0,3.0,141.0,259.0,0.0,2.0,104.0,0.0,0.0,1.0,0.0,3.0,0,0,Non-Anginal Pain,Female,<= 120 mg/dl,Left Ventricular Hypertrophy,No,Upsloping,Normal,Senior (>=55),Month 5,5,0,0.2218,SIMULATED_MONITORING_DATA (EDUCATIONAL_USE_ONLY),PT-M05-0156,True Negative,0,Low Risk (<40%)
75.0,0.0,3.0,142.0,255.0,0.0,2.0,99.0,0.0,1.5,2.0,0.0,3.0,0,0,Non-Anginal Pain,Female,<= 120 mg/dl,Left Ventricular Hypertrophy,No,Flat,Normal,Senior (>=55),Month 5,5,0,0.2564,SIMULATED_MONITORING_DATA (EDUCATIONAL_USE_ONLY),PT-M05-0157,True Negative,0,Low Risk (<40%)
63.0,1.0,2.0,130.0,365.0,0.0,0.0,141.0,0.0,0.0,1.0,0.0,7.0,0,0,Atypical Angina,Male,<= 120 mg/dl,Normal,No,Upsloping,Reversible Defect,Senior (>=55),Month 5,5,0,0.4129,SIMULATED_MONITORING_DATA (EDUCATIONAL_USE_ONLY),PT-M05-0158,True Negative,0,Moderate Risk (40-60%)
62.0,0.0,4.0,167.0,296.0,0.0,2.0,135.0,0.0,2.6,2.0,2.0,7.0,3,1,Asymptomatic,Female,<= 120 mg/dl,Left Ventricular Hypertrophy,No,Flat,Reversible Defect,Senior (>=55),Month 5,5,1,0.915,SIMULATED_MONITORING_DATA (EDUCATIONAL_USE_ONLY),PT-M05-0159,True Positive,0,High Risk (>60%)
61.0,0.0,4.0,155.0,481.0,0.0,2.0,131.0,1.0,1.9,2.0,2.0,7.0,2,1,Asymptomatic,Female,<= 120 mg/dl,Left Ventricular Hypertrophy,Yes,Flat,Reversible Defect,Senior (>=55),Month 5,5,1,0.9483,SIMULATED_MONITORING_DATA (EDUCATIONAL_USE_ONLY),PT-M05-0160,True Positive,0,High Risk (>60%)
67.0,0.0,4.0,163.0,321.0,0.0,2.0,142.0,0.0,3.6,3.0,2.0,3.0,3,1,Asymptomatic,Female,<= 120 mg/dl,Left Ventricular Hypertrophy,No,Downsloping,Normal,Senior (>=55),Month 5,5,1,0.5335,SIMULATED_MONITORING_DATA (EDUCATIONAL_USE_ONLY),PT-M05-0161,True Positive,0,Moderate Risk (40-60%)
62.0,1.0,4.0,154.0,211.0,0.0,0.0,141.0,1.0,0.0,1.0,1.0,7.0,2,1,Asymptomatic,Male,<= 120 mg/dl,Normal,Yes,Upsloping,Reversible Defect,Senior (>=55),Month 5,5,1,0.7408,SIMULATED_MONITORING_DATA (EDUCATIONAL_USE_ONLY),PT-M05-0162,True Positive,0,High Risk (>60%)
46.0,1.0,4.0,126.0,232.0,0.0,2.0,150.0,0.0,0.0,1.0,1.0,3.0,1,1,Asymptomatic,Male,<= 120 mg/dl,Left Ventricular Hypertrophy,No,Upsloping,Normal,Younger (<55),Month 5,5,1,0.5054,SIMULATED_MONITORING_DATA (EDUCATIONAL_USE_ONLY),PT-M05-0163,True Positive,0,Moderate Risk (40-60%)
62.0,1.0,1.0,147.0,234.0,0.0,2.0,145.0,0.0,1.9,2.0,0.0,7.0,0,0,Typical Angina,Male,<= 120 mg/dl,Left Ventricular Hypertrophy,No,Flat,Reversible Defect,Senior (>=55),Month 5,5,1,0.5532,SIMULATED_MONITORING_DATA (EDUCATIONAL_USE_ONLY),PT-M05-0164,False Positive,1,Moderate Risk (40-60%)
69.0,1.0,4.0,151.0,393.0,1.0,1.0,114.0,1.0,1.8,1.0,3.0,7.0,3,1,Asymptomatic,Male,> 120 mg/dl,ST-T Abnormality,Yes,Upsloping,Reversible Defect,Senior (>=55),Month 5,5,1,0.9023,SIMULATED_MONITORING_DATA (EDUCATIONAL_USE_ONLY),PT-M05-0165,True Positive,0,High Risk (>60%)
67.0,1.0,4.0,159.0,213.0,0.0,0.0,145.0,1.0,0.0,1.0,1.0,7.0,2,1,Asymptomatic,Male,<= 120 mg/dl,Normal,Yes,Upsloping,Reversible Defect,Senior (>=55),Month 5,5,1,0.7222,SIMULATED_MONITORING_DATA (EDUCATIONAL_USE_ONLY),PT-M05-0166,True Positive,0,High Risk (>60%)
64.0,1.0,4.0,157.0,344.0,0.0,2.0,146.0,0.0,1.2,2.0,2.0,7.0,2,1,Asymptomatic,Male,<= 120 mg/dl,Left Ventricular Hypertrophy,No,Flat,Reversible Defect,Senior (>=55),Month 5,5,1,0.9263,SIMULATED_MONITORING_DATA (EDUCATIONAL_USE_ONLY),PT-M05-0167,True Positive,0,High Risk (>60%)
62.0,1.0,4.0,165.0,321.0,0.0,0.0,74.0,1.0,1.2,2.0,1.0,7.0,1,1,Asymptomatic,Male,<= 120 mg/dl,Normal,Yes,Flat,Reversible Defect,Senior (>=55),Month 5,5,1,0.9422,SIMULATED_MONITORING_DATA (EDUCATIONAL_USE_ONLY),PT-M05-0168,True Positive,0,High Risk (>60%)
64.0,0.0,4.0,159.0,338.0,1.0,1.0,96.0,0.0,1.9,2.0,3.0,3.0,2,1,Asymptomatic,Female,> 120 mg/dl,ST-T Abnormality,No,Flat,Normal,Senior (>=55),Month 5,5,1,0.646,SIMULATED_MONITORING_DATA (EDUCATIONAL_USE_ONLY),PT-M05-0169,True Positive,0,High Risk (>60%)
63.0,0.0,4.0,154.0,241.0,0.0,1.0,115.0,1.0,2.0,2.0,1.0,7.0,3,1,Asymptomatic,Female,<= 120 mg/dl,ST-T Abnormality,Yes,Flat,Reversible Defect,Senior (>=55),Month 5,5,1,0.938,SIMULATED_MONITORING_DATA (EDUCATIONAL_USE_ONLY),PT-M05-0170,True Positive,0,High Risk (>60%)
55.0,0.0,2.0,134.0,293.0,0.0,0.0,141.0,0.0,1.1,1.0,0.0,3.0,0,0,Atypical Angina,Female,<= 120 mg/dl,Normal,No,Upsloping,Normal,Senior (>=55),Month 5,5,0,0.109,SIMULATED_MONITORING_DATA (EDUCATIONAL_USE_ONLY),PT-M05-0171,True Negative,0,Low Risk (<40%)
54.0,1.0,2.0,118.0,269.0,0.0,0.0,149.0,0.0,1.0,3.0,0.0,7.0,1,1,Atypical Angina,Male,<= 120 mg/dl,Normal,No,Downsloping,Reversible Defect,Younger (<55),Month 5,5,0,0.4885,SIMULATED_MONITORING_DATA (EDUCATIONAL_USE_ONLY),PT-M05-0172,False Negative,1,Moderate Risk (40-60%)
48.0,1.0,2.0,123.0,280.0,0.0,0.0,132.0,0.0,0.0,1.0,0.0,3.0,0,0,Atypical Angina,Male,<= 120 mg/dl,Normal,No,Upsloping,Normal,Younger (<55),Month 5,5,0,0.1668,SIMULATED_MONITORING_DATA (EDUCATIONAL_USE_ONLY),PT-M05-0173,True Negative,0,Low Risk (<40%)
62.0,0.0,3.0,127.0,321.0,0.0,2.0,147.0,0.0,0.0,1.0,0.0,3.0,0,0,Non-Anginal Pain,Female,<= 120 mg/dl,Left Ventricular Hypertrophy,No,Upsloping,Normal,Senior (>=55),Month 5,5,0,0.1755,SIMULATED_MONITORING_DATA (EDUCATIONAL_USE_ONLY),PT-M05-0174,True Negative,0,Low Risk (<40%)
68.0,0.0,3.0,181.0,427.0,0.0,2.0,133.0,0.0,0.8,1.0,0.0,3.0,0,0,Non-Anginal Pain,Female,<= 120 mg/dl,Left Ventricular Hypertrophy,No,Upsloping,Normal,Senior (>=55),Month 5,5,0,0.2247,SIMULATED_MONITORING_DATA (EDUCATIONAL_USE_ONLY),PT-M05-0175,True Negative,0,Low Risk (<40%)
61.0,0.0,4.0,143.0,244.0,0.0,1.0,113.0,1.0,2.0,2.0,1.0,7.0,3,1,Asymptomatic,Female,<= 120 mg/dl,ST-T Abnormality,Yes,Flat,Reversible Defect,Senior (>=55),Month 5,5,1,0.9494,SIMULATED_MONITORING_DATA (EDUCATIONAL_USE_ONLY),PT-M05-0176,True Positive,0,High Risk (>60%)
70.0,1.0,4.0,137.0,202.0,0.0,0.0,121.0,0.0,0.4,1.0,0.0,7.0,0,0,Asymptomatic,Male,<= 120 mg/dl,Normal,No,Upsloping,Reversible Defect,Senior (>=55),Month 5,5,0,0.4516,SIMULATED_MONITORING_DATA (EDUCATIONAL_USE_ONLY),PT-M05-0177,True Negative,0,Moderate Risk (40-60%)
63.0,1.0,2.0,215.0,332.0,0.0,2.0,172.0,0.0,0.0,1.0,1.0,7.0,1,1,Atypical Angina,Male,<= 120 mg/dl,Left Ventricular Hypertrophy,No,Upsloping,Reversible Defect,Senior (>=55),Month 5,5,1,0.603,SIMULATED_MONITORING_DATA (EDUCATIONAL_USE_ONLY),PT-M05-0178,True Positive,0,High Risk (>60%)
67.0,1.0,4.0,140.0,319.0,0.0,0.0,92.0,1.0,0.2,2.0,1.0,7.0,0,0,Asymptomatic,Male,<= 120 mg/dl,Normal,Yes,Flat,Reversible Defect,Senior (>=55),Month 5,5,1,0.7691,SIMULATED_MONITORING_DATA (EDUCATIONAL_USE_ONLY),PT-M05-0179,False Positive,1,High Risk (>60%)
63.0,0.0,4.0,215.0,340.0,1.0,2.0,116.0,1.0,4.0,3.0,2.0,7.0,3,1,Asymptomatic,Female,> 120 mg/dl,Left Ventricular Hypertrophy,Yes,Downsloping,Reversible Defect,Senior (>=55),Month 5,5,1,0.9393,SIMULATED_MONITORING_DATA (EDUCATIONAL_USE_ONLY),PT-M05-0180,True Positive,0,High Risk (>60%)
62.0,1.0,2.0,135.0,293.0,0.0,0.0,146.0,0.0,0.0,3.0,0.0,3.0,0,0,Atypical Angina,Male,<= 120 mg/dl,Normal,No,Downsloping,Normal,Senior (>=55),Month 5,5,0,0.2698,SIMULATED_MONITORING_DATA (EDUCATIONAL_USE_ONLY),PT-M05-0181,True Negative,0,Low Risk (<40%)
63.0,1.0,2.0,139.0,304.0,0.0,1.0,124.0,0.0,0.3,1.0,0.0,7.0,1,1,Atypical Angina,Male,<= 120 mg/dl,ST-T Abnormality,No,Upsloping,Reversible Defect,Senior (>=55),Month 5,5,0,0.4546,SIMULATED_MONITORING_DATA (EDUCATIONAL_USE_ONLY),PT-M05-0182,False Negative,1,Moderate Risk (40-60%)
60.0,1.0,2.0,144.0,310.0,0.0,0.0,135.0,0.0,0.0,1.0,0.0,3.0,0,0,Atypical Angina,Male,<= 120 mg/dl,Normal,No,Upsloping,Normal,Senior (>=55),Month 5,5,0,0.2758,SIMULATED_MONITORING_DATA (EDUCATIONAL_USE_ONLY),PT-M05-0183,True Negative,0,Low Risk (<40%)
59.0,1.0,3.0,129.0,205.0,0.0,2.0,105.0,0.0,0.6,1.0,0.0,3.0,0,0,Non-Anginal Pain,Male,<= 120 mg/dl,Left Ventricular Hypertrophy,No,Upsloping,Normal,Senior (>=55),Month 5,5,0,0.2862,SIMULATED_MONITORING_DATA (EDUCATIONAL_USE_ONLY),PT-M05-0184,True Negative,0,Low Risk (<40%)
70.0,1.0,4.0,143.0,313.0,0.0,0.0,93.0,1.0,0.2,2.0,1.0,7.0,0,0,Asymptomatic,Male,<= 120 mg/dl,Normal,Yes,Flat,Reversible Defect,Senior (>=55),Month 5,5,1,0.7634,SIMULATED_MONITORING_DATA (EDUCATIONAL_USE_ONLY),PT-M05-0185,False Positive,1,High Risk (>60%)
44.0,0.0,3.0,129.0,251.0,0.0,0.0,157.0,0.0,0.0,2.0,0.0,3.0,0,0,Non-Anginal Pain,Female,<= 120 mg/dl,Normal,No,Flat,Normal,Younger (<55),Month 5,5,0,0.0695,SIMULATED_MONITORING_DATA (EDUCATIONAL_USE_ONLY),PT-M05-0186,True Negative,0,Low Risk (<40%)
74.0,1.0,4.0,138.0,273.0,0.0,2.0,112.0,1.0,2.6,2.0,2.0,7.0,1,1,Asymptomatic,Male,<= 120 mg/dl,Left Ventricular Hypertrophy,Yes,Flat,Reversible Defect,Senior (>=55),Month 5,5,1,0.9777,SIMULATED_MONITORING_DATA (EDUCATIONAL_USE_ONLY),PT-M05-0187,True Positive,0,High Risk (>60%)
70.0,1.0,4.0,151.0,395.0,1.0,2.0,121.0,1.0,1.8,1.0,3.0,7.0,3,1,Asymptomatic,Male,> 120 mg/dl,Left Ventricular Hypertrophy,Yes,Upsloping,Reversible Defect,Senior (>=55),Month 5,5,1,0.9151,SIMULATED_MONITORING_DATA (EDUCATIONAL_USE_ONLY),PT-M05-0188,True Positive,0,High Risk (>60%)
64.0,1.0,2.0,134.0,335.0,0.0,2.0,147.0,0.0,1.8,2.0,0.0,3.0,1,1,Atypical Angina,Male,<= 120 mg/dl,Left Ventricular Hypertrophy,No,Flat,Normal,Senior (>=55),Month 5,5,0,0.3939,SIMULATED_MONITORING_DATA (EDUCATIONAL_USE_ONLY),PT-M05-0189,False Negative,1,Low Risk (<40%)
59.0,1.0,4.0,146.0,333.0,1.0,2.0,88.0,1.0,1.6,3.0,0.0,7.0,2,1,Asymptomatic,Male,> 120 mg/dl,Left Ventricular Hypertrophy,Yes,Downsloping,Reversible Defect,Senior (>=55),Month 5,5,1,0.9429,SIMULATED_MONITORING_DATA (EDUCATIONAL_USE_ONLY),PT-M05-0190,True Positive,0,High Risk (>60%)
69.0,1.0,4.0,125.0,241.0,0.0,1.0,116.0,1.0,0.1,1.0,1.0,3.0,2,1,Asymptomatic,Male,<= 120 mg/dl,ST-T Abnormality,Yes,Upsloping,Normal,Senior (>=55),Month 5,5,1,0.6986,SIMULATED_MONITORING_DATA (EDUCATIONAL_USE_ONLY),PT-M05-0191,True Positive,0,High Risk (>60%)
55.0,1.0,4.0,138.0,341.0,0.0,2.0,108.0,1.0,3.2,2.0,2.0,3.0,3,1,Asymptomatic,Male,<= 120 mg/dl,Left Ventricular Hypertrophy,Yes,Flat,Normal,Senior (>=55),Month 5,5,1,0.8605,SIMULATED_MONITORING_DATA (EDUCATIONAL_USE_ONLY),PT-M05-0192,True Positive,0,High Risk (>60%)
63.0,1.0,4.0,193.0,342.0,1.0,2.0,109.0,0.0,1.0,2.0,3.0,7.0,4,1,Asymptomatic,Male,> 120 mg/dl,Left Ventricular Hypertrophy,No,Flat,Reversible Defect,Senior (>=55),Month 5,5,1,0.918,SIMULATED_MONITORING_DATA (EDUCATIONAL_USE_ONLY),PT-M05-0193,True Positive,0,High Risk (>60%)
56.0,0.0,3.0,123.0,315.0,0.0,2.0,147.0,0.0,0.0,1.0,0.0,3.0,0,0,Non-Anginal Pain,Female,<= 120 mg/dl,Left Ventricular Hypertrophy,No,Upsloping,Normal,Senior (>=55),Month 5,5,0,0.0957,SIMULATED_MONITORING_DATA (EDUCATIONAL_USE_ONLY),PT-M05-0194,True Negative,0,Low Risk (<40%)
69.0,1.0,4.0,186.0,337.0,0.0,1.0,90.0,1.0,1.5,2.0,3.0,3.0,2,1,Asymptomatic,Male,<= 120 mg/dl,ST-T Abnormality,Yes,Flat,Normal,Senior (>=55),Month 5,5,1,0.8694,SIMULATED_MONITORING_DATA (EDUCATIONAL_USE_ONLY),PT-M05-0195,True Positive,0,High Risk (>60%)
59.0,1.0,3.0,103.0,268.0,0.0,0.0,134.0,1.0,0.0,1.0,1.0,7.0,0,0,Non-Anginal Pain,Male,<= 120 mg/dl,Normal,Yes,Upsloping,Reversible Defect,Senior (>=55),Month 5,5,1,0.5807,SIMULATED_MONITORING_DATA (EDUCATIONAL_USE_ONLY),PT-M05-0196,False Positive,1,Moderate Risk (40-60%)
57.0,0.0,3.0,135.0,257.0,0.0,0.0,141.0,0.0,1.6,2.0,0.0,3.0,0,0,Non-Anginal Pain,Female,<= 120 mg/dl,Normal,No,Flat,Normal,Senior (>=55),Month 5,5,0,0.1647,SIMULATED_MONITORING_DATA (EDUCATIONAL_USE_ONLY),PT-M05-0197,True Negative,0,Low Risk (<40%)
63.0,1.0,1.0,186.0,319.0,0.0,2.0,117.0,0.0,0.0,1.0,0.0,3.0,1,1,Typical Angina,Male,<= 120 mg/dl,Left Ventricular Hypertrophy,No,Upsloping,Normal,Senior (>=55),Month 5,5,0,0.3904,SIMULATED_MONITORING_DATA (EDUCATIONAL_USE_ONLY),PT-M05-0198,False Negative,1,Low Risk (<40%)
46.0,1.0,4.0,122.0,204.0,0.0,2.0,138.0,0.0,0.0,1.0,0.0,7.0,1,1,Asymptomatic,Male,<= 120 mg/dl,Left Ventricular Hypertrophy,No,Upsloping,Reversible Defect,Younger (<55),Month 5,5,1,0.5495,SIMULATED_MONITORING_DATA (EDUCATIONAL_USE_ONLY),PT-M05-0199,True Positive,0,Moderate Risk (40-60%)
57.0,1.0,2.0,145.0,310.0,0.0,1.0,119.0,0.0,0.3,1.0,0.0,7.0,1,1,Atypical Angina,Male,<= 120 mg/dl,ST-T Abnormality,No,Upsloping,Reversible Defect,Senior (>=55),Month 5,5,0,0.456,SIMULATED_MONITORING_DATA (EDUCATIONAL_USE_ONLY),PT-M05-0200,False Negative,1,Moderate Risk (40-60%)
53.0,1.0,4.0,134.0,290.0,0.0,2.0,123.0,0.0,0.8,1.0,0.0,7.0,1,1,Asymptomatic,Male,<= 120 mg/dl,Left Ventricular Hypertrophy,No,Upsloping,Reversible Defect,Younger (<55),Month 5,5,1,0.7386,SIMULATED_MONITORING_DATA (EDUCATIONAL_USE_ONLY),PT-M05-0201,True Positive,0,High Risk (>60%)
62.0,0.0,4.0,193.0,263.0,1.0,2.0,128.0,1.0,2.8,2.0,2.0,6.0,2,1,Asymptomatic,Female,> 120 mg/dl,Left Ventricular Hypertrophy,Yes,Flat,Fixed Defect,Senior (>=55),Month 5,5,1,0.8584,SIMULATED_MONITORING_DATA (EDUCATIONAL_USE_ONLY),PT-M05-0202,True Positive,0,High Risk (>60%)
47.0,0.0,2.0,126.0,233.0,0.0,0.0,151.0,0.0,0.0,1.0,1.0,3.0,0,0,Atypical Angina,Female,<= 120 mg/dl,Normal,No,Upsloping,Normal,Younger (<55),Month 5,5,0,0.1645,SIMULATED_MONITORING_DATA (EDUCATIONAL_USE_ONLY),PT-M05-0203,True Negative,0,Low Risk (<40%)
63.0,0.0,4.0,121.0,317.0,0.0,0.0,151.0,1.0,1.8,2.0,2.0,3.0,1,1,Asymptomatic,Female,<= 120 mg/dl,Normal,Yes,Flat,Normal,Senior (>=55),Month 5,5,1,0.6905,SIMULATED_MONITORING_DATA (EDUCATIONAL_USE_ONLY),PT-M05-0204,True Positive,0,High Risk (>60%)
65.0,1.0,4.0,143.0,353.0,0.0,2.0,152.0,0.0,0.0,1.0,2.0,7.0,1,1,Asymptomatic,Male,<= 120 mg/dl,Left Ventricular Hypertrophy,No,Upsloping,Reversible Defect,Senior (>=55),Month 5,5,1,0.7226,SIMULATED_MONITORING_DATA (EDUCATIONAL_USE_ONLY),PT-M05-0205,True Positive,0,High Risk (>60%)
58.0,0.0,2.0,153.0,407.0,0.0,1.0,150.0,0.0,1.2,1.0,0.0,3.0,0,0,Atypical Angina,Female,<= 120 mg/dl,ST-T Abnormality,No,Upsloping,Normal,Senior (>=55),Month 5,5,0,0.2064,SIMULATED_MONITORING_DATA (EDUCATIONAL_USE_ONLY),PT-M05-0206,True Negative,0,Low Risk (<40%)
61.0,0.0,4.0,199.0,286.0,0.0,0.0,124.0,1.0,0.0,2.0,0.0,3.0,1,1,Asymptomatic,Female,<= 120 mg/dl,Normal,Yes,Flat,Normal,Senior (>=55),Month 5,5,1,0.5215,SIMULATED_MONITORING_DATA (EDUCATIONAL_USE_ONLY),PT-M05-0207,True Positive,0,Moderate Risk (40-60%)
61.0,1.0,4.0,172.0,318.0,0.0,2.0,99.0,1.0,0.6,2.0,1.0,6.0,1,1,Asymptomatic,Male,<= 120 mg/dl,Left Ventricular Hypertrophy,Yes,Flat,Fixed Defect,Senior (>=55),Month 5,5,1,0.8971,SIMULATED_MONITORING_DATA (EDUCATIONAL_USE_ONLY),PT-M05-0208,True Positive,0,High Risk (>60%)
55.0,1.0,4.0,159.0,353.0,0.0,0.0,106.0,1.0,4.2,2.0,3.0,7.0,3,1,Asymptomatic,Male,<= 120 mg/dl,Normal,Yes,Flat,Reversible Defect,Senior (>=55),Month 5,5,1,0.9435,SIMULATED_MONITORING_DATA (EDUCATIONAL_USE_ONLY),PT-M05-0209,True Positive,0,High Risk (>60%)
72.0,1.0,4.0,149.0,297.0,0.0,2.0,111.0,0.0,2.8,2.0,1.0,7.0,2,1,Asymptomatic,Male,<= 120 mg/dl,Left Ventricular Hypertrophy,No,Flat,Reversible Defect,Senior (>=55),Month 5,5,1,0.9329,SIMULATED_MONITORING_DATA (EDUCATIONAL_USE_ONLY),PT-M05-0210,True Positive,0,High Risk (>60%)
64.0,1.0,4.0,161.0,350.0,0.0,2.0,147.0,0.0,1.2,2.0,2.0,7.0,2,1,Asymptomatic,Male,<= 120 mg/dl,Left Ventricular Hypertrophy,No,Flat,Reversible Defect,Senior (>=55),Month 5,5,1,0.912,SIMULATED_MONITORING_DATA (EDUCATIONAL_USE_ONLY),PT-M05-0211,True Positive,0,High Risk (>60%)
66.0,1.0,3.0,117.0,289.0,0.0,2.0,134.0,1.0,0.6,2.0,0.0,7.0,0,0,Non-Anginal Pain,Male,<= 120 mg/dl,Left Ventricular Hypertrophy,Yes,Flat,Reversible Defect,Senior (>=55),Month 5,5,1,0.6911,SIMULATED_MONITORING_DATA (EDUCATIONAL_USE_ONLY),PT-M05-0212,False Positive,1,High Risk (>60%)
60.0,0.0,3.0,129.0,254.0,0.0,2.0,139.0,0.0,1.6,2.0,0.0,3.0,0,0,Non-Anginal Pain,Female,<= 120 mg/dl,Left Ventricular Hypertrophy,No,Flat,Normal,Senior (>=55),Month 5,5,0,0.1833,SIMULATED_MONITORING_DATA (EDUCATIONAL_USE_ONLY),PT-M05-0213,True Negative,0,Low Risk (<40%)
64.0,1.0,4.0,194.0,336.0,1.0,2.0,108.0,0.0,1.0,2.0,3.0,7.0,4,1,Asymptomatic,Male,> 120 mg/dl,Left Ventricular Hypertrophy,No,Flat,Reversible Defect,Senior (>=55),Month 5,5,1,0.9129,SIMULATED_MONITORING_DATA (EDUCATIONAL_USE_ONLY),PT-M05-0214,True Positive,0,High Risk (>60%)
62.0,1.0,4.0,118.0,401.0,0.0,1.0,125.0,1.0,3.0,2.0,1.0,7.0,2,1,Asymptomatic,Male,<= 120 mg/dl,ST-T Abnormality,Yes,Flat,Reversible Defect,Senior (>=55),Month 5,5,1,0.9732,SIMULATED_MONITORING_DATA (EDUCATIONAL_USE_ONLY),PT-M05-0215,True Positive,0,High Risk (>60%)
69.0,1.0,4.0,142.0,308.0,0.0,0.0,124.0,1.0,3.6,2.0,1.0,7.0,2,1,Asymptomatic,Male,<= 120 mg/dl,Normal,Yes,Flat,Reversible Defect,Senior (>=55),Month 5,5,1,0.9506,SIMULATED_MONITORING_DATA (EDUCATIONAL_USE_ONLY),PT-M05-0216,True Positive,0,High Risk (>60%)
48.0,1.0,1.0,124.0,304.0,0.0,2.0,120.0,0.0,1.2,2.0,0.0,7.0,1,1,Typical Angina,Male,<= 120 mg/dl,Left Ventricular Hypertrophy,No,Flat,Reversible Defect,Younger (<55),Month 5,5,1,0.5844,SIMULATED_MONITORING_DATA (EDUCATIONAL_USE_ONLY),PT-M05-0217,True Positive,0,Moderate Risk (40-60%)
64.0,1.0,1.0,193.0,333.0,0.0,2.0,144.0,0.0,0.2,2.0,0.0,7.0,1,1,Typical Angina,Male,<= 120 mg/dl,Left Ventricular Hypertrophy,No,Flat,Reversible Defect,Senior (>=55),Month 5,5,1,0.5334,SIMULATED_MONITORING_DATA (EDUCATIONAL_USE_ONLY),PT-M05-0218,True Positive,0,Moderate Risk (40-60%)
63.0,1.0,1.0,190.0,347.0,0.0,2.0,142.0,0.0,0.2,2.0,0.0,7.0,1,1,Typical Angina,Male,<= 120 mg/dl,Left Ventricular Hypertrophy,No,Flat,Reversible Defect,Senior (>=55),Month 5,5,1,0.5425,SIMULATED_MONITORING_DATA (EDUCATIONAL_USE_ONLY),PT-M05-0219,True Positive,0,Moderate Risk (40-60%)
69.0,0.0,4.0,166.0,369.0,0.0,2.0,125.0,1.0,1.0,2.0,0.0,7.0,1,1,Asymptomatic,Female,<= 120 mg/dl,Left Ventricular Hypertrophy,Yes,Flat,Reversible Defect,Senior (>=55),Month 5,5,1,0.88,SIMULATED_MONITORING_DATA (EDUCATIONAL_USE_ONLY),PT-M05-0220,True Positive,0,High Risk (>60%)
75.0,0.0,3.0,131.0,560.0,0.0,2.0,140.0,0.0,1.6,2.0,0.0,7.0,0,0,Non-Anginal Pain,Female,<= 120 mg/dl,Left Ventricular Hypertrophy,No,Flat,Reversible Defect,Senior (>=55),Month 5,5,1,0.5571,SIMULATED_MONITORING_DATA (EDUCATIONAL_USE_ONLY),PT-M05-0221,False Positive,1,Moderate Risk (40-60%)
70.0,0.0,4.0,175.0,259.0,0.0,2.0,99.0,0.0,1.0,2.0,3.0,7.0,4,1,Asymptomatic,Female,<= 120 mg/dl,Left Ventricular Hypertrophy,No,Flat,Reversible Defect,Senior (>=55),Month 5,5,1,0.8736,SIMULATED_MONITORING_DATA (EDUCATIONAL_USE_ONLY),PT-M05-0222,True Positive,0,High Risk (>60%)
46.0,1.0,4.0,122.0,238.0,0.0,2.0,154.0,0.0,0.0,1.0,1.0,3.0,1,1,Asymptomatic,Male,<= 120 mg/dl,Left Ventricular Hypertrophy,No,Upsloping,Normal,Younger (<55),Month 5,5,1,0.5075,SIMULATED_MONITORING_DATA (EDUCATIONAL_USE_ONLY),PT-M05-0223,True Positive,0,Moderate Risk (40-60%)
49.0,0.0,3.0,146.0,251.0,0.0,0.0,146.0,0.0,0.2,2.0,0.0,3.0,0,0,Non-Anginal Pain,Female,<= 120 mg/dl,Normal,No,Flat,Normal,Younger (<55),Month 5,5,0,0.0989,SIMULATED_MONITORING_DATA (EDUCATIONAL_USE_ONLY),PT-M05-0224,True Negative,0,Low Risk (<40%)
61.0,1.0,1.0,155.0,244.0,0.0,0.0,138.0,0.0,0.8,1.0,2.0,3.0,1,1,Typical Angina,Male,<= 120 mg/dl,Normal,No,Upsloping,Normal,Senior (>=55),Month 5,5,0,0.4227,SIMULATED_MONITORING_DATA (EDUCATIONAL_USE_ONLY),PT-M05-0225,False Negative,1,Moderate Risk (40-60%)
53.0,0.0,4.0,158.0,278.0,0.0,2.0,139.0,1.0,0.2,2.0,0.0,3.0,0,0,Asymptomatic,Female,<= 120 mg/dl,Left Ventricular Hypertrophy,Yes,Flat,Normal,Younger (<55),Month 5,5,0,0.4545,SIMULATED_MONITORING_DATA (EDUCATIONAL_USE_ONLY),PT-M05-0226,True Negative,0,Moderate Risk (40-60%)
72.0,1.0,3.0,204.0,327.0,1.0,2.0,136.0,1.0,1.6,2.0,0.0,7.0,3,1,Non-Anginal Pain,Male,> 120 mg/dl,Left Ventricular Hypertrophy,Yes,Flat,Reversible Defect,Senior (>=55),Month 5,5,1,0.8153,SIMULATED_MONITORING_DATA (EDUCATIONAL_USE_ONLY),PT-M05-0227,True Positive,0,High Risk (>60%)
71.0,1.0,4.0,181.0,269.0,0.0,2.0,123.0,0.0,2.3,1.0,0.0,6.0,0,0,Asymptomatic,Male,<= 120 mg/dl,Left Ventricular Hypertrophy,No,Upsloping,Fixed Defect,Senior (>=55),Month 5,5,1,0.634,SIMULATED_MONITORING_DATA (EDUCATIONAL_USE_ONLY),PT-M05-0228,False Positive,1,High Risk (>60%)
58.0,1.0,3.0,142.0,320.0,0.0,2.0,134.0,0.0,0.5,3.0,1.0,3.0,0,0,Non-Anginal Pain,Male,<= 120 mg/dl,Left Ventricular Hypertrophy,No,Downsloping,Normal,Senior (>=55),Month 5,5,0,0.41,SIMULATED_MONITORING_DATA (EDUCATIONAL_USE_ONLY),PT-M05-0229,True Negative,0,Moderate Risk (40-60%)
66.0,1.0,4.0,160.0,226.0,0.0,1.0,130.0,1.0,4.0,1.0,2.0,7.0,2,1,Asymptomatic,Male,<= 120 mg/dl,ST-T Abnormality,Yes,Upsloping,Reversible Defect,Senior (>=55),Month 5,5,1,0.9035,SIMULATED_MONITORING_DATA (EDUCATIONAL_USE_ONLY),PT-M05-0230,True Positive,0,High Risk (>60%)
61.0,1.0,4.0,182.0,342.0,0.0,2.0,130.0,1.0,0.8,2.0,1.0,7.0,4,1,Asymptomatic,Male,<= 120 mg/dl,Left Ventricular Hypertrophy,Yes,Flat,Reversible Defect,Senior (>=55),Month 5,5,1,0.972,SIMULATED_MONITORING_DATA (EDUCATIONAL_USE_ONLY),PT-M05-0231,True Positive,0,High Risk (>60%)
60.0,1.0,2.0,146.0,312.0,0.0,0.0,140.0,0.0,0.0,1.0,0.0,3.0,0,0,Atypical Angina,Male,<= 120 mg/dl,Normal,No,Upsloping,Normal,Senior (>=55),Month 5,5,0,0.2753,SIMULATED_MONITORING_DATA (EDUCATIONAL_USE_ONLY),PT-M05-0232,True Negative,0,Low Risk (<40%)
60.0,0.0,2.0,155.0,296.0,0.0,2.0,142.0,0.0,1.4,2.0,0.0,3.0,0,0,Atypical Angina,Female,<= 120 mg/dl,Left Ventricular Hypertrophy,No,Flat,Normal,Senior (>=55),Month 5,5,0,0.2474,SIMULATED_MONITORING_DATA (EDUCATIONAL_USE_ONLY),PT-M05-0233,True Negative,0,Low Risk (<40%)
62.0,1.0,4.0,190.0,382.0,0.0,2.0,129.0,1.0,3.4,3.0,0.0,7.0,2,1,Asymptomatic,Male,<= 120 mg/dl,Left Ventricular Hypertrophy,Yes,Downsloping,Reversible Defect,Senior (>=55),Month 5,5,1,0.9435,SIMULATED_MONITORING_DATA (EDUCATIONAL_USE_ONLY),PT-M05-0234,True Positive,0,High Risk (>60%)
52.0,1.0,4.0,163.0,373.0,0.0,2.0,133.0,1.0,0.0,2.0,3.0,7.0,3,1,Asymptomatic,Male,<= 120 mg/dl,Left Ventricular Hypertrophy,Yes,Flat,Reversible Defect,Younger (<55),Month 5,5,1,0.8627,SIMULATED_MONITORING_DATA (EDUCATIONAL_USE_ONLY),PT-M05-0235,True Positive,0,High Risk (>60%)
69.0,0.0,4.0,159.0,318.0,0.0,1.0,142.0,0.0,3.6,3.0,2.0,3.0,3,1,Asymptomatic,Female,<= 120 mg/dl,ST-T Abnormality,No,Downsloping,Normal,Senior (>=55),Month 5,5,1,0.5085,SIMULATED_MONITORING_DATA (EDUCATIONAL_USE_ONLY),PT-M05-0236,True Positive,0,Moderate Risk (40-60%)
68.0,1.0,4.0,162.0,219.0,0.0,2.0,130.0,1.0,4.0,1.0,2.0,7.0,2,1,Asymptomatic,Male,<= 120 mg/dl,Left Ventricular Hypertrophy,Yes,Upsloping,Reversible Defect,Senior (>=55),Month 5,5,1,0.9237,SIMULATED_MONITORING_DATA (EDUCATIONAL_USE_ONLY),PT-M05-0237,True Positive,0,High Risk (>60%)
71.0,1.0,4.0,152.0,306.0,0.0,2.0,128.0,0.0,1.4,2.0,1.0,7.0,2,1,Asymptomatic,Male,<= 120 mg/dl,Left Ventricular Hypertrophy,No,Flat,Reversible Defect,Senior (>=55),Month 5,5,1,0.9112,SIMULATED_MONITORING_DATA (EDUCATIONAL_USE_ONLY),PT-M05-0238,True Positive,0,High Risk (>60%)
64.0,1.0,4.0,158.0,270.0,0.0,0.0,138.0,0.0,0.5,2.0,0.0,7.0,0,0,Asymptomatic,Male,<= 120 mg/dl,Normal,No,Flat,Reversible Defect,Senior (>=55),Month 5,5,1,0.6357,SIMULATED_MONITORING_DATA (EDUCATIONAL_USE_ONLY),PT-M05-0239,False Positive,1,High Risk (>60%)
59.0,1.0,4.0,144.0,261.0,0.0,0.0,149.0,0.0,1.0,1.0,2.0,7.0,3,1,Asymptomatic,Male,<= 120 mg/dl,Normal,No,Upsloping,Reversible Defect,Senior (>=55),Month 5,5,1,0.7975,SIMULATED_MONITORING_DATA (EDUCATIONAL_USE_ONLY),PT-M05-0240,True Positive,0,High Risk (>60%)
57.0,0.0,2.0,152.0,403.0,0.0,0.0,146.0,0.0,1.2,1.0,0.0,3.0,0,0,Atypical Angina,Female,<= 120 mg/dl,Normal,No,Upsloping,Normal,Senior (>=55),Month 5,5,0,0.191,SIMULATED_MONITORING_DATA (EDUCATIONAL_USE_ONLY),PT-M05-0241,True Negative,0,Low Risk (<40%)
66.0,1.0,4.0,164.0,326.0,0.0,2.0,124.0,1.0,2.8,2.0,2.0,7.0,2,1,Asymptomatic,Male,<= 120 mg/dl,Left Ventricular Hypertrophy,Yes,Flat,Reversible Defect,Senior (>=55),Month 5,5,1,0.9815,SIMULATED_MONITORING_DATA (EDUCATIONAL_USE_ONLY),PT-M05-0242,True Positive,0,High Risk (>60%)
71.0,0.0,3.0,176.0,336.0,0.0,1.0,155.0,0.0,0.0,1.0,1.0,3.0,0,0,Non-Anginal Pain,Female,<= 120 mg/dl,ST-T Abnormality,No,Upsloping,Normal,Senior (>=55),Month 5,5,0,0.189,SIMULATED_MONITORING_DATA (EDUCATIONAL_USE_ONLY),PT-M05-0243,True Negative,0,Low Risk (<40%)
67.0,0.0,3.0,151.0,308.0,0.0,0.0,86.0,0.0,1.2,2.0,1.0,7.0,2,1,Non-Anginal Pain,Female,<= 120 mg/dl,Normal,No,Flat,Reversible Defect,Senior (>=55),Month 5,5,1,0.7007,SIMULATED_MONITORING_DATA (EDUCATIONAL_USE_ONLY),PT-M05-0244,True Positive,0,High Risk (>60%)
62.0,1.0,4.0,165.0,327.0,0.0,1.0,99.0,1.0,0.6,2.0,1.0,6.0,1,1,Asymptomatic,Male,<= 120 mg/dl,ST-T Abnormality,Yes,Flat,Fixed Defect,Senior (>=55),Month 5,5,1,0.8757,SIMULATED_MONITORING_DATA (EDUCATIONAL_USE_ONLY),PT-M05-0245,True Positive,0,High Risk (>60%)
55.0,0.0,4.0,127.0,303.0,0.0,2.0,139.0,0.0,0.0,1.0,0.0,3.0,0,0,Asymptomatic,Female,<= 120 mg/dl,Left Ventricular Hypertrophy,No,Upsloping,Normal,Senior (>=55),Month 5,5,0,0.1923,SIMULATED_MONITORING_DATA (EDUCATIONAL_USE_ONLY),PT-M05-0246,True Negative,0,Low Risk (<40%)
51.0,1.0,1.0,131.0,317.0,0.0,1.0,119.0,0.0,1.2,2.0,0.0,7.0,1,1,Typical Angina,Male,<= 120 mg/dl,ST-T Abnormality,No,Flat,Reversible Defect,Younger (<55),Month 5,5,1,0.603,SIMULATED_MONITORING_DATA (EDUCATIONAL_USE_ONLY),PT-M05-0247,True Positive,0,High Risk (>60%)
33.0,1.0,2.0,147.0,242.0,0.0,2.0,180.0,0.0,0.0,1.0,0.0,3.0,0,0,Atypical Angina,Male,<= 120 mg/dl,Left Ventricular Hypertrophy,No,Upsloping,Normal,Younger (<55),Month 5,5,0,0.114,SIMULATED_MONITORING_DATA (EDUCATIONAL_USE_ONLY),PT-M05-0248,True Negative,0,Low Risk (<40%)
64.0,1.0,3.0,125.0,268.0,0.0,2.0,148.0,0.0,2.5,2.0,1.0,7.0,4,1,Non-Anginal Pain,Male,<= 120 mg/dl,Left Ventricular Hypertrophy,No,Flat,Reversible Defect,Senior (>=55),Month 5,5,1,0.8143,SIMULATED_MONITORING_DATA (EDUCATIONAL_USE_ONLY),PT-M05-0249,True Positive,0,High Risk (>60%)
60.0,1.0,4.0,158.0,241.0,1.0,2.0,135.0,1.0,3.1,3.0,0.0,7.0,1,1,Asymptomatic,Male,> 120 mg/dl,Left Ventricular Hypertrophy,Yes,Downsloping,Reversible Defect,Senior (>=55),Month 5,5,1,0.9446,SIMULATED_MONITORING_DATA (EDUCATIONAL_USE_ONLY),PT-M05-0250,True Positive,0,High Risk (>60%)
