age,sex,cp,trestbps,chol,fbs,restecg,thalach,exang,oldpeak,slope,ca,thal,num,target,cp_desc,sex_desc,fbs_desc,restecg_desc,exang_desc,slope_desc,thal_desc,age_group,time_period,month_index,patient_id,data_origin
42,0,3,121,206,0.0,0,173,0.0,0.0,2.0,0.0,3.0,0,0,Non-Anginal Pain,Female,<= 120 mg/dl,Normal,No,Flat,Normal,Younger (<55),Month 1,1,PT-M01-0001,SIMULATED_MONITORING_DATA (EDUCATIONAL_USE_ONLY)
39,0,3,138,222,0.0,0,152,0.0,0.0,2.0,0.0,3.0,0,0,Non-Anginal Pain,Female,<= 120 mg/dl,Normal,No,Flat,Normal,Younger (<55),Month 1,1,PT-M01-0002,SIMULATED_MONITORING_DATA (EDUCATIONAL_USE_ONLY)
54,1,3,126,277,0.0,2,152,0.0,0.5,3.0,1.0,3.0,0,0,Non-Anginal Pain,Male,<= 120 mg/dl,Left Ventricular Hypertrophy,No,Downsloping,Normal,Younger (<55),Month 1,1,PT-M01-0003,SIMULATED_MONITORING_DATA (EDUCATIONAL_USE_ONLY)
48,1,2,112,231,0.0,0,168,0.0,1.0,3.0,0.0,7.0,1,1,Atypical Angina,Male,<= 120 mg/dl,Normal,No,Downsloping,Reversible Defect,Younger (<55),Month 1,1,PT-M01-0004,SIMULATED_MONITORING_DATA (EDUCATIONAL_USE_ONLY)
47,1,3,108,240,0.0,0,152,0.0,0.0,1.0,0.0,3.0,1,1,Non-Anginal Pain,Male,<= 120 mg/dl,Normal,No,Upsloping,Normal,Younger (<55),Month 1,1,PT-M01-0005,SIMULATED_MONITORING_DATA (EDUCATIONAL_USE_ONLY)
66,1,2,160,245,0.0,0,120,1.0,0.0,2.0,3.0,6.0,2,1,Atypical Angina,Male,<= 120 mg/dl,Normal,Yes,Flat,Fixed Defect,Senior (>=55),Month 1,1,PT-M01-0006,SIMULATED_MONITORING_DATA (EDUCATIONAL_USE_ONLY)
55,0,2,134,345,0.0,0,166,0.0,1.2,1.0,0.0,3.0,0,0,Atypical Angina,Female,<= 120 mg/dl,Normal,No,Upsloping,Normal,Senior (>=55),Month 1,1,PT-M01-0007,SIMULATED_MONITORING_DATA (EDUCATIONAL_USE_ONLY)
51,0,3,131,255,0.0,2,149,0.0,0.5,1.0,0.0,3.0,0,0,Non-Anginal Pain,Female,<= 120 mg/dl,Left Ventricular Hypertrophy,No,Upsloping,Normal,Younger (<55),Month 1,1,PT-M01-0008,SIMULATED_MONITORING_DATA (EDUCATIONAL_USE_ONLY)
44,1,3,129,234,0.0,0,179,1.0,0.4,1.0,0.0,3.0,0,0,Non-Anginal Pain,Male,<= 120 mg/dl,Normal,Yes,Upsloping,Normal,Younger (<55),Month 1,1,PT-M01-0009,SIMULATED_MONITORING_DATA (EDUCATIONAL_USE_ONLY)
68,0,3,121,213,0.0,2,115,0.0,1.5,2.0,0.0,3.0,0,0,Non-Anginal Pain,Female,<= 120 mg/dl,Left Ventricular Hypertrophy,No,Flat,Normal,Senior (>=55),Month 1,1,PT-M01-0010,SIMULATED_MONITORING_DATA (EDUCATIONAL_USE_ONLY)
67,0,3,151,275,0.0,0,172,0.0,0.0,1.0,1.0,3.0,0,0,Non-Anginal Pain,Female,<= 120 mg/dl,Normal,No,Upsloping,Normal,Senior (>=55),Month 1,1,PT-M01-0011,SIMULATED_MONITORING_DATA (EDUCATIONAL_USE_ONLY)
29,1,2,129,204,0.0,2,202,0.0,0.0,1.0,0.0,3.0,0,0,Atypical Angina,Male,<= 120 mg/dl,Left Ventricular Hypertrophy,No,Upsloping,Normal,Younger (<55),Month 1,1,PT-M01-0012,SIMULATED_MONITORING_DATA (EDUCATIONAL_USE_ONLY)
44,1,4,120,163,0.0,0,144,1.0,2.8,3.0,0.0,6.0,2,1,Asymptomatic,Male,<= 120 mg/dl,Normal,Yes,Downsloping,Fixed Defect,Younger (<55),Month 1,1,PT-M01-0013,SIMULATED_MONITORING_DATA (EDUCATIONAL_USE_ONLY)
41,1,2,107,233,0.0,0,153,0.0,0.0,1.0,0.0,3.0,0,0,Atypical Angina,Male,<= 120 mg/dl,Normal,No,Upsloping,Normal,Younger (<55),Month 1,1,PT-M01-0014,SIMULATED_MONITORING_DATA (EDUCATIONAL_USE_ONLY)
43,1,4,107,210,0.0,0,161,0.0,0.0,1.0,0.0,7.0,0,0,Asymptomatic,Male,<= 120 mg/dl,Normal,No,Upsloping,Reversible Defect,Younger (<55),Month 1,1,PT-M01-0015,SIMULATED_MONITORING_DATA (EDUCATIONAL_USE_ONLY)
46,0,2,104,202,0.0,0,172,0.0,0.0,1.0,0.0,3.0,0,0,Atypical Angina,Female,<= 120 mg/dl,Normal,No,Upsloping,Normal,Younger (<55),Month 1,1,PT-M01-0016,SIMULATED_MONITORING_DATA (EDUCATIONAL_USE_ONLY)
64,1,4,126,266,0.0,0,105,1.0,0.2,2.0,1.0,7.0,0,0,Asymptomatic,Male,<= 120 mg/dl,Normal,Yes,Flat,Reversible Defect,Senior (>=55),Month 1,1,PT-M01-0017,SIMULATED_MONITORING_DATA (EDUCATIONAL_USE_ONLY)
57,1,4,152,271,0.0,0,88,1.0,1.2,2.0,1.0,7.0,1,1,Asymptomatic,Male,<= 120 mg/dl,Normal,Yes,Flat,Reversible Defect,Senior (>=55),Month 1,1,PT-M01-0018,SIMULATED_MONITORING_DATA (EDUCATIONAL_USE_ONLY)
64,1,3,139,334,0.0,0,158,0.0,0.0,1.0,0.0,3.0,1,1,Non-Anginal Pain,Male,<= 120 mg/dl,Normal,No,Upsloping,Normal,Senior (>=55),Month 1,1,PT-M01-0019,SIMULATED_MONITORING_DATA (EDUCATIONAL_USE_ONLY)
57,1,3,148,126,1.0,0,173,0.0,0.2,1.0,1.0,7.0,0,0,Non-Anginal Pain,Male,> 120 mg/dl,Normal,No,Upsloping,Reversible Defect,Senior (>=55),Month 1,1,PT-M01-0020,SIMULATED_MONITORING_DATA (EDUCATIONAL_USE_ONLY)
65,1,4,112,251,0.0,2,158,0.0,0.6,1.0,2.0,6.0,1,1,Asymptomatic,Male,<= 120 mg/dl,Left Ventricular Hypertrophy,No,Upsloping,Fixed Defect,Senior (>=55),Month 1,1,PT-M01-0021,SIMULATED_MONITORING_DATA (EDUCATIONAL_USE_ONLY)
43,1,4,150,244,0.0,0,171,0.0,1.5,1.0,0.0,3.0,0,0,Asymptomatic,Male,<= 120 mg/dl,Normal,No,Upsloping,Normal,Younger (<55),Month 1,1,PT-M01-0022,SIMULATED_MONITORING_DATA (EDUCATIONAL_USE_ONLY)
65,1,4,110,250,0.0,2,158,0.0,0.6,1.0,2.0,6.0,1,1,Asymptomatic,Male,<= 120 mg/dl,Left Ventricular Hypertrophy,No,Upsloping,Fixed Defect,Senior (>=55),Month 1,1,PT-M01-0023,SIMULATED_MONITORING_DATA (EDUCATIONAL_USE_ONLY)
55,0,2,133,250,0.0,2,161,0.0,1.4,2.0,0.0,3.0,0,0,Atypical Angina,Female,<= 120 mg/dl,Left Ventricular Hypertrophy,No,Flat,Normal,Senior (>=55),Month 1,1,PT-M01-0024,SIMULATED_MONITORING_DATA (EDUCATIONAL_USE_ONLY)
52,1,2,119,323,0.0,0,172,0.0,0.2,1.0,0.0,3.0,0,0,Atypical Angina,Male,<= 120 mg/dl,Normal,No,Upsloping,Normal,Younger (<55),Month 1,1,PT-M01-0025,SIMULATED_MONITORING_DATA (EDUCATIONAL_USE_ONLY)
49,1,3,120,189,0.0,0,139,0.0,2.0,2.0,3.0,7.0,3,1,Non-Anginal Pain,Male,<= 120 mg/dl,Normal,No,Flat,Reversible Defect,Younger (<55),Month 1,1,PT-M01-0026,SIMULATED_MONITORING_DATA (EDUCATIONAL_USE_ONLY)
56,0,4,132,409,0.0,2,150,1.0,1.9,2.0,2.0,7.0,2,1,Asymptomatic,Female,<= 120 mg/dl,Left Ventricular Hypertrophy,Yes,Flat,Reversible Defect,Senior (>=55),Month 1,1,PT-M01-0027,SIMULATED_MONITORING_DATA (EDUCATIONAL_USE_ONLY)
57,1,2,125,260,0.0,0,141,0.0,0.3,1.0,0.0,7.0,1,1,Atypical Angina,Male,<= 120 mg/dl,Normal,No,Upsloping,Reversible Defect,Senior (>=55),Month 1,1,PT-M01-0028,SIMULATED_MONITORING_DATA (EDUCATIONAL_USE_ONLY)
45,0,2,111,160,0.0,0,138,0.0,0.0,2.0,0.0,3.0,0,0,Atypical Angina,Female,<= 120 mg/dl,Normal,No,Flat,Normal,Younger (<55),Month 1,1,PT-M01-0029,SIMULATED_MONITORING_DATA (EDUCATIONAL_USE_ONLY)
63,1,4,130,329,1.0,2,132,1.0,1.8,1.0,3.0,7.0,3,1,Asymptomatic,Male,> 120 mg/dl,Left Ventricular Hypertrophy,Yes,Upsloping,Reversible Defect,Senior (>=55),Month 1,1,PT-M01-0030,SIMULATED_MONITORING_DATA (EDUCATIONAL_USE_ONLY)
57,1,4,109,201,0.0,0,126,1.0,1.5,2.0,0.0,6.0,0,0,Asymptomatic,Male,<= 120 mg/dl,Normal,Yes,Flat,Fixed Defect,Senior (>=55),Month 1,1,PT-M01-0031,SIMULATED_MONITORING_DATA (EDUCATIONAL_USE_ONLY)
56,0,4,137,410,0.0,2,150,1.0,1.9,2.0,2.0,7.0,2,1,Asymptomatic,Female,<= 120 mg/dl,Left Ventricular Hypertrophy,Yes,Flat,Reversible Defect,Senior (>=55),Month 1,1,PT-M01-0032,SIMULATED_MONITORING_DATA (EDUCATIONAL_USE_ONLY)
66,0,4,178,231,1.0,0,165,1.0,1.0,2.0,2.0,7.0,3,1,Asymptomatic,Female,> 120 mg/dl,Normal,Yes,Flat,Reversible Defect,Senior (>=55),Month 1,1,PT-M01-0033,SIMULATED_MONITORING_DATA (EDUCATIONAL_USE_ONLY)
58,0,1,148,281,1.0,2,162,0.0,1.0,1.0,0.0,3.0,0,0,Typical Angina,Female,> 120 mg/dl,Left Ventricular Hypertrophy,No,Upsloping,Normal,Senior (>=55),Month 1,1,PT-M01-0034,SIMULATED_MONITORING_DATA (EDUCATIONAL_USE_ONLY)
49,1,3,119,153,0.0,2,126,0.0,0.8,1.0,3.0,3.0,1,1,Non-Anginal Pain,Male,<= 120 mg/dl,Left Ventricular Hypertrophy,No,Upsloping,Normal,Younger (<55),Month 1,1,PT-M01-0035,SIMULATED_MONITORING_DATA (EDUCATIONAL_USE_ONLY)
35,1,2,120,188,0.0,0,174,0.0,0.0,1.0,0.0,3.0,0,0,Atypical Angina,Male,<= 120 mg/dl,Normal,No,Upsloping,Normal,Younger (<55),Month 1,1,PT-M01-0036,SIMULATED_MONITORING_DATA (EDUCATIONAL_USE_ONLY)
42,1,3,120,240,1.0,0,194,0.0,0.8,3.0,0.0,7.0,0,0,Non-Anginal Pain,Male,> 120 mg/dl,Normal,No,Downsloping,Reversible Defect,Younger (<55),Month 1,1,PT-M01-0037,SIMULATED_MONITORING_DATA (EDUCATIONAL_USE_ONLY)
57,0,4,117,355,0.0,0,163,1.0,0.6,1.0,0.0,3.0,0,0,Asymptomatic,Female,<= 120 mg/dl,Normal,Yes,Upsloping,Normal,Senior (>=55),Month 1,1,PT-M01-0038,SIMULATED_MONITORING_DATA (EDUCATIONAL_USE_ONLY)
46,0,3,140,178,0.0,2,160,1.0,1.4,3.0,0.0,3.0,0,0,Non-Anginal Pain,Female,<= 120 mg/dl,Left Ventricular Hypertrophy,Yes,Downsloping,Normal,Younger (<55),Month 1,1,PT-M01-0039,SIMULATED_MONITORING_DATA (EDUCATIONAL_USE_ONLY)
48,1,4,122,221,0.0,2,186,0.0,0.0,1.0,0.0,3.0,0,0,Asymptomatic,Male,<= 120 mg/dl,Left Ventricular Hypertrophy,No,Upsloping,Normal,Younger (<55),Month 1,1,PT-M01-0040,SIMULATED_MONITORING_DATA (EDUCATIONAL_USE_ONLY)
63,1,4,131,330,1.0,2,132,1.0,1.8,1.0,3.0,7.0,3,1,Asymptomatic,Male,> 120 mg/dl,Left Ventricular Hypertrophy,Yes,Upsloping,Reversible Defect,Senior (>=55),Month 1,1,PT-M01-0041,SIMULATED_MONITORING_DATA (EDUCATIONAL_USE_ONLY)
59,1,4,140,176,0.0,0,162,1.0,0.0,1.0,1.0,7.0,2,1,Asymptomatic,Male,<= 120 mg/dl,Normal,Yes,Upsloping,Reversible Defect,Senior (>=55),Month 1,1,PT-M01-0042,SIMULATED_MONITORING_DATA (EDUCATIONAL_USE_ONLY)
44,1,4,112,289,0.0,2,153,0.0,0.0,1.0,1.0,3.0,2,1,Asymptomatic,Male,<= 120 mg/dl,Left Ventricular Hypertrophy,No,Upsloping,Normal,Younger (<55),Month 1,1,PT-M01-0043,SIMULATED_MONITORING_DATA (EDUCATIONAL_USE_ONLY)
57,1,4,165,291,1.0,2,124,0.0,1.0,2.0,3.0,7.0,4,1,Asymptomatic,Male,> 120 mg/dl,Left Ventricular Hypertrophy,No,Flat,Reversible Defect,Senior (>=55),Month 1,1,PT-M01-0044,SIMULATED_MONITORING_DATA (EDUCATIONAL_USE_ONLY)
58,0,4,128,198,0.0,0,131,0.0,0.6,2.0,0.0,3.0,0,0,Asymptomatic,Female,<= 120 mg/dl,Normal,No,Flat,Normal,Senior (>=55),Month 1,1,PT-M01-0045,SIMULATED_MONITORING_DATA (EDUCATIONAL_USE_ONLY)
65,0,3,154,268,0.0,0,148,0.0,0.8,1.0,0.0,3.0,0,0,Non-Anginal Pain,Female,<= 120 mg/dl,Normal,No,Upsloping,Normal,Senior (>=55),Month 1,1,PT-M01-0046,SIMULATED_MONITORING_DATA (EDUCATIONAL_USE_ONLY)
57,1,4,109,337,0.0,0,143,1.0,3.0,2.0,1.0,7.0,2,1,Asymptomatic,Male,<= 120 mg/dl,Normal,Yes,Flat,Reversible Defect,Senior (>=55),Month 1,1,PT-M01-0047,SIMULATED_MONITORING_DATA (EDUCATIONAL_USE_ONLY)
60,0,1,152,241,0.0,0,171,0.0,0.9,1.0,0.0,3.0,0,0,Typical Angina,Female,<= 120 mg/dl,Normal,No,Upsloping,Normal,Senior (>=55),Month 1,1,PT-M01-0048,SIMULATED_MONITORING_DATA (EDUCATIONAL_USE_ONLY)
59,0,4,175,251,0.0,0,143,1.0,0.0,2.0,0.0,3.0,1,1,Asymptomatic,Female,<= 120 mg/dl,Normal,Yes,Flat,Normal,Senior (>=55),Month 1,1,PT-M01-0049,SIMULATED_MONITORING_DATA (EDUCATIONAL_USE_ONLY)
44,1,4,117,170,0.0,0,144,1.0,2.8,3.0,0.0,6.0,2,1,Asymptomatic,Male,<= 120 mg/dl,Normal,Yes,Downsloping,Fixed Defect,Younger (<55),Month 1,1,PT-M01-0050,SIMULATED_MONITORING_DATA (EDUCATIONAL_USE_ONLY)
52,1,3,172,197,1.0,0,162,0.0,0.5,1.0,0.0,7.0,0,0,Non-Anginal Pain,Male,> 120 mg/dl,Normal,No,Upsloping,Reversible Defect,Younger (<55),Month 1,1,PT-M01-0051,SIMULATED_MONITORING_DATA (EDUCATIONAL_USE_ONLY)
68,1,3,179,273,1.0,2,150,1.0,1.6,2.0,0.0,7.0,3,1,Non-Anginal Pain,Male,> 120 mg/dl,Left Ventricular Hypertrophy,Yes,Flat,Reversible Defect,Senior (>=55),Month 1,1,PT-M01-0052,SIMULATED_MONITORING_DATA (EDUCATIONAL_USE_ONLY)
44,1,3,139,236,0.0,2,180,0.0,0.0,1.0,0.0,3.0,0,0,Non-Anginal Pain,Male,<= 120 mg/dl,Left Ventricular Hypertrophy,No,Upsloping,Normal,Younger (<55),Month 1,1,PT-M01-0053,SIMULATED_MONITORING_DATA (EDUCATIONAL_USE_ONLY)
65,0,4,151,226,0.0,2,114,0.0,1.0,2.0,3.0,7.0,4,1,Asymptomatic,Female,<= 120 mg/dl,Left Ventricular Hypertrophy,No,Flat,Reversible Defect,Senior (>=55),Month 1,1,PT-M01-0054,SIMULATED_MONITORING_DATA (EDUCATIONAL_USE_ONLY)
66,0,4,180,228,1.0,0,165,1.0,1.0,2.0,2.0,7.0,3,1,Asymptomatic,Female,> 120 mg/dl,Normal,Yes,Flat,Reversible Defect,Senior (>=55),Month 1,1,PT-M01-0055,SIMULATED_MONITORING_DATA (EDUCATIONAL_USE_ONLY)
35,1,2,123,192,0.0,0,174,0.0,0.0,1.0,0.0,3.0,0,0,Atypical Angina,Male,<= 120 mg/dl,Normal,No,Upsloping,Normal,Younger (<55),Month 1,1,PT-M01-0056,SIMULATED_MONITORING_DATA (EDUCATIONAL_USE_ONLY)
45,1,1,109,267,0.0,0,132,0.0,1.2,2.0,0.0,7.0,1,1,Typical Angina,Male,<= 120 mg/dl,Normal,No,Flat,Reversible Defect,Younger (<55),Month 1,1,PT-M01-0057,SIMULATED_MONITORING_DATA (EDUCATIONAL_USE_ONLY)
53,1,3,130,196,1.0,2,152,0.0,1.2,3.0,0.0,3.0,0,0,Non-Anginal Pain,Male,> 120 mg/dl,Left Ventricular Hypertrophy,No,Downsloping,Normal,Younger (<55),Month 1,1,PT-M01-0058,SIMULATED_MONITORING_DATA (EDUCATIONAL_USE_ONLY)
50,0,2,120,245,0.0,0,162,0.0,1.1,1.0,0.0,3.0,0,0,Atypical Angina,Female,<= 120 mg/dl,Normal,No,Upsloping,Normal,Younger (<55),Month 1,1,PT-M01-0059,SIMULATED_MONITORING_DATA (EDUCATIONAL_USE_ONLY)
58,1,3,106,240,0.0,2,154,1.0,0.6,2.0,0.0,7.0,0,0,Non-Anginal Pain,Male,<= 120 mg/dl,Left Ventricular Hypertrophy,Yes,Flat,Reversible Defect,Senior (>=55),Month 1,1,PT-M01-0060,SIMULATED_MONITORING_DATA (EDUCATIONAL_USE_ONLY)
46,1,4,139,311,0.0,0,120,1.0,1.8,2.0,2.0,7.0,2,1,Asymptomatic,Male,<= 120 mg/dl,Normal,Yes,Flat,Reversible Defect,Younger (<55),Month 1,1,PT-M01-0061,SIMULATED_MONITORING_DATA (EDUCATIONAL_USE_ONLY)
61,1,4,120,262,0.0,0,140,1.0,3.6,2.0,1.0,7.0,2,1,Asymptomatic,Male,<= 120 mg/dl,Normal,Yes,Flat,Reversible Defect,Senior (>=55),Month 1,1,PT-M01-0062,SIMULATED_MONITORING_DATA (EDUCATIONAL_USE_ONLY)
58,1,4,126,261,0.0,2,130,1.0,3.0,2.0,2.0,7.0,3,1,Asymptomatic,Male,<= 120 mg/dl,Left Ventricular Hypertrophy,Yes,Flat,Reversible Defect,Senior (>=55),Month 1,1,PT-M01-0063,SIMULATED_MONITORING_DATA (EDUCATIONAL_USE_ONLY)
54,0,3,133,306,1.0,0,170,0.0,0.0,1.0,0.0,3.0,0,0,Non-Anginal Pain,Female,> 120 mg/dl,Normal,No,Upsloping,Normal,Younger (<55),Month 1,1,PT-M01-0064,SIMULATED_MONITORING_DATA (EDUCATIONAL_USE_ONLY)
58,1,2,126,223,0.0,0,144,0.0,0.4,2.0,0.0,7.0,0,0,Atypical Angina,Male,<= 120 mg/dl,Normal,No,Flat,Reversible Defect,Senior (>=55),Month 1,1,PT-M01-0065,SIMULATED_MONITORING_DATA (EDUCATIONAL_USE_ONLY)
62,0,4,152,244,0.0,0,154,1.0,1.4,2.0,0.0,3.0,1,1,Asymptomatic,Female,<= 120 mg/dl,Normal,Yes,Flat,Normal,Senior (>=55),Month 1,1,PT-M01-0066,SIMULATED_MONITORING_DATA (EDUCATIONAL_USE_ONLY)
56,1,2,120,237,0.0,0,178,0.0,0.8,1.0,0.0,3.0,0,0,Atypical Angina,Male,<= 120 mg/dl,Normal,No,Upsloping,Normal,Senior (>=55),Month 1,1,PT-M01-0067,SIMULATED_MONITORING_DATA (EDUCATIONAL_USE_ONLY)
42,1,3,132,179,0.0,0,150,0.0,0.0,1.0,0.0,3.0,0,0,Non-Anginal Pain,Male,<= 120 mg/dl,Normal,No,Upsloping,Normal,Younger (<55),Month 1,1,PT-M01-0068,SIMULATED_MONITORING_DATA (EDUCATIONAL_USE_ONLY)
61,1,4,139,167,0.0,2,125,1.0,3.6,2.0,1.0,3.0,4,1,Asymptomatic,Male,<= 120 mg/dl,Left Ventricular Hypertrophy,Yes,Flat,Normal,Senior (>=55),Month 1,1,PT-M01-0069,SIMULATED_MONITORING_DATA (EDUCATIONAL_USE_ONLY)
43,1,4,131,247,1.0,2,143,1.0,0.1,2.0,0.0,7.0,1,1,Asymptomatic,Male,> 120 mg/dl,Left Ventricular Hypertrophy,Yes,Flat,Reversible Defect,Younger (<55),Month 1,1,PT-M01-0070,SIMULATED_MONITORING_DATA (EDUCATIONAL_USE_ONLY)
65,1,4,111,248,0.0,2,158,0.0,0.6,1.0,2.0,6.0,1,1,Asymptomatic,Male,<= 120 mg/dl,Left Ventricular Hypertrophy,No,Upsloping,Fixed Defect,Senior (>=55),Month 1,1,PT-M01-0071,SIMULATED_MONITORING_DATA (EDUCATIONAL_USE_ONLY)
41,0,2,132,205,0.0,2,172,0.0,1.4,1.0,0.0,3.0,0,0,Atypical Angina,Female,<= 120 mg/dl,Left Ventricular Hypertrophy,No,Upsloping,Normal,Younger (<55),Month 1,1,PT-M01-0072,SIMULATED_MONITORING_DATA (EDUCATIONAL_USE_ONLY)
64,1,4,145,210,0.0,2,132,0.0,2.0,2.0,2.0,6.0,4,1,Asymptomatic,Male,<= 120 mg/dl,Left Ventricular Hypertrophy,No,Flat,Fixed Defect,Senior (>=55),Month 1,1,PT-M01-0073,SIMULATED_MONITORING_DATA (EDUCATIONAL_USE_ONLY)
42,0,3,122,213,0.0,0,173,0.0,0.0,2.0,0.0,3.0,0,0,Non-Anginal Pain,Female,<= 120 mg/dl,Normal,No,Flat,Normal,Younger (<55),Month 1,1,PT-M01-0074,SIMULATED_MONITORING_DATA (EDUCATIONAL_USE_ONLY)
53,1,4,138,224,0.0,2,111,1.0,0.0,1.0,0.0,7.0,0,0,Asymptomatic,Male,<= 120 mg/dl,Left Ventricular Hypertrophy,Yes,Upsloping,Reversible Defect,Younger (<55),Month 1,1,PT-M01-0075,SIMULATED_MONITORING_DATA (EDUCATIONAL_USE_ONLY)
53,0,3,129,214,0.0,2,115,0.0,0.0,1.0,0.0,3.0,0,0,Non-Anginal Pain,Female,<= 120 mg/dl,Left Ventricular Hypertrophy,No,Upsloping,Normal,Younger (<55),Month 1,1,PT-M01-0076,SIMULATED_MONITORING_DATA (EDUCATIONAL_USE_ONLY)
47,1,3,130,255,0.0,0,179,0.0,0.0,1.0,0.0,3.0,0,0,Non-Anginal Pain,Male,<= 120 mg/dl,Normal,No,Upsloping,Normal,Younger (<55),Month 1,1,PT-M01-0077,SIMULATED_MONITORING_DATA (EDUCATIONAL_USE_ONLY)
41,1,3,130,216,0.0,2,168,0.0,2.0,2.0,0.0,3.0,0,0,Non-Anginal Pain,Male,<= 120 mg/dl,Left Ventricular Hypertrophy,No,Flat,Normal,Younger (<55),Month 1,1,PT-M01-0078,SIMULATED_MONITORING_DATA (EDUCATIONAL_USE_ONLY)
57,1,4,110,336,0.0,0,143,1.0,3.0,2.0,1.0,7.0,2,1,Asymptomatic,Male,<= 120 mg/dl,Normal,Yes,Flat,Reversible Defect,Senior (>=55),Month 1,1,PT-M01-0079,SIMULATED_MONITORING_DATA (EDUCATIONAL_USE_ONLY)
51,1,4,137,300,0.0,0,173,1.0,1.6,1.0,0.0,7.0,1,1,Asymptomatic,Male,<= 120 mg/dl,Normal,Yes,Upsloping,Reversible Defect,Younger (<55),Month 1,1,PT-M01-0080,SIMULATED_MONITORING_DATA (EDUCATIONAL_USE_ONLY)
42,0,4,102,265,0.0,2,122,0.0,0.6,2.0,0.0,3.0,0,0,Asymptomatic,Female,<= 120 mg/dl,Left Ventricular Hypertrophy,No,Flat,Normal,Younger (<55),Month 1,1,PT-M01-0081,SIMULATED_MONITORING_DATA (EDUCATIONAL_USE_ONLY)
48,1,3,125,253,1.0,0,175,0.0,0.0,1.0,2.0,3.0,0,0,Non-Anginal Pain,Male,> 120 mg/dl,Normal,No,Upsloping,Normal,Younger (<55),Month 1,1,PT-M01-0082,SIMULATED_MONITORING_DATA (EDUCATIONAL_USE_ONLY)
62,0,4,162,164,0.0,2,145,0.0,6.2,3.0,3.0,7.0,3,1,Asymptomatic,Female,<= 120 mg/dl,Left Ventricular Hypertrophy,No,Downsloping,Reversible Defect,Senior (>=55),Month 1,1,PT-M01-0083,SIMULATED_MONITORING_DATA (EDUCATIONAL_USE_ONLY)
59,1,1,133,203,0.0,0,162,0.0,0.8,1.0,2.0,3.0,1,1,Typical Angina,Male,<= 120 mg/dl,Normal,No,Upsloping,Normal,Senior (>=55),Month 1,1,PT-M01-0084,SIMULATED_MONITORING_DATA (EDUCATIONAL_USE_ONLY)
47,1,3,129,255,0.0,0,179,0.0,0.0,1.0,0.0,3.0,0,0,Non-Anginal Pain,Male,<= 120 mg/dl,Normal,No,Upsloping,Normal,Younger (<55),Month 1,1,PT-M01-0085,SIMULATED_MONITORING_DATA (EDUCATIONAL_USE_ONLY)
58,0,4,129,197,0.0,0,131,0.0,0.6,2.0,0.0,3.0,0,0,Asymptomatic,Female,<= 120 mg/dl,Normal,No,Flat,Normal,Senior (>=55),Month 1,1,PT-M01-0086,SIMULATED_MONITORING_DATA (EDUCATIONAL_USE_ONLY)
55,1,4,141,215,0.0,0,111,1.0,5.6,3.0,0.0,7.0,3,1,Asymptomatic,Male,<= 120 mg/dl,Normal,Yes,Downsloping,Reversible Defect,Senior (>=55),Month 1,1,PT-M01-0087,SIMULATED_MONITORING_DATA (EDUCATIONAL_USE_ONLY)
34,0,2,118,209,0.0,0,192,0.0,0.7,1.0,0.0,3.0,0,0,Atypical Angina,Female,<= 120 mg/dl,Normal,No,Upsloping,Normal,Younger (<55),Month 1,1,PT-M01-0088,SIMULATED_MONITORING_DATA (EDUCATIONAL_USE_ONLY)
50,0,4,109,255,0.0,2,159,0.0,0.0,1.0,0.0,3.0,0,0,Asymptomatic,Female,<= 120 mg/dl,Left Ventricular Hypertrophy,No,Upsloping,Normal,Younger (<55),Month 1,1,PT-M01-0089,SIMULATED_MONITORING_DATA (EDUCATIONAL_USE_ONLY)
57,1,4,153,273,0.0,0,88,1.0,1.2,2.0,1.0,7.0,1,1,Asymptomatic,Male,<= 120 mg/dl,Normal,Yes,Flat,Reversible Defect,Senior (>=55),Month 1,1,PT-M01-0090,SIMULATED_MONITORING_DATA (EDUCATIONAL_USE_ONLY)
45,0,4,138,234,0.0,2,152,1.0,0.2,2.0,0.0,3.0,0,0,Asymptomatic,Female,<= 120 mg/dl,Left Ventricular Hypertrophy,Yes,Flat,Normal,Younger (<55),Month 1,1,PT-M01-0091,SIMULATED_MONITORING_DATA (EDUCATIONAL_USE_ONLY)
59,1,4,141,177,0.0,0,162,1.0,0.0,1.0,1.0,7.0,2,1,Asymptomatic,Male,<= 120 mg/dl,Normal,Yes,Upsloping,Reversible Defect,Senior (>=55),Month 1,1,PT-M01-0092,SIMULATED_MONITORING_DATA (EDUCATIONAL_USE_ONLY)
47,1,3,137,257,0.0,2,156,0.0,0.0,1.0,0.0,3.0,0,0,Non-Anginal Pain,Male,<= 120 mg/dl,Left Ventricular Hypertrophy,No,Upsloping,Normal,Younger (<55),Month 1,1,PT-M01-0093,SIMULATED_MONITORING_DATA (EDUCATIONAL_USE_ONLY)
57,1,4,110,334,0.0,0,143,1.0,3.0,2.0,1.0,7.0,2,1,Asymptomatic,Male,<= 120 mg/dl,Normal,Yes,Flat,Reversible Defect,Senior (>=55),Month 1,1,PT-M01-0094,SIMULATED_MONITORING_DATA (EDUCATIONAL_USE_ONLY)
65,1,4,119,176,0.0,0,140,0.0,0.4,1.0,0.0,7.0,0,0,Asymptomatic,Male,<= 120 mg/dl,Normal,No,Upsloping,Reversible Defect,Senior (>=55),Month 1,1,PT-M01-0095,SIMULATED_MONITORING_DATA (EDUCATIONAL_USE_ONLY)
71,0,2,158,302,0.0,0,162,0.0,0.4,1.0,2.0,3.0,0,0,Atypical Angina,Female,<= 120 mg/dl,Normal,No,Upsloping,Normal,Senior (>=55),Month 1,1,PT-M01-0096,SIMULATED_MONITORING_DATA (EDUCATIONAL_USE_ONLY)
67,1,3,152,209,0.0,2,150,0.0,0.8,2.0,0.0,7.0,1,1,Non-Anginal Pain,Male,<= 120 mg/dl,Left Ventricular Hypertrophy,No,Flat,Reversible Defect,Senior (>=55),Month 1,1,PT-M01-0097,SIMULATED_MONITORING_DATA (EDUCATIONAL_USE_ONLY)
41,0,3,112,265,0.0,2,172,1.0,0.0,1.0,0.0,3.0,0,0,Non-Anginal Pain,Female,<= 120 mg/dl,Left Ventricular Hypertrophy,Yes,Upsloping,Normal,Younger (<55),Month 1,1,PT-M01-0098,SIMULATED_MONITORING_DATA (EDUCATIONAL_USE_ONLY)
53,0,4,130,263,0.0,2,143,0.0,0.4,2.0,0.0,3.0,0,0,Asymptomatic,Female,<= 120 mg/dl,Left Ventricular Hypertrophy,No,Flat,Normal,Younger (<55),Month 1,1,PT-M01-0099,SIMULATED_MONITORING_DATA (EDUCATIONAL_USE_ONLY)
59,1,4,135,234,0.0,0,161,0.0,0.5,2.0,0.0,7.0,0,0,Asymptomatic,Male,<= 120 mg/dl,Normal,No,Flat,Reversible Defect,Senior (>=55),Month 1,1,PT-M01-0100,SIMULATED_MONITORING_DATA (EDUCATIONAL_USE_ONLY)
62,0,4,158,165,0.0,2,145,0.0,6.2,3.0,3.0,7.0,3,1,Asymptomatic,Female,<= 120 mg/dl,Left Ventricular Hypertrophy,No,Downsloping,Reversible Defect,Senior (>=55),Month 1,1,PT-M01-0101,SIMULATED_MONITORING_DATA (EDUCATIONAL_USE_ONLY)
60,1,4,139,296,0.0,2,170,0.0,1.2,2.0,2.0,7.0,2,1,Asymptomatic,Male,<= 120 mg/dl,Left Ventricular Hypertrophy,No,Flat,Reversible Defect,Senior (>=55),Month 1,1,PT-M01-0102,SIMULATED_MONITORING_DATA (EDUCATIONAL_USE_ONLY)
45,1,2,127,310,0.0,2,170,0.0,0.0,1.0,0.0,3.0,0,0,Atypical Angina,Male,<= 120 mg/dl,Left Ventricular Hypertrophy,No,Upsloping,Normal,Younger (<55),Month 1,1,PT-M01-0103,SIMULATED_MONITORING_DATA (EDUCATIONAL_USE_ONLY)
56,0,4,133,409,0.0,2,150,1.0,1.9,2.0,2.0,7.0,2,1,Asymptomatic,Female,<= 120 mg/dl,Left Ventricular Hypertrophy,Yes,Flat,Reversible Defect,Senior (>=55),Month 1,1,PT-M01-0104,SIMULATED_MONITORING_DATA (EDUCATIONAL_USE_ONLY)
56,1,2,120,236,0.0,0,178,0.0,0.8,1.0,0.0,3.0,0,0,Atypical Angina,Male,<= 120 mg/dl,Normal,No,Upsloping,Normal,Senior (>=55),Month 1,1,PT-M01-0105,SIMULATED_MONITORING_DATA (EDUCATIONAL_USE_ONLY)
48,1,2,111,227,0.0,0,168,0.0,1.0,3.0,0.0,7.0,1,1,Atypical Angina,Male,<= 120 mg/dl,Normal,No,Downsloping,Reversible Defect,Younger (<55),Month 1,1,PT-M01-0106,SIMULATED_MONITORING_DATA (EDUCATIONAL_USE_ONLY)
66,0,3,149,278,0.0,2,152,0.0,0.0,2.0,1.0,3.0,0,0,Non-Anginal Pain,Female,<= 120 mg/dl,Left Ventricular Hypertrophy,No,Flat,Normal,Senior (>=55),Month 1,1,PT-M01-0107,SIMULATED_MONITORING_DATA (EDUCATIONAL_USE_ONLY)
55,0,4,128,204,0.0,1,130,1.0,2.0,2.0,1.0,7.0,3,1,Asymptomatic,Female,<= 120 mg/dl,ST-T Abnormality,Yes,Flat,Reversible Defect,Senior (>=55),Month 1,1,PT-M01-0108,SIMULATED_MONITORING_DATA (EDUCATIONAL_USE_ONLY)
57,1,4,130,132,0.0,0,115,1.0,1.2,2.0,1.0,7.0,3,1,Asymptomatic,Male,<= 120 mg/dl,Normal,Yes,Flat,Reversible Defect,Senior (>=55),Month 1,1,PT-M01-0109,SIMULATED_MONITORING_DATA (EDUCATIONAL_USE_ONLY)
58,1,3,132,222,0.0,2,173,0.0,3.2,1.0,2.0,7.0,3,1,Non-Anginal Pain,Male,<= 120 mg/dl,Left Ventricular Hypertrophy,No,Upsloping,Reversible Defect,Senior (>=55),Month 1,1,PT-M01-0110,SIMULATED_MONITORING_DATA (EDUCATIONAL_USE_ONLY)
77,1,4,122,305,0.0,2,162,1.0,0.0,1.0,3.0,3.0,4,1,Asymptomatic,Male,<= 120 mg/dl,Left Ventricular Hypertrophy,Yes,Upsloping,Normal,Senior (>=55),Month 1,1,PT-M01-0111,SIMULATED_MONITORING_DATA (EDUCATIONAL_USE_ONLY)
68,1,4,144,196,1.0,0,141,0.0,3.4,2.0,2.0,7.0,2,1,Asymptomatic,Male,> 120 mg/dl,Normal,No,Flat,Reversible Defect,Senior (>=55),Month 1,1,PT-M01-0112,SIMULATED_MONITORING_DATA (EDUCATIONAL_USE_ONLY)
54,0,3,110,214,0.0,0,158,0.0,1.6,2.0,0.0,3.0,0,0,Non-Anginal Pain,Female,<= 120 mg/dl,Normal,No,Flat,Normal,Younger (<55),Month 1,1,PT-M01-0113,SIMULATED_MONITORING_DATA (EDUCATIONAL_USE_ONLY)
42,0,4,106,266,0.0,2,122,0.0,0.6,2.0,0.0,3.0,0,0,Asymptomatic,Female,<= 120 mg/dl,Left Ventricular Hypertrophy,No,Flat,Normal,Younger (<55),Month 1,1,PT-M01-0114,SIMULATED_MONITORING_DATA (EDUCATIONAL_USE_ONLY)
58,1,4,150,271,0.0,2,111,1.0,0.8,1.0,0.0,7.0,3,1,Asymptomatic,Male,<= 120 mg/dl,Left Ventricular Hypertrophy,Yes,Upsloping,Reversible Defect,Senior (>=55),Month 1,1,PT-M01-0115,SIMULATED_MONITORING_DATA (EDUCATIONAL_USE_ONLY)
64,0,4,180,324,0.0,0,154,1.0,0.0,1.0,0.0,3.0,0,0,Asymptomatic,Female,<= 120 mg/dl,Normal,Yes,Upsloping,Normal,Senior (>=55),Month 1,1,PT-M01-0116,SIMULATED_MONITORING_DATA (EDUCATIONAL_USE_ONLY)
34,0,2,118,210,0.0,0,192,0.0,0.7,1.0,0.0,3.0,0,0,Atypical Angina,Female,<= 120 mg/dl,Normal,No,Upsloping,Normal,Younger (<55),Month 1,1,PT-M01-0117,SIMULATED_MONITORING_DATA (EDUCATIONAL_USE_ONLY)
51,1,3,108,175,0.0,0,123,0.0,0.6,1.0,0.0,3.0,0,0,Non-Anginal Pain,Male,<= 120 mg/dl,Normal,No,Upsloping,Normal,Younger (<55),Month 1,1,PT-M01-0118,SIMULATED_MONITORING_DATA (EDUCATIONAL_USE_ONLY)
41,0,2,128,306,0.0,0,163,0.0,0.0,1.0,0.0,3.0,0,0,Atypical Angina,Female,<= 120 mg/dl,Normal,No,Upsloping,Normal,Younger (<55),Month 1,1,PT-M01-0119,SIMULATED_MONITORING_DATA (EDUCATIONAL_USE_ONLY)
57,1,2,155,230,0.0,2,164,0.0,0.0,1.0,1.0,3.0,1,1,Atypical Angina,Male,<= 120 mg/dl,Left Ventricular Hypertrophy,No,Upsloping,Normal,Senior (>=55),Month 1,1,PT-M01-0120,SIMULATED_MONITORING_DATA (EDUCATIONAL_USE_ONLY)
40,1,4,153,223,0.0,0,181,0.0,0.0,1.0,0.0,7.0,1,1,Asymptomatic,Male,<= 120 mg/dl,Normal,No,Upsloping,Reversible Defect,Younger (<55),Month 1,1,PT-M01-0121,SIMULATED_MONITORING_DATA (EDUCATIONAL_USE_ONLY)
51,0,3,139,309,0.0,2,142,0.0,1.5,1.0,1.0,3.0,0,0,Non-Anginal Pain,Female,<= 120 mg/dl,Left Ventricular Hypertrophy,No,Upsloping,Normal,Younger (<55),Month 1,1,PT-M01-0122,SIMULATED_MONITORING_DATA (EDUCATIONAL_USE_ONLY)
54,1,2,194,286,0.0,2,195,0.0,0.0,1.0,1.0,7.0,1,1,Atypical Angina,Male,<= 120 mg/dl,Left Ventricular Hypertrophy,No,Upsloping,Reversible Defect,Younger (<55),Month 1,1,PT-M01-0123,SIMULATED_MONITORING_DATA (EDUCATIONAL_USE_ONLY)
51,0,3,118,297,0.0,2,157,0.0,0.6,1.0,0.0,3.0,0,0,Non-Anginal Pain,Female,<= 120 mg/dl,Left Ventricular Hypertrophy,No,Upsloping,Normal,Younger (<55),Month 1,1,PT-M01-0124,SIMULATED_MONITORING_DATA (EDUCATIONAL_USE_ONLY)
39,0,3,95,203,0.0,0,179,0.0,0.0,1.0,0.0,3.0,0,0,Non-Anginal Pain,Female,<= 120 mg/dl,Normal,No,Upsloping,Normal,Younger (<55),Month 1,1,PT-M01-0125,SIMULATED_MONITORING_DATA (EDUCATIONAL_USE_ONLY)
62,0,4,143,392,0.0,2,157,0.0,1.2,2.0,0.0,3.0,0,0,Asymptomatic,Female,<= 120 mg/dl,Left Ventricular Hypertrophy,No,Flat,Normal,Senior (>=55),Month 1,1,PT-M01-0126,SIMULATED_MONITORING_DATA (EDUCATIONAL_USE_ONLY)
41,1,2,109,237,0.0,0,153,0.0,0.0,1.0,0.0,3.0,0,0,Atypical Angina,Male,<= 120 mg/dl,Normal,No,Upsloping,Normal,Younger (<55),Month 1,1,PT-M01-0127,SIMULATED_MONITORING_DATA (EDUCATIONAL_USE_ONLY)
60,0,4,157,305,0.0,2,161,0.0,0.0,1.0,0.0,3.0,1,1,Asymptomatic,Female,<= 120 mg/dl,Left Ventricular Hypertrophy,No,Upsloping,Normal,Senior (>=55),Month 1,1,PT-M01-0128,SIMULATED_MONITORING_DATA (EDUCATIONAL_USE_ONLY)
64,1,4,128,267,0.0,0,105,1.0,0.2,2.0,1.0,7.0,0,0,Asymptomatic,Male,<= 120 mg/dl,Normal,Yes,Flat,Reversible Defect,Senior (>=55),Month 1,1,PT-M01-0129,SIMULATED_MONITORING_DATA (EDUCATIONAL_USE_ONLY)
60,0,1,149,238,0.0,0,171,0.0,0.9,1.0,0.0,3.0,0,0,Typical Angina,Female,<= 120 mg/dl,Normal,No,Upsloping,Normal,Senior (>=55),Month 1,1,PT-M01-0130,SIMULATED_MONITORING_DATA (EDUCATIONAL_USE_ONLY)
52,1,4,126,253,0.0,0,161,1.0,0.0,1.0,1.0,7.0,1,1,Asymptomatic,Male,<= 120 mg/dl,Normal,Yes,Upsloping,Reversible Defect,Younger (<55),Month 1,1,PT-M01-0131,SIMULATED_MONITORING_DATA (EDUCATIONAL_USE_ONLY)
60,1,4,140,292,0.0,2,170,0.0,1.2,2.0,2.0,7.0,2,1,Asymptomatic,Male,<= 120 mg/dl,Left Ventricular Hypertrophy,No,Flat,Reversible Defect,Senior (>=55),Month 1,1,PT-M01-0132,SIMULATED_MONITORING_DATA (EDUCATIONAL_USE_ONLY)
39,1,4,116,215,0.0,0,140,0.0,1.2,2.0,0.0,7.0,3,1,Asymptomatic,Male,<= 120 mg/dl,Normal,No,Flat,Reversible Defect,Younger (<55),Month 1,1,PT-M01-0133,SIMULATED_MONITORING_DATA (EDUCATIONAL_USE_ONLY)
64,1,4,121,245,0.0,2,96,1.0,2.2,3.0,1.0,3.0,3,1,Asymptomatic,Male,<= 120 mg/dl,Left Ventricular Hypertrophy,Yes,Downsloping,Normal,Senior (>=55),Month 1,1,PT-M01-0134,SIMULATED_MONITORING_DATA (EDUCATIONAL_USE_ONLY)
52,1,4,124,210,0.0,0,168,0.0,1.0,1.0,2.0,7.0,3,1,Asymptomatic,Male,<= 120 mg/dl,Normal,No,Upsloping,Reversible Defect,Younger (<55),Month 1,1,PT-M01-0135,SIMULATED_MONITORING_DATA (EDUCATIONAL_USE_ONLY)
62,1,2,122,281,0.0,2,103,0.0,1.4,2.0,1.0,7.0,3,1,Atypical Angina,Male,<= 120 mg/dl,Left Ventricular Hypertrophy,No,Flat,Reversible Defect,Senior (>=55),Month 1,1,PT-M01-0136,SIMULATED_MONITORING_DATA (EDUCATIONAL_USE_ONLY)
68,1,4,143,194,1.0,0,141,0.0,3.4,2.0,2.0,7.0,2,1,Asymptomatic,Male,> 120 mg/dl,Normal,No,Flat,Reversible Defect,Senior (>=55),Month 1,1,PT-M01-0137,SIMULATED_MONITORING_DATA (EDUCATIONAL_USE_ONLY)
58,1,3,140,215,1.0,2,165,0.0,0.0,1.0,0.0,3.0,0,0,Non-Anginal Pain,Male,> 120 mg/dl,Left Ventricular Hypertrophy,No,Upsloping,Normal,Senior (>=55),Month 1,1,PT-M01-0138,SIMULATED_MONITORING_DATA (EDUCATIONAL_USE_ONLY)
45,0,2,113,162,0.0,0,138,0.0,0.0,2.0,0.0,3.0,0,0,Atypical Angina,Female,<= 120 mg/dl,Normal,No,Flat,Normal,Younger (<55),Month 1,1,PT-M01-0139,SIMULATED_MONITORING_DATA (EDUCATIONAL_USE_ONLY)
60,0,1,148,239,0.0,0,171,0.0,0.9,1.0,0.0,3.0,0,0,Typical Angina,Female,<= 120 mg/dl,Normal,No,Upsloping,Normal,Senior (>=55),Month 1,1,PT-M01-0140,SIMULATED_MONITORING_DATA (EDUCATIONAL_USE_ONLY)
59,1,3,150,210,1.0,0,157,0.0,1.6,1.0,0.0,3.0,0,0,Non-Anginal Pain,Male,> 120 mg/dl,Normal,No,Upsloping,Normal,Senior (>=55),Month 1,1,PT-M01-0141,SIMULATED_MONITORING_DATA (EDUCATIONAL_USE_ONLY)
64,1,1,172,228,0.0,2,155,0.0,0.6,2.0,0.0,7.0,0,0,Typical Angina,Male,<= 120 mg/dl,Left Ventricular Hypertrophy,No,Flat,Reversible Defect,Senior (>=55),Month 1,1,PT-M01-0142,SIMULATED_MONITORING_DATA (EDUCATIONAL_USE_ONLY)
45,1,4,102,205,0.0,2,148,1.0,3.0,2.0,0.0,3.0,0,0,Asymptomatic,Male,<= 120 mg/dl,Left Ventricular Hypertrophy,Yes,Flat,Normal,Younger (<55),Month 1,1,PT-M01-0143,SIMULATED_MONITORING_DATA (EDUCATIONAL_USE_ONLY)
57,1,3,128,233,0.0,2,150,0.0,0.4,2.0,1.0,7.0,1,1,Non-Anginal Pain,Male,<= 120 mg/dl,Left Ventricular Hypertrophy,No,Flat,Reversible Defect,Senior (>=55),Month 1,1,PT-M01-0144,SIMULATED_MONITORING_DATA (EDUCATIONAL_USE_ONLY)
55,1,4,160,291,0.0,2,145,1.0,0.8,2.0,1.0,7.0,4,1,Asymptomatic,Male,<= 120 mg/dl,Left Ventricular Hypertrophy,Yes,Flat,Reversible Defect,Senior (>=55),Month 1,1,PT-M01-0145,SIMULATED_MONITORING_DATA (EDUCATIONAL_USE_ONLY)
42,0,4,103,264,0.0,2,122,0.0,0.6,2.0,0.0,3.0,0,0,Asymptomatic,Female,<= 120 mg/dl,Left Ventricular Hypertrophy,No,Flat,Normal,Younger (<55),Month 1,1,PT-M01-0146,SIMULATED_MONITORING_DATA (EDUCATIONAL_USE_ONLY)
35,1,4,124,279,0.0,2,156,1.0,0.0,1.0,0.0,7.0,1,1,Asymptomatic,Male,<= 120 mg/dl,Left Ventricular Hypertrophy,Yes,Upsloping,Reversible Defect,Younger (<55),Month 1,1,PT-M01-0147,SIMULATED_MONITORING_DATA (EDUCATIONAL_USE_ONLY)
43,1,4,148,250,0.0,0,171,0.0,1.5,1.0,0.0,3.0,0,0,Asymptomatic,Male,<= 120 mg/dl,Normal,No,Upsloping,Normal,Younger (<55),Month 1,1,PT-M01-0148,SIMULATED_MONITORING_DATA (EDUCATIONAL_USE_ONLY)
67,0,3,153,277,0.0,0,172,0.0,0.0,1.0,1.0,3.0,0,0,Non-Anginal Pain,Female,<= 120 mg/dl,Normal,No,Upsloping,Normal,Senior (>=55),Month 1,1,PT-M01-0149,SIMULATED_MONITORING_DATA (EDUCATIONAL_USE_ONLY)
60,1,4,117,232,1.0,0,160,1.0,1.4,1.0,2.0,7.0,2,1,Asymptomatic,Male,> 120 mg/dl,Normal,Yes,Upsloping,Reversible Defect,Senior (>=55),Month 1,1,PT-M01-0150,SIMULATED_MONITORING_DATA (EDUCATIONAL_USE_ONLY)
63,0,4,108,266,0.0,0,169,1.0,1.8,2.0,2.0,3.0,1,1,Asymptomatic,Female,<= 120 mg/dl,Normal,Yes,Flat,Normal,Senior (>=55),Month 1,1,PT-M01-0151,SIMULATED_MONITORING_DATA (EDUCATIONAL_USE_ONLY)
61,1,1,135,233,0.0,0,145,0.0,2.6,2.0,2.0,3.0,2,1,Typical Angina,Male,<= 120 mg/dl,Normal,No,Flat,Normal,Senior (>=55),Month 1,1,PT-M01-0152,SIMULATED_MONITORING_DATA (EDUCATIONAL_USE_ONLY)
70,1,4,129,322,0.0,2,109,0.0,2.4,2.0,3.0,3.0,1,1,Asymptomatic,Male,<= 120 mg/dl,Left Ventricular Hypertrophy,No,Flat,Normal,Senior (>=55),Month 1,1,PT-M01-0153,SIMULATED_MONITORING_DATA (EDUCATIONAL_USE_ONLY)
61,1,3,150,243,1.0,0,137,1.0,1.0,2.0,0.0,3.0,0,0,Non-Anginal Pain,Male,> 120 mg/dl,Normal,Yes,Flat,Normal,Senior (>=55),Month 1,1,PT-M01-0154,SIMULATED_MONITORING_DATA (EDUCATIONAL_USE_ONLY)
53,1,4,140,202,1.0,2,155,1.0,3.1,3.0,0.0,7.0,1,1,Asymptomatic,Male,> 120 mg/dl,Left Ventricular Hypertrophy,Yes,Downsloping,Reversible Defect,Younger (<55),Month 1,1,PT-M01-0155,SIMULATED_MONITORING_DATA (EDUCATIONAL_USE_ONLY)
69,1,3,139,255,0.0,2,146,0.0,2.0,2.0,3.0,7.0,2,1,Non-Anginal Pain,Male,<= 120 mg/dl,Left Ventricular Hypertrophy,No,Flat,Reversible Defect,Senior (>=55),Month 1,1,PT-M01-0156,SIMULATED_MONITORING_DATA (EDUCATIONAL_USE_ONLY)
65,0,3,158,267,0.0,0,148,0.0,0.8,1.0,0.0,3.0,0,0,Non-Anginal Pain,Female,<= 120 mg/dl,Normal,No,Upsloping,Normal,Senior (>=55),Month 1,1,PT-M01-0157,SIMULATED_MONITORING_DATA (EDUCATIONAL_USE_ONLY)
45,1,4,105,208,0.0,2,148,1.0,3.0,2.0,0.0,3.0,0,0,Asymptomatic,Male,<= 120 mg/dl,Left Ventricular Hypertrophy,Yes,Flat,Normal,Younger (<55),Month 1,1,PT-M01-0158,SIMULATED_MONITORING_DATA (EDUCATIONAL_USE_ONLY)
48,1,3,122,255,1.0,0,175,0.0,0.0,1.0,2.0,3.0,0,0,Non-Anginal Pain,Male,> 120 mg/dl,Normal,No,Upsloping,Normal,Younger (<55),Month 1,1,PT-M01-0159,SIMULATED_MONITORING_DATA (EDUCATIONAL_USE_ONLY)
64,1,4,129,264,0.0,0,105,1.0,0.2,2.0,1.0,7.0,0,0,Asymptomatic,Male,<= 120 mg/dl,Normal,Yes,Flat,Reversible Defect,Senior (>=55),Month 1,1,PT-M01-0160,SIMULATED_MONITORING_DATA (EDUCATIONAL_USE_ONLY)
43,1,4,114,304,0.0,0,181,0.0,1.2,2.0,0.0,3.0,0,0,Asymptomatic,Male,<= 120 mg/dl,Normal,No,Flat,Normal,Younger (<55),Month 1,1,PT-M01-0161,SIMULATED_MONITORING_DATA (EDUCATIONAL_USE_ONLY)
57,1,3,129,227,0.0,2,150,0.0,0.4,2.0,1.0,7.0,1,1,Non-Anginal Pain,Male,<= 120 mg/dl,Left Ventricular Hypertrophy,No,Flat,Reversible Defect,Senior (>=55),Month 1,1,PT-M01-0162,SIMULATED_MONITORING_DATA (EDUCATIONAL_USE_ONLY)
51,1,4,142,296,0.0,0,173,1.0,1.6,1.0,0.0,7.0,1,1,Asymptomatic,Male,<= 120 mg/dl,Normal,Yes,Upsloping,Reversible Defect,Younger (<55),Month 1,1,PT-M01-0163,SIMULATED_MONITORING_DATA (EDUCATIONAL_USE_ONLY)
57,1,2,153,235,0.0,2,164,0.0,0.0,1.0,1.0,3.0,1,1,Atypical Angina,Male,<= 120 mg/dl,Left Ventricular Hypertrophy,No,Upsloping,Normal,Senior (>=55),Month 1,1,PT-M01-0164,SIMULATED_MONITORING_DATA (EDUCATIONAL_USE_ONLY)
49,1,2,131,267,0.0,0,171,0.0,0.6,1.0,0.0,3.0,0,0,Atypical Angina,Male,<= 120 mg/dl,Normal,No,Upsloping,Normal,Younger (<55),Month 1,1,PT-M01-0165,SIMULATED_MONITORING_DATA (EDUCATIONAL_USE_ONLY)
43,0,3,123,212,0.0,0,165,0.0,0.2,2.0,0.0,3.0,0,0,Non-Anginal Pain,Female,<= 120 mg/dl,Normal,No,Flat,Normal,Younger (<55),Month 1,1,PT-M01-0166,SIMULATED_MONITORING_DATA (EDUCATIONAL_USE_ONLY)
56,1,1,121,196,0.0,2,162,0.0,1.9,2.0,0.0,7.0,0,0,Typical Angina,Male,<= 120 mg/dl,Left Ventricular Hypertrophy,No,Flat,Reversible Defect,Senior (>=55),Month 1,1,PT-M01-0167,SIMULATED_MONITORING_DATA (EDUCATIONAL_USE_ONLY)
60,0,4,161,305,0.0,2,161,0.0,0.0,1.0,0.0,3.0,1,1,Asymptomatic,Female,<= 120 mg/dl,Left Ventricular Hypertrophy,No,Upsloping,Normal,Senior (>=55),Month 1,1,PT-M01-0168,SIMULATED_MONITORING_DATA (EDUCATIONAL_USE_ONLY)
34,0,2,118,212,0.0,0,192,0.0,0.7,1.0,0.0,3.0,0,0,Atypical Angina,Female,<= 120 mg/dl,Normal,No,Upsloping,Normal,Younger (<55),Month 1,1,PT-M01-0169,SIMULATED_MONITORING_DATA (EDUCATIONAL_USE_ONLY)
52,1,3,171,199,1.0,0,162,0.0,0.5,1.0,0.0,7.0,0,0,Non-Anginal Pain,Male,> 120 mg/dl,Normal,No,Upsloping,Reversible Defect,Younger (<55),Month 1,1,PT-M01-0170,SIMULATED_MONITORING_DATA (EDUCATIONAL_USE_ONLY)
45,1,4,114,264,0.0,2,185,0.0,0.0,1.0,0.0,3.0,0,0,Asymptomatic,Male,<= 120 mg/dl,Left Ventricular Hypertrophy,No,Upsloping,Normal,Younger (<55),Month 1,1,PT-M01-0171,SIMULATED_MONITORING_DATA (EDUCATIONAL_USE_ONLY)
56,1,2,119,240,0.0,0,178,0.0,0.8,1.0,0.0,3.0,0,0,Atypical Angina,Male,<= 120 mg/dl,Normal,No,Upsloping,Normal,Senior (>=55),Month 1,1,PT-M01-0172,SIMULATED_MONITORING_DATA (EDUCATIONAL_USE_ONLY)
62,0,4,124,209,0.0,0,163,0.0,0.0,1.0,0.0,3.0,0,0,Asymptomatic,Female,<= 120 mg/dl,Normal,No,Upsloping,Normal,Senior (>=55),Month 1,1,PT-M01-0173,SIMULATED_MONITORING_DATA (EDUCATIONAL_USE_ONLY)
52,1,4,129,257,0.0,0,161,1.0,0.0,1.0,1.0,7.0,1,1,Asymptomatic,Male,<= 120 mg/dl,Normal,Yes,Upsloping,Reversible Defect,Younger (<55),Month 1,1,PT-M01-0174,SIMULATED_MONITORING_DATA (EDUCATIONAL_USE_ONLY)
54,1,3,125,274,0.0,2,152,0.0,0.5,3.0,1.0,3.0,0,0,Non-Anginal Pain,Male,<= 120 mg/dl,Left Ventricular Hypertrophy,No,Downsloping,Normal,Younger (<55),Month 1,1,PT-M01-0175,SIMULATED_MONITORING_DATA (EDUCATIONAL_USE_ONLY)
46,1,2,102,200,1.0,0,156,0.0,0.0,1.0,0.0,7.0,0,0,Atypical Angina,Male,> 120 mg/dl,Normal,No,Upsloping,Reversible Defect,Younger (<55),Month 1,1,PT-M01-0176,SIMULATED_MONITORING_DATA (EDUCATIONAL_USE_ONLY)
65,1,1,138,280,1.0,2,174,0.0,1.4,2.0,1.0,3.0,1,1,Typical Angina,Male,> 120 mg/dl,Left Ventricular Hypertrophy,No,Flat,Normal,Senior (>=55),Month 1,1,PT-M01-0177,SIMULATED_MONITORING_DATA (EDUCATIONAL_USE_ONLY)
60,1,3,142,186,0.0,2,155,0.0,3.0,2.0,0.0,3.0,1,1,Non-Anginal Pain,Male,<= 120 mg/dl,Left Ventricular Hypertrophy,No,Flat,Normal,Senior (>=55),Month 1,1,PT-M01-0178,SIMULATED_MONITORING_DATA (EDUCATIONAL_USE_ONLY)
54,0,2,132,290,1.0,2,159,1.0,0.0,1.0,1.0,3.0,0,0,Atypical Angina,Female,> 120 mg/dl,Left Ventricular Hypertrophy,Yes,Upsloping,Normal,Younger (<55),Month 1,1,PT-M01-0179,SIMULATED_MONITORING_DATA (EDUCATIONAL_USE_ONLY)
60,1,4,134,249,0.0,0,144,1.0,1.4,1.0,1.0,7.0,1,1,Asymptomatic,Male,<= 120 mg/dl,Normal,Yes,Upsloping,Reversible Defect,Senior (>=55),Month 1,1,PT-M01-0180,SIMULATED_MONITORING_DATA (EDUCATIONAL_USE_ONLY)
56,1,4,126,247,1.0,2,144,1.0,1.2,2.0,1.0,3.0,1,1,Asymptomatic,Male,> 120 mg/dl,Left Ventricular Hypertrophy,Yes,Flat,Normal,Senior (>=55),Month 1,1,PT-M01-0181,SIMULATED_MONITORING_DATA (EDUCATIONAL_USE_ONLY)
62,1,3,129,227,0.0,0,146,0.0,1.8,2.0,3.0,7.0,0,0,Non-Anginal Pain,Male,<= 120 mg/dl,Normal,No,Flat,Reversible Defect,Senior (>=55),Month 1,1,PT-M01-0182,SIMULATED_MONITORING_DATA (EDUCATIONAL_USE_ONLY)
52,1,3,170,198,1.0,0,162,0.0,0.5,1.0,0.0,7.0,0,0,Non-Anginal Pain,Male,> 120 mg/dl,Normal,No,Upsloping,Reversible Defect,Younger (<55),Month 1,1,PT-M01-0183,SIMULATED_MONITORING_DATA (EDUCATIONAL_USE_ONLY)
70,1,4,131,323,0.0,2,109,0.0,2.4,2.0,3.0,3.0,1,1,Asymptomatic,Male,<= 120 mg/dl,Left Ventricular Hypertrophy,No,Flat,Normal,Senior (>=55),Month 1,1,PT-M01-0184,SIMULATED_MONITORING_DATA (EDUCATIONAL_USE_ONLY)
58,1,3,140,214,1.0,2,165,0.0,0.0,1.0,0.0,3.0,0,0,Non-Anginal Pain,Male,> 120 mg/dl,Left Ventricular Hypertrophy,No,Upsloping,Normal,Senior (>=55),Month 1,1,PT-M01-0185,SIMULATED_MONITORING_DATA (EDUCATIONAL_USE_ONLY)
44,1,2,121,220,0.0,0,170,0.0,0.0,1.0,0.0,3.0,0,0,Atypical Angina,Male,<= 120 mg/dl,Normal,No,Upsloping,Normal,Younger (<55),Month 1,1,PT-M01-0186,SIMULATED_MONITORING_DATA (EDUCATIONAL_USE_ONLY)
63,1,4,131,257,0.0,2,147,0.0,1.4,2.0,1.0,7.0,2,1,Asymptomatic,Male,<= 120 mg/dl,Left Ventricular Hypertrophy,No,Flat,Reversible Defect,Senior (>=55),Month 1,1,PT-M01-0187,SIMULATED_MONITORING_DATA (EDUCATIONAL_USE_ONLY)
53,0,4,138,231,0.0,2,160,0.0,0.0,1.0,0.0,3.0,0,0,Asymptomatic,Female,<= 120 mg/dl,Left Ventricular Hypertrophy,No,Upsloping,Normal,Younger (<55),Month 1,1,PT-M01-0188,SIMULATED_MONITORING_DATA (EDUCATIONAL_USE_ONLY)
53,0,4,129,261,0.0,2,143,0.0,0.4,2.0,0.0,3.0,0,0,Asymptomatic,Female,<= 120 mg/dl,Left Ventricular Hypertrophy,No,Flat,Normal,Younger (<55),Month 1,1,PT-M01-0189,SIMULATED_MONITORING_DATA (EDUCATIONAL_USE_ONLY)
35,1,4,124,282,0.0,2,156,1.0,0.0,1.0,0.0,7.0,1,1,Asymptomatic,Male,<= 120 mg/dl,Left Ventricular Hypertrophy,Yes,Upsloping,Reversible Defect,Younger (<55),Month 1,1,PT-M01-0190,SIMULATED_MONITORING_DATA (EDUCATIONAL_USE_ONLY)
47,1,3,137,258,0.0,2,156,0.0,0.0,1.0,0.0,3.0,0,0,Non-Anginal Pain,Male,<= 120 mg/dl,Left Ventricular Hypertrophy,No,Upsloping,Normal,Younger (<55),Month 1,1,PT-M01-0191,SIMULATED_MONITORING_DATA (EDUCATIONAL_USE_ONLY)
46,1,4,141,311,0.0,0,120,1.0,1.8,2.0,2.0,7.0,2,1,Asymptomatic,Male,<= 120 mg/dl,Normal,Yes,Flat,Reversible Defect,Younger (<55),Month 1,1,PT-M01-0192,SIMULATED_MONITORING_DATA (EDUCATIONAL_USE_ONLY)
61,0,4,145,303,0.0,2,146,1.0,1.0,2.0,0.0,7.0,1,1,Asymptomatic,Female,<= 120 mg/dl,Left Ventricular Hypertrophy,Yes,Flat,Reversible Defect,Senior (>=55),Month 1,1,PT-M01-0193,SIMULATED_MONITORING_DATA (EDUCATIONAL_USE_ONLY)
34,0,2,116,210,0.0,0,192,0.0,0.7,1.0,0.0,3.0,0,0,Atypical Angina,Female,<= 120 mg/dl,Normal,No,Upsloping,Normal,Younger (<55),Month 1,1,PT-M01-0194,SIMULATED_MONITORING_DATA (EDUCATIONAL_USE_ONLY)
44,1,2,130,216,0.0,2,188,0.0,0.0,1.0,0.0,3.0,0,0,Atypical Angina,Male,<= 120 mg/dl,Left Ventricular Hypertrophy,No,Upsloping,Normal,Younger (<55),Month 1,1,PT-M01-0195,SIMULATED_MONITORING_DATA (EDUCATIONAL_USE_ONLY)
50,0,3,121,220,0.0,0,158,0.0,1.6,2.0,0.0,3.0,0,0,Non-Anginal Pain,Female,<= 120 mg/dl,Normal,No,Flat,Normal,Younger (<55),Month 1,1,PT-M01-0196,SIMULATED_MONITORING_DATA (EDUCATIONAL_USE_ONLY)
56,1,4,124,250,1.0,2,144,1.0,1.2,2.0,1.0,3.0,1,1,Asymptomatic,Male,> 120 mg/dl,Left Ventricular Hypertrophy,Yes,Flat,Normal,Senior (>=55),Month 1,1,PT-M01-0197,SIMULATED_MONITORING_DATA (EDUCATIONAL_USE_ONLY)
41,1,2,110,233,0.0,0,153,0.0,0.0,1.0,0.0,3.0,0,0,Atypical Angina,Male,<= 120 mg/dl,Normal,No,Upsloping,Normal,Younger (<55),Month 1,1,PT-M01-0198,SIMULATED_MONITORING_DATA (EDUCATIONAL_USE_ONLY)
56,0,4,134,408,0.0,2,150,1.0,1.9,2.0,2.0,7.0,2,1,Asymptomatic,Female,<= 120 mg/dl,Left Ventricular Hypertrophy,Yes,Flat,Reversible Defect,Senior (>=55),Month 1,1,PT-M01-0199,SIMULATED_MONITORING_DATA (EDUCATIONAL_USE_ONLY)
42,1,4,134,313,0.0,0,125,1.0,1.8,2.0,0.0,6.0,2,1,Asymptomatic,Male,<= 120 mg/dl,Normal,Yes,Flat,Fixed Defect,Younger (<55),Month 1,1,PT-M01-0200,SIMULATED_MONITORING_DATA (EDUCATIONAL_USE_ONLY)
66,1,4,113,212,0.0,2,132,1.0,0.1,1.0,1.0,3.0,2,1,Asymptomatic,Male,<= 120 mg/dl,Left Ventricular Hypertrophy,Yes,Upsloping,Normal,Senior (>=55),Month 1,1,PT-M01-0201,SIMULATED_MONITORING_DATA (EDUCATIONAL_USE_ONLY)
41,1,2,136,205,0.0,0,132,0.0,0.0,2.0,0.0,6.0,0,0,Atypical Angina,Male,<= 120 mg/dl,Normal,No,Flat,Fixed Defect,Younger (<55),Month 1,1,PT-M01-0202,SIMULATED_MONITORING_DATA (EDUCATIONAL_USE_ONLY)
70,1,2,158,243,0.0,2,143,0.0,0.0,1.0,0.0,3.0,0,0,Atypical Angina,Male,<= 120 mg/dl,Left Ventricular Hypertrophy,No,Upsloping,Normal,Senior (>=55),Month 1,1,PT-M01-0203,SIMULATED_MONITORING_DATA (EDUCATIONAL_USE_ONLY)
57,1,4,152,277,0.0,2,112,1.0,0.6,2.0,1.0,6.0,1,1,Asymptomatic,Male,<= 120 mg/dl,Left Ventricular Hypertrophy,Yes,Flat,Fixed Defect,Senior (>=55),Month 1,1,PT-M01-0204,SIMULATED_MONITORING_DATA (EDUCATIONAL_USE_ONLY)
34,1,1,116,181,0.0,2,174,0.0,0.0,1.0,0.0,3.0,0,0,Typical Angina,Male,<= 120 mg/dl,Left Ventricular Hypertrophy,No,Upsloping,Normal,Younger (<55),Month 1,1,PT-M01-0205,SIMULATED_MONITORING_DATA (EDUCATIONAL_USE_ONLY)
51,1,3,99,220,0.0,0,143,1.0,1.2,2.0,0.0,3.0,0,0,Non-Anginal Pain,Male,<= 120 mg/dl,Normal,Yes,Flat,Normal,Younger (<55),Month 1,1,PT-M01-0206,SIMULATED_MONITORING_DATA (EDUCATIONAL_USE_ONLY)
60,1,4,126,258,0.0,2,141,1.0,2.8,2.0,1.0,7.0,1,1,Asymptomatic,Male,<= 120 mg/dl,Left Ventricular Hypertrophy,Yes,Flat,Reversible Defect,Senior (>=55),Month 1,1,PT-M01-0207,SIMULATED_MONITORING_DATA (EDUCATIONAL_USE_ONLY)
65,0,3,161,358,0.0,2,151,0.0,0.8,1.0,0.0,3.0,0,0,Non-Anginal Pain,Female,<= 120 mg/dl,Left Ventricular Hypertrophy,No,Upsloping,Normal,Senior (>=55),Month 1,1,PT-M01-0208,SIMULATED_MONITORING_DATA (EDUCATIONAL_USE_ONLY)
60,0,3,103,317,0.0,0,160,0.0,0.0,1.0,1.0,3.0,0,0,Non-Anginal Pain,Female,<= 120 mg/dl,Normal,No,Upsloping,Normal,Senior (>=55),Month 1,1,PT-M01-0209,SIMULATED_MONITORING_DATA (EDUCATIONAL_USE_ONLY)
60,1,3,146,183,0.0,2,155,0.0,3.0,2.0,0.0,3.0,1,1,Non-Anginal Pain,Male,<= 120 mg/dl,Left Ventricular Hypertrophy,No,Flat,Normal,Senior (>=55),Month 1,1,PT-M01-0210,SIMULATED_MONITORING_DATA (EDUCATIONAL_USE_ONLY)
52,1,4,129,259,0.0,0,161,1.0,0.0,1.0,1.0,7.0,1,1,Asymptomatic,Male,<= 120 mg/dl,Normal,Yes,Upsloping,Reversible Defect,Younger (<55),Month 1,1,PT-M01-0211,SIMULATED_MONITORING_DATA (EDUCATIONAL_USE_ONLY)
46,1,2,103,197,1.0,0,156,0.0,0.0,1.0,0.0,7.0,0,0,Atypical Angina,Male,> 120 mg/dl,Normal,No,Upsloping,Reversible Defect,Younger (<55),Month 1,1,PT-M01-0212,SIMULATED_MONITORING_DATA (EDUCATIONAL_USE_ONLY)
59,1,3,151,211,1.0,0,157,0.0,1.6,1.0,0.0,3.0,0,0,Non-Anginal Pain,Male,> 120 mg/dl,Normal,No,Upsloping,Normal,Senior (>=55),Month 1,1,PT-M01-0213,SIMULATED_MONITORING_DATA (EDUCATIONAL_USE_ONLY)
52,1,4,129,204,1.0,0,156,1.0,1.0,2.0,0.0,3.0,2,1,Asymptomatic,Male,> 120 mg/dl,Normal,Yes,Flat,Normal,Younger (<55),Month 1,1,PT-M01-0214,SIMULATED_MONITORING_DATA (EDUCATIONAL_USE_ONLY)
57,0,4,120,354,0.0,0,163,1.0,0.6,1.0,0.0,3.0,0,0,Asymptomatic,Female,<= 120 mg/dl,Normal,Yes,Upsloping,Normal,Senior (>=55),Month 1,1,PT-M01-0215,SIMULATED_MONITORING_DATA (EDUCATIONAL_USE_ONLY)
64,0,4,181,325,0.0,0,154,1.0,0.0,1.0,0.0,3.0,0,0,Asymptomatic,Female,<= 120 mg/dl,Normal,Yes,Upsloping,Normal,Senior (>=55),Month 1,1,PT-M01-0216,SIMULATED_MONITORING_DATA (EDUCATIONAL_USE_ONLY)
63,1,4,129,255,0.0,2,147,0.0,1.4,2.0,1.0,7.0,2,1,Asymptomatic,Male,<= 120 mg/dl,Left Ventricular Hypertrophy,No,Flat,Reversible Defect,Senior (>=55),Month 1,1,PT-M01-0217,SIMULATED_MONITORING_DATA (EDUCATIONAL_USE_ONLY)
62,0,4,150,246,0.0,0,154,1.0,1.4,2.0,0.0,3.0,1,1,Asymptomatic,Female,<= 120 mg/dl,Normal,Yes,Flat,Normal,Senior (>=55),Month 1,1,PT-M01-0218,SIMULATED_MONITORING_DATA (EDUCATIONAL_USE_ONLY)
35,1,4,125,281,0.0,2,156,1.0,0.0,1.0,0.0,7.0,1,1,Asymptomatic,Male,<= 120 mg/dl,Left Ventricular Hypertrophy,Yes,Upsloping,Reversible Defect,Younger (<55),Month 1,1,PT-M01-0219,SIMULATED_MONITORING_DATA (EDUCATIONAL_USE_ONLY)
51,1,4,140,260,0.0,2,186,1.0,0.0,1.0,0.0,3.0,0,0,Asymptomatic,Male,<= 120 mg/dl,Left Ventricular Hypertrophy,Yes,Upsloping,Normal,Younger (<55),Month 1,1,PT-M01-0220,SIMULATED_MONITORING_DATA (EDUCATIONAL_USE_ONLY)
43,0,4,135,340,1.0,2,136,1.0,3.0,2.0,0.0,7.0,2,1,Asymptomatic,Female,> 120 mg/dl,Left Ventricular Hypertrophy,Yes,Flat,Reversible Defect,Younger (<55),Month 1,1,PT-M01-0221,SIMULATED_MONITORING_DATA (EDUCATIONAL_USE_ONLY)
60,0,4,147,253,0.0,2,157,0.0,2.6,2.0,2.0,7.0,3,1,Asymptomatic,Female,<= 120 mg/dl,Left Ventricular Hypertrophy,No,Flat,Reversible Defect,Senior (>=55),Month 1,1,PT-M01-0222,SIMULATED_MONITORING_DATA (EDUCATIONAL_USE_ONLY)
70,1,4,131,319,0.0,2,109,0.0,2.4,2.0,3.0,3.0,1,1,Asymptomatic,Male,<= 120 mg/dl,Left Ventricular Hypertrophy,No,Flat,Normal,Senior (>=55),Month 1,1,PT-M01-0223,SIMULATED_MONITORING_DATA (EDUCATIONAL_USE_ONLY)
59,1,3,124,221,1.0,0,134,0.0,2.2,2.0,1.0,6.0,2,1,Non-Anginal Pain,Male,> 120 mg/dl,Normal,No,Flat,Fixed Defect,Senior (>=55),Month 1,1,PT-M01-0224,SIMULATED_MONITORING_DATA (EDUCATIONAL_USE_ONLY)
65,0,4,149,228,0.0,2,114,0.0,1.0,2.0,3.0,7.0,4,1,Asymptomatic,Female,<= 120 mg/dl,Left Ventricular Hypertrophy,No,Flat,Reversible Defect,Senior (>=55),Month 1,1,PT-M01-0225,SIMULATED_MONITORING_DATA (EDUCATIONAL_USE_ONLY)
64,1,4,122,246,0.0,2,96,1.0,2.2,3.0,1.0,3.0,3,1,Asymptomatic,Male,<= 120 mg/dl,Left Ventricular Hypertrophy,Yes,Downsloping,Normal,Senior (>=55),Month 1,1,PT-M01-0226,SIMULATED_MONITORING_DATA (EDUCATIONAL_USE_ONLY)
56,1,2,120,241,0.0,0,169,0.0,0.0,3.0,0.0,3.0,0,0,Atypical Angina,Male,<= 120 mg/dl,Normal,No,Downsloping,Normal,Senior (>=55),Month 1,1,PT-M01-0227,SIMULATED_MONITORING_DATA (EDUCATIONAL_USE_ONLY)
43,1,4,148,248,0.0,0,171,0.0,1.5,1.0,0.0,3.0,0,0,Asymptomatic,Male,<= 120 mg/dl,Normal,No,Upsloping,Normal,Younger (<55),Month 1,1,PT-M01-0228,SIMULATED_MONITORING_DATA (EDUCATIONAL_USE_ONLY)
50,1,3,139,239,0.0,0,163,0.0,0.6,2.0,1.0,7.0,1,1,Non-Anginal Pain,Male,<= 120 mg/dl,Normal,No,Flat,Reversible Defect,Younger (<55),Month 1,1,PT-M01-0229,SIMULATED_MONITORING_DATA (EDUCATIONAL_USE_ONLY)
51,1,3,95,229,0.0,0,154,1.0,0.0,1.0,1.0,7.0,0,0,Non-Anginal Pain,Male,<= 120 mg/dl,Normal,Yes,Upsloping,Reversible Defect,Younger (<55),Month 1,1,PT-M01-0230,SIMULATED_MONITORING_DATA (EDUCATIONAL_USE_ONLY)
65,0,4,149,225,0.0,2,114,0.0,1.0,2.0,3.0,7.0,4,1,Asymptomatic,Female,<= 120 mg/dl,Left Ventricular Hypertrophy,No,Flat,Reversible Defect,Senior (>=55),Month 1,1,PT-M01-0231,SIMULATED_MONITORING_DATA (EDUCATIONAL_USE_ONLY)
44,1,2,120,261,0.0,0,173,0.0,0.0,1.0,0.0,7.0,0,0,Atypical Angina,Male,<= 120 mg/dl,Normal,No,Upsloping,Reversible Defect,Younger (<55),Month 1,1,PT-M01-0232,SIMULATED_MONITORING_DATA (EDUCATIONAL_USE_ONLY)
58,1,3,132,221,0.0,2,173,0.0,3.2,1.0,2.0,7.0,3,1,Non-Anginal Pain,Male,<= 120 mg/dl,Left Ventricular Hypertrophy,No,Upsloping,Reversible Defect,Senior (>=55),Month 1,1,PT-M01-0233,SIMULATED_MONITORING_DATA (EDUCATIONAL_USE_ONLY)
45,1,1,109,264,0.0,0,132,0.0,1.2,2.0,0.0,7.0,1,1,Typical Angina,Male,<= 120 mg/dl,Normal,No,Flat,Reversible Defect,Younger (<55),Month 1,1,PT-M01-0234,SIMULATED_MONITORING_DATA (EDUCATIONAL_USE_ONLY)
47,1,4,115,202,0.0,0,143,0.0,0.1,1.0,0.0,3.0,0,0,Asymptomatic,Male,<= 120 mg/dl,Normal,No,Upsloping,Normal,Younger (<55),Month 1,1,PT-M01-0235,SIMULATED_MONITORING_DATA (EDUCATIONAL_USE_ONLY)
62,0,3,131,260,0.0,0,97,0.0,1.2,2.0,1.0,7.0,2,1,Non-Anginal Pain,Female,<= 120 mg/dl,Normal,No,Flat,Reversible Defect,Senior (>=55),Month 1,1,PT-M01-0236,SIMULATED_MONITORING_DATA (EDUCATIONAL_USE_ONLY)
58,0,4,127,196,0.0,0,131,0.0,0.6,2.0,0.0,3.0,0,0,Asymptomatic,Female,<= 120 mg/dl,Normal,No,Flat,Normal,Senior (>=55),Month 1,1,PT-M01-0237,SIMULATED_MONITORING_DATA (EDUCATIONAL_USE_ONLY)
76,0,3,140,195,0.0,1,116,0.0,1.1,2.0,0.0,3.0,0,0,Non-Anginal Pain,Female,<= 120 mg/dl,ST-T Abnormality,No,Flat,Normal,Senior (>=55),Month 1,1,PT-M01-0238,SIMULATED_MONITORING_DATA (EDUCATIONAL_USE_ONLY)
59,1,4,137,274,0.0,2,182,0.0,0.0,1.0,0.0,3.0,0,0,Asymptomatic,Male,<= 120 mg/dl,Left Ventricular Hypertrophy,No,Upsloping,Normal,Senior (>=55),Month 1,1,PT-M01-0239,SIMULATED_MONITORING_DATA (EDUCATIONAL_USE_ONLY)
41,1,3,131,216,0.0,2,168,0.0,2.0,2.0,0.0,3.0,0,0,Non-Anginal Pain,Male,<= 120 mg/dl,Left Ventricular Hypertrophy,No,Flat,Normal,Younger (<55),Month 1,1,PT-M01-0240,SIMULATED_MONITORING_DATA (EDUCATIONAL_USE_ONLY)
42,1,2,119,295,0.0,0,162,0.0,0.0,1.0,0.0,3.0,0,0,Atypical Angina,Male,<= 120 mg/dl,Normal,No,Upsloping,Normal,Younger (<55),Month 1,1,PT-M01-0241,SIMULATED_MONITORING_DATA (EDUCATIONAL_USE_ONLY)
60,0,1,150,243,0.0,0,171,0.0,0.9,1.0,0.0,3.0,0,0,Typical Angina,Female,<= 120 mg/dl,Normal,No,Upsloping,Normal,Senior (>=55),Month 1,1,PT-M01-0242,SIMULATED_MONITORING_DATA (EDUCATIONAL_USE_ONLY)
58,0,4,101,248,0.0,2,122,0.0,1.0,2.0,0.0,3.0,0,0,Asymptomatic,Female,<= 120 mg/dl,Left Ventricular Hypertrophy,No,Flat,Normal,Senior (>=55),Month 1,1,PT-M01-0243,SIMULATED_MONITORING_DATA (EDUCATIONAL_USE_ONLY)
41,1,2,121,155,0.0,0,182,0.0,0.0,1.0,0.0,3.0,0,0,Atypical Angina,Male,<= 120 mg/dl,Normal,No,Upsloping,Normal,Younger (<55),Month 1,1,PT-M01-0244,SIMULATED_MONITORING_DATA (EDUCATIONAL_USE_ONLY)
70,1,4,143,177,0.0,0,125,1.0,2.6,3.0,0.0,7.0,4,1,Asymptomatic,Male,<= 120 mg/dl,Normal,Yes,Downsloping,Reversible Defect,Senior (>=55),Month 1,1,PT-M01-0245,SIMULATED_MONITORING_DATA (EDUCATIONAL_USE_ONLY)
50,0,4,109,255,0.0,2,159,0.0,0.0,1.0,0.0,3.0,0,0,Asymptomatic,Female,<= 120 mg/dl,Left Ventricular Hypertrophy,No,Upsloping,Normal,Younger (<55),Month 1,1,PT-M01-0246,SIMULATED_MONITORING_DATA (EDUCATIONAL_USE_ONLY)
45,0,2,111,158,0.0,0,138,0.0,0.0,2.0,0.0,3.0,0,0,Atypical Angina,Female,<= 120 mg/dl,Normal,No,Flat,Normal,Younger (<55),Month 1,1,PT-M01-0247,SIMULATED_MONITORING_DATA (EDUCATIONAL_USE_ONLY)
44,1,3,129,233,0.0,0,179,1.0,0.4,1.0,0.0,3.0,0,0,Non-Anginal Pain,Male,<= 120 mg/dl,Normal,Yes,Upsloping,Normal,Younger (<55),Month 1,1,PT-M01-0248,SIMULATED_MONITORING_DATA (EDUCATIONAL_USE_ONLY)
57,1,4,113,333,0.0,0,143,1.0,3.0,2.0,1.0,7.0,2,1,Asymptomatic,Male,<= 120 mg/dl,Normal,Yes,Flat,Reversible Defect,Senior (>=55),Month 1,1,PT-M01-0249,SIMULATED_MONITORING_DATA (EDUCATIONAL_USE_ONLY)
59,1,4,165,173,1.0,2,90,0.0,1.0,2.0,2.0,6.0,3,1,Asymptomatic,Male,> 120 mg/dl,Left Ventricular Hypertrophy,No,Flat,Fixed Defect,Senior (>=55),Month 1,1,PT-M01-0250,SIMULATED_MONITORING_DATA (EDUCATIONAL_USE_ONLY)
66,0,3,155,286,0.0,2,150,0.0,0.0,2.0,1.0,3.0,0,0,Non-Anginal Pain,Female,<= 120 mg/dl,Left Ventricular Hypertrophy,No,Flat,Normal,Senior (>=55),Month 2,2,PT-M02-0001,SIMULATED_MONITORING_DATA (EDUCATIONAL_USE_ONLY)
41,0,2,136,314,0.0,0,160,0.0,0.0,1.0,0.0,3.0,0,0,Atypical Angina,Female,<= 120 mg/dl,Normal,No,Upsloping,Normal,Younger (<55),Month 2,2,PT-M02-0002,SIMULATED_MONITORING_DATA (EDUCATIONAL_USE_ONLY)
62,0,4,144,407,0.0,2,152,0.0,1.2,2.0,0.0,3.0,0,0,Asymptomatic,Female,<= 120 mg/dl,Left Ventricular Hypertrophy,No,Flat,Normal,Senior (>=55),Month 2,2,PT-M02-0003,SIMULATED_MONITORING_DATA (EDUCATIONAL_USE_ONLY)
51,1,1,132,225,0.0,2,120,1.0,1.4,1.0,1.0,3.0,0,0,Typical Angina,Male,<= 120 mg/dl,Left Ventricular Hypertrophy,Yes,Upsloping,Normal,Younger (<55),Month 2,2,PT-M02-0004,SIMULATED_MONITORING_DATA (EDUCATIONAL_USE_ONLY)
59,1,4,114,246,0.0,2,139,1.0,1.2,2.0,1.0,7.0,2,1,Asymptomatic,Male,<= 120 mg/dl,Left Ventricular Hypertrophy,Yes,Flat,Reversible Defect,Senior (>=55),Month 2,2,PT-M02-0005,SIMULATED_MONITORING_DATA (EDUCATIONAL_USE_ONLY)
52,1,2,125,346,0.0,0,168,0.0,0.2,1.0,0.0,3.0,0,0,Atypical Angina,Male,<= 120 mg/dl,Normal,No,Upsloping,Normal,Younger (<55),Month 2,2,PT-M02-0006,SIMULATED_MONITORING_DATA (EDUCATIONAL_USE_ONLY)
42,1,2,125,308,0.0,0,159,0.0,0.0,1.0,0.0,3.0,0,0,Atypical Angina,Male,<= 120 mg/dl,Normal,No,Upsloping,Normal,Younger (<55),Month 2,2,PT-M02-0007,SIMULATED_MONITORING_DATA (EDUCATIONAL_USE_ONLY)
48,1,4,135,267,1.0,2,147,1.0,0.0,1.0,2.0,7.0,3,1,Asymptomatic,Male,> 120 mg/dl,Left Ventricular Hypertrophy,Yes,Upsloping,Reversible Defect,Younger (<55),Month 2,2,PT-M02-0008,SIMULATED_MONITORING_DATA (EDUCATIONAL_USE_ONLY)
42,0,4,107,273,0.0,2,120,0.0,0.6,2.0,0.0,3.0,0,0,Asymptomatic,Female,<= 120 mg/dl,Left Ventricular Hypertrophy,No,Flat,Normal,Younger (<55),Month 2,2,PT-M02-0009,SIMULATED_MONITORING_DATA (EDUCATIONAL_USE_ONLY)
67,1,4,103,313,0.0,2,120,1.0,0.9,2.0,2.0,3.0,3,1,Asymptomatic,Male,<= 120 mg/dl,Left Ventricular Hypertrophy,Yes,Flat,Normal,Senior (>=55),Month 2,2,PT-M02-0010,SIMULATED_MONITORING_DATA (EDUCATIONAL_USE_ONLY)
59,1,1,169,282,0.0,2,124,0.0,0.0,1.0,0.0,3.0,1,1,Typical Angina,Male,<= 120 mg/dl,Left Ventricular Hypertrophy,No,Upsloping,Normal,Senior (>=55),Month 2,2,PT-M02-0011,SIMULATED_MONITORING_DATA (EDUCATIONAL_USE_ONLY)
54,1,3,157,242,0.0,2,160,0.0,1.6,1.0,0.0,7.0,0,0,Non-Anginal Pain,Male,<= 120 mg/dl,Left Ventricular Hypertrophy,No,Upsloping,Reversible Defect,Younger (<55),Month 2,2,PT-M02-0012,SIMULATED_MONITORING_DATA (EDUCATIONAL_USE_ONLY)
67,0,3,159,296,0.0,0,171,0.0,0.0,1.0,1.0,3.0,0,0,Non-Anginal Pain,Female,<= 120 mg/dl,Normal,No,Upsloping,Normal,Senior (>=55),Month 2,2,PT-M02-0013,SIMULATED_MONITORING_DATA (EDUCATIONAL_USE_ONLY)
39,1,4,122,227,0.0,0,134,0.0,1.2,2.0,0.0,7.0,3,1,Asymptomatic,Male,<= 120 mg/dl,Normal,No,Flat,Reversible Defect,Younger (<55),Month 2,2,PT-M02-0014,SIMULATED_MONITORING_DATA (EDUCATIONAL_USE_ONLY)
67,1,4,125,250,0.0,0,72,0.0,1.0,2.0,0.0,3.0,2,1,Asymptomatic,Male,<= 120 mg/dl,Normal,No,Flat,Normal,Senior (>=55),Month 2,2,PT-M02-0015,SIMULATED_MONITORING_DATA (EDUCATIONAL_USE_ONLY)
45,1,4,122,268,0.0,2,180,0.0,0.0,1.0,0.0,3.0,0,0,Asymptomatic,Male,<= 120 mg/dl,Left Ventricular Hypertrophy,No,Upsloping,Normal,Younger (<55),Month 2,2,PT-M02-0016,SIMULATED_MONITORING_DATA (EDUCATIONAL_USE_ONLY)
41,1,4,117,179,0.0,2,152,0.0,0.0,1.0,0.0,7.0,1,1,Asymptomatic,Male,<= 120 mg/dl,Left Ventricular Hypertrophy,No,Upsloping,Reversible Defect,Younger (<55),Month 2,2,PT-M02-0017,SIMULATED_MONITORING_DATA (EDUCATIONAL_USE_ONLY)
76,0,3,145,210,0.0,1,112,0.0,1.1,2.0,0.0,3.0,0,0,Non-Anginal Pain,Female,<= 120 mg/dl,ST-T Abnormality,No,Flat,Normal,Senior (>=55),Month 2,2,PT-M02-0018,SIMULATED_MONITORING_DATA (EDUCATIONAL_USE_ONLY)
52,1,3,181,205,1.0,0,156,0.0,0.5,1.0,0.0,7.0,0,0,Non-Anginal Pain,Male,> 120 mg/dl,Normal,No,Upsloping,Reversible Defect,Younger (<55),Month 2,2,PT-M02-0019,SIMULATED_MONITORING_DATA (EDUCATIONAL_USE_ONLY)
48,1,4,138,272,1.0,2,146,1.0,0.0,1.0,2.0,7.0,3,1,Asymptomatic,Male,> 120 mg/dl,Left Ventricular Hypertrophy,Yes,Upsloping,Reversible Defect,Younger (<55),Month 2,2,PT-M02-0020,SIMULATED_MONITORING_DATA (EDUCATIONAL_USE_ONLY)
66,0,4,184,239,1.0,0,161,1.0,1.0,2.0,2.0,7.0,3,1,Asymptomatic,Female,> 120 mg/dl,Normal,Yes,Flat,Reversible Defect,Senior (>=55),Month 2,2,PT-M02-0021,SIMULATED_MONITORING_DATA (EDUCATIONAL_USE_ONLY)
59,1,4,117,247,0.0,2,137,1.0,1.2,2.0,1.0,7.0,2,1,Asymptomatic,Male,<= 120 mg/dl,Left Ventricular Hypertrophy,Yes,Flat,Reversible Defect,Senior (>=55),Month 2,2,PT-M02-0022,SIMULATED_MONITORING_DATA (EDUCATIONAL_USE_ONLY)
58,1,2,130,231,0.0,0,140,0.0,0.4,2.0,0.0,7.0,0,0,Atypical Angina,Male,<= 120 mg/dl,Normal,No,Flat,Reversible Defect,Senior (>=55),Month 2,2,PT-M02-0023,SIMULATED_MONITORING_DATA (EDUCATIONAL_USE_ONLY)
62,1,4,127,281,0.0,0,100,1.0,1.8,2.0,2.0,7.0,1,1,Asymptomatic,Male,<= 120 mg/dl,Normal,Yes,Flat,Reversible Defect,Senior (>=55),Month 2,2,PT-M02-0024,SIMULATED_MONITORING_DATA (EDUCATIONAL_USE_ONLY)
69,1,3,145,266,0.0,2,145,0.0,2.0,2.0,3.0,7.0,2,1,Non-Anginal Pain,Male,<= 120 mg/dl,Left Ventricular Hypertrophy,No,Flat,Reversible Defect,Senior (>=55),Month 2,2,PT-M02-0025,SIMULATED_MONITORING_DATA (EDUCATIONAL_USE_ONLY)
62,1,4,122,273,0.0,0,97,1.0,1.8,2.0,2.0,7.0,1,1,Asymptomatic,Male,<= 120 mg/dl,Normal,Yes,Flat,Reversible Defect,Senior (>=55),Month 2,2,PT-M02-0026,SIMULATED_MONITORING_DATA (EDUCATIONAL_USE_ONLY)
47,1,3,142,265,0.0,2,151,0.0,0.0,1.0,0.0,3.0,0,0,Non-Anginal Pain,Male,<= 120 mg/dl,Left Ventricular Hypertrophy,No,Upsloping,Normal,Younger (<55),Month 2,2,PT-M02-0027,SIMULATED_MONITORING_DATA (EDUCATIONAL_USE_ONLY)
49,0,4,137,279,0.0,0,158,0.0,0.0,1.0,0.0,3.0,0,0,Asymptomatic,Female,<= 120 mg/dl,Normal,No,Upsloping,Normal,Younger (<55),Month 2,2,PT-M02-0028,SIMULATED_MONITORING_DATA (EDUCATIONAL_USE_ONLY)
58,1,3,111,249,0.0,2,151,1.0,0.6,2.0,0.0,7.0,0,0,Non-Anginal Pain,Male,<= 120 mg/dl,Left Ventricular Hypertrophy,Yes,Flat,Reversible Defect,Senior (>=55),Month 2,2,PT-M02-0029,SIMULATED_MONITORING_DATA (EDUCATIONAL_USE_ONLY)
58,1,3,145,221,1.0,2,158,0.0,0.0,1.0,0.0,3.0,0,0,Non-Anginal Pain,Male,> 120 mg/dl,Left Ventricular Hypertrophy,No,Upsloping,Normal,Senior (>=55),Month 2,2,PT-M02-0030,SIMULATED_MONITORING_DATA (EDUCATIONAL_USE_ONLY)
41,0,2,112,206,0.0,0,162,0.0,0.0,1.0,1.0,3.0,0,0,Atypical Angina,Female,<= 120 mg/dl,Normal,No,Upsloping,Normal,Younger (<55),Month 2,2,PT-M02-0031,SIMULATED_MONITORING_DATA (EDUCATIONAL_USE_ONLY)
48,0,3,133,282,0.0,0,131,0.0,0.2,1.0,0.0,3.0,0,0,Non-Anginal Pain,Female,<= 120 mg/dl,Normal,No,Upsloping,Normal,Younger (<55),Month 2,2,PT-M02-0032,SIMULATED_MONITORING_DATA (EDUCATIONAL_USE_ONLY)
62,1,3,136,241,0.0,0,142,0.0,1.8,2.0,3.0,7.0,0,0,Non-Anginal Pain,Male,<= 120 mg/dl,Normal,No,Flat,Reversible Defect,Senior (>=55),Month 2,2,PT-M02-0033,SIMULATED_MONITORING_DATA (EDUCATIONAL_USE_ONLY)
58,1,4,117,333,0.0,1,137,0.0,4.4,3.0,3.0,6.0,4,1,Asymptomatic,Male,<= 120 mg/dl,ST-T Abnormality,No,Downsloping,Fixed Defect,Senior (>=55),Month 2,2,PT-M02-0034,SIMULATED_MONITORING_DATA (EDUCATIONAL_USE_ONLY)
67,1,4,167,299,0.0,2,104,1.0,1.5,2.0,3.0,3.0,2,1,Asymptomatic,Male,<= 120 mg/dl,Left Ventricular Hypertrophy,Yes,Flat,Normal,Senior (>=55),Month 2,2,PT-M02-0035,SIMULATED_MONITORING_DATA (EDUCATIONAL_USE_ONLY)
54,0,3,142,319,1.0,0,168,0.0,0.0,1.0,0.0,3.0,0,0,Non-Anginal Pain,Female,> 120 mg/dl,Normal,No,Upsloping,Normal,Younger (<55),Month 2,2,PT-M02-0036,SIMULATED_MONITORING_DATA (EDUCATIONAL_USE_ONLY)
59,1,2,145,232,0.0,0,157,1.0,0.0,1.0,0.0,3.0,0,0,Atypical Angina,Male,<= 120 mg/dl,Normal,Yes,Upsloping,Normal,Senior (>=55),Month 2,2,PT-M02-0037,SIMULATED_MONITORING_DATA (EDUCATIONAL_USE_ONLY)
60,1,3,146,194,0.0,2,147,0.0,3.0,2.0,0.0,3.0,1,1,Non-Anginal Pain,Male,<= 120 mg/dl,Left Ventricular Hypertrophy,No,Flat,Normal,Senior (>=55),Month 2,2,PT-M02-0038,SIMULATED_MONITORING_DATA (EDUCATIONAL_USE_ONLY)
63,1,4,139,264,0.0,2,143,0.0,1.4,2.0,1.0,7.0,2,1,Asymptomatic,Male,<= 120 mg/dl,Left Ventricular Hypertrophy,No,Flat,Reversible Defect,Senior (>=55),Month 2,2,PT-M02-0039,SIMULATED_MONITORING_DATA (EDUCATIONAL_USE_ONLY)
74,0,2,125,275,0.0,2,119,1.0,0.2,1.0,1.0,3.0,0,0,Atypical Angina,Female,<= 120 mg/dl,Left Ventricular Hypertrophy,Yes,Upsloping,Normal,Senior (>=55),Month 2,2,PT-M02-0040,SIMULATED_MONITORING_DATA (EDUCATIONAL_USE_ONLY)
48,1,3,132,266,1.0,0,173,0.0,0.0,1.0,2.0,3.0,0,0,Non-Anginal Pain,Male,> 120 mg/dl,Normal,No,Upsloping,Normal,Younger (<55),Month 2,2,PT-M02-0041,SIMULATED_MONITORING_DATA (EDUCATIONAL_USE_ONLY)
44,1,3,134,243,0.0,0,173,1.0,0.4,1.0,0.0,3.0,0,0,Non-Anginal Pain,Male,<= 120 mg/dl,Normal,Yes,Upsloping,Normal,Younger (<55),Month 2,2,PT-M02-0042,SIMULATED_MONITORING_DATA (EDUCATIONAL_USE_ONLY)
57,1,4,148,200,0.0,0,146,0.0,0.4,2.0,0.0,6.0,0,0,Asymptomatic,Male,<= 120 mg/dl,Normal,No,Flat,Fixed Defect,Senior (>=55),Month 2,2,PT-M02-0043,SIMULATED_MONITORING_DATA (EDUCATIONAL_USE_ONLY)
58,1,3,150,216,1.0,2,160,0.0,0.0,1.0,0.0,3.0,0,0,Non-Anginal Pain,Male,> 120 mg/dl,Left Ventricular Hypertrophy,No,Upsloping,Normal,Senior (>=55),Month 2,2,PT-M02-0044,SIMULATED_MONITORING_DATA (EDUCATIONAL_USE_ONLY)
65,1,4,137,261,0.0,2,123,0.0,2.8,2.0,1.0,7.0,2,1,Asymptomatic,Male,<= 120 mg/dl,Left Ventricular Hypertrophy,No,Flat,Reversible Defect,Senior (>=55),Month 2,2,PT-M02-0045,SIMULATED_MONITORING_DATA (EDUCATIONAL_USE_ONLY)
44,1,2,135,231,0.0,2,184,0.0,0.0,1.0,0.0,3.0,0,0,Atypical Angina,Male,<= 120 mg/dl,Left Ventricular Hypertrophy,No,Upsloping,Normal,Younger (<55),Month 2,2,PT-M02-0046,SIMULATED_MONITORING_DATA (EDUCATIONAL_USE_ONLY)
58,0,1,159,294,1.0,2,158,0.0,1.0,1.0,0.0,3.0,0,0,Typical Angina,Female,> 120 mg/dl,Left Ventricular Hypertrophy,No,Upsloping,Normal,Senior (>=55),Month 2,2,PT-M02-0047,SIMULATED_MONITORING_DATA (EDUCATIONAL_USE_ONLY)
62,0,4,157,256,0.0,0,146,1.0,1.4,2.0,0.0,3.0,1,1,Asymptomatic,Female,<= 120 mg/dl,Normal,Yes,Flat,Normal,Senior (>=55),Month 2,2,PT-M02-0048,SIMULATED_MONITORING_DATA (EDUCATIONAL_USE_ONLY)
55,1,4,148,226,0.0,0,111,1.0,5.6,3.0,0.0,7.0,3,1,Asymptomatic,Male,<= 120 mg/dl,Normal,Yes,Downsloping,Reversible Defect,Senior (>=55),Month 2,2,PT-M02-0049,SIMULATED_MONITORING_DATA (EDUCATIONAL_USE_ONLY)
54,1,4,127,298,0.0,2,115,1.0,3.2,2.0,2.0,3.0,3,1,Asymptomatic,Male,<= 120 mg/dl,Left Ventricular Hypertrophy,Yes,Flat,Normal,Younger (<55),Month 2,2,PT-M02-0050,SIMULATED_MONITORING_DATA (EDUCATIONAL_USE_ONLY)
42,0,3,126,220,0.0,0,167,0.0,0.0,2.0,0.0,3.0,0,0,Non-Anginal Pain,Female,<= 120 mg/dl,Normal,No,Flat,Normal,Younger (<55),Month 2,2,PT-M02-0051,SIMULATED_MONITORING_DATA (EDUCATIONAL_USE_ONLY)
41,0,3,117,277,0.0,2,168,1.0,0.0,1.0,0.0,3.0,0,0,Non-Anginal Pain,Female,<= 120 mg/dl,Left Ventricular Hypertrophy,Yes,Upsloping,Normal,Younger (<55),Month 2,2,PT-M02-0052,SIMULATED_MONITORING_DATA (EDUCATIONAL_USE_ONLY)
49,1,3,128,196,0.0,0,136,0.0,2.0,2.0,3.0,7.0,3,1,Non-Anginal Pain,Male,<= 120 mg/dl,Normal,No,Flat,Reversible Defect,Younger (<55),Month 2,2,PT-M02-0053,SIMULATED_MONITORING_DATA (EDUCATIONAL_USE_ONLY)
62,1,2,135,215,1.0,2,136,0.0,0.0,1.0,0.0,3.0,0,0,Atypical Angina,Male,> 120 mg/dl,Left Ventricular Hypertrophy,No,Upsloping,Normal,Senior (>=55),Month 2,2,PT-M02-0054,SIMULATED_MONITORING_DATA (EDUCATIONAL_USE_ONLY)
65,0,4,158,233,0.0,2,109,0.0,1.0,2.0,3.0,7.0,4,1,Asymptomatic,Female,<= 120 mg/dl,Left Ventricular Hypertrophy,No,Flat,Reversible Defect,Senior (>=55),Month 2,2,PT-M02-0055,SIMULATED_MONITORING_DATA (EDUCATIONAL_USE_ONLY)
44,1,4,115,204,0.0,2,170,0.0,0.0,1.0,1.0,3.0,1,1,Asymptomatic,Male,<= 120 mg/dl,Left Ventricular Hypertrophy,No,Upsloping,Normal,Younger (<55),Month 2,2,PT-M02-0056,SIMULATED_MONITORING_DATA (EDUCATIONAL_USE_ONLY)
62,1,2,133,217,1.0,2,136,0.0,0.0,1.0,0.0,3.0,0,0,Atypical Angina,Male,> 120 mg/dl,Left Ventricular Hypertrophy,No,Upsloping,Normal,Senior (>=55),Month 2,2,PT-M02-0057,SIMULATED_MONITORING_DATA (EDUCATIONAL_USE_ONLY)
67,0,3,159,287,0.0,0,169,0.0,0.0,1.0,1.0,3.0,0,0,Non-Anginal Pain,Female,<= 120 mg/dl,Normal,No,Upsloping,Normal,Senior (>=55),Month 2,2,PT-M02-0058,SIMULATED_MONITORING_DATA (EDUCATIONAL_USE_ONLY)
58,1,4,135,228,0.0,2,128,1.0,2.2,2.0,3.0,7.0,1,1,Asymptomatic,Male,<= 120 mg/dl,Left Ventricular Hypertrophy,Yes,Flat,Reversible Defect,Senior (>=55),Month 2,2,PT-M02-0059,SIMULATED_MONITORING_DATA (EDUCATIONAL_USE_ONLY)
34,1,1,123,187,0.0,2,168,0.0,0.0,1.0,0.0,3.0,0,0,Typical Angina,Male,<= 120 mg/dl,Left Ventricular Hypertrophy,No,Upsloping,Normal,Younger (<55),Month 2,2,PT-M02-0060,SIMULATED_MONITORING_DATA (EDUCATIONAL_USE_ONLY)
50,0,3,127,227,0.0,0,155,0.0,1.6,2.0,0.0,3.0,0,0,Non-Anginal Pain,Female,<= 120 mg/dl,Normal,No,Flat,Normal,Younger (<55),Month 2,2,PT-M02-0061,SIMULATED_MONITORING_DATA (EDUCATIONAL_USE_ONLY)
58,0,1,162,293,1.0,2,151,0.0,1.0,1.0,0.0,3.0,0,0,Typical Angina,Female,> 120 mg/dl,Left Ventricular Hypertrophy,No,Upsloping,Normal,Senior (>=55),Month 2,2,PT-M02-0062,SIMULATED_MONITORING_DATA (EDUCATIONAL_USE_ONLY)
62,1,4,128,282,0.0,0,98,1.0,1.8,2.0,2.0,7.0,1,1,Asymptomatic,Male,<= 120 mg/dl,Normal,Yes,Flat,Reversible Defect,Senior (>=55),Month 2,2,PT-M02-0063,SIMULATED_MONITORING_DATA (EDUCATIONAL_USE_ONLY)
71,0,2,167,315,0.0,0,154,0.0,0.4,1.0,2.0,3.0,0,0,Atypical Angina,Female,<= 120 mg/dl,Normal,No,Upsloping,Normal,Senior (>=55),Month 2,2,PT-M02-0064,SIMULATED_MONITORING_DATA (EDUCATIONAL_USE_ONLY)
29,1,2,139,215,0.0,2,195,0.0,0.0,1.0,0.0,3.0,0,0,Atypical Angina,Male,<= 120 mg/dl,Left Ventricular Hypertrophy,No,Upsloping,Normal,Younger (<55),Month 2,2,PT-M02-0065,SIMULATED_MONITORING_DATA (EDUCATIONAL_USE_ONLY)
42,0,3,125,213,0.0,0,166,0.0,0.0,2.0,0.0,3.0,0,0,Non-Anginal Pain,Female,<= 120 mg/dl,Normal,No,Flat,Normal,Younger (<55),Month 2,2,PT-M02-0066,SIMULATED_MONITORING_DATA (EDUCATIONAL_USE_ONLY)
63,0,4,153,424,0.0,2,147,0.0,4.0,2.0,3.0,7.0,4,1,Asymptomatic,Female,<= 120 mg/dl,Left Ventricular Hypertrophy,No,Flat,Reversible Defect,Senior (>=55),Month 2,2,PT-M02-0067,SIMULATED_MONITORING_DATA (EDUCATIONAL_USE_ONLY)
60,1,4,121,242,1.0,0,158,1.0,1.4,1.0,2.0,7.0,2,1,Asymptomatic,Male,> 120 mg/dl,Normal,Yes,Upsloping,Reversible Defect,Senior (>=55),Month 2,2,PT-M02-0068,SIMULATED_MONITORING_DATA (EDUCATIONAL_USE_ONLY)
47,1,4,112,286,0.0,2,114,1.0,1.0,2.0,1.0,3.0,1,1,Asymptomatic,Male,<= 120 mg/dl,Left Ventricular Hypertrophy,Yes,Flat,Normal,Younger (<55),Month 2,2,PT-M02-0069,SIMULATED_MONITORING_DATA (EDUCATIONAL_USE_ONLY)
58,1,2,125,299,0.0,2,156,0.0,1.8,2.0,0.0,3.0,1,1,Atypical Angina,Male,<= 120 mg/dl,Left Ventricular Hypertrophy,No,Flat,Normal,Senior (>=55),Month 2,2,PT-M02-0070,SIMULATED_MONITORING_DATA (EDUCATIONAL_USE_ONLY)
59,1,1,179,298,0.0,2,154,0.0,0.2,2.0,0.0,7.0,1,1,Typical Angina,Male,<= 120 mg/dl,Left Ventricular Hypertrophy,No,Flat,Reversible Defect,Senior (>=55),Month 2,2,PT-M02-0071,SIMULATED_MONITORING_DATA (EDUCATIONAL_USE_ONLY)
39,0,3,102,211,0.0,0,175,0.0,0.0,1.0,0.0,3.0,0,0,Non-Anginal Pain,Female,<= 120 mg/dl,Normal,No,Upsloping,Normal,Younger (<55),Month 2,2,PT-M02-0072,SIMULATED_MONITORING_DATA (EDUCATIONAL_USE_ONLY)
43,1,3,137,334,0.0,0,157,0.0,1.9,1.0,1.0,3.0,0,0,Non-Anginal Pain,Male,<= 120 mg/dl,Normal,No,Upsloping,Normal,Younger (<55),Month 2,2,PT-M02-0073,SIMULATED_MONITORING_DATA (EDUCATIONAL_USE_ONLY)
45,0,4,144,244,0.0,2,145,1.0,0.2,2.0,0.0,3.0,0,0,Asymptomatic,Female,<= 120 mg/dl,Left Ventricular Hypertrophy,Yes,Flat,Normal,Younger (<55),Month 2,2,PT-M02-0074,SIMULATED_MONITORING_DATA (EDUCATIONAL_USE_ONLY)
46,1,4,149,322,0.0,0,118,1.0,1.8,2.0,2.0,7.0,2,1,Asymptomatic,Male,<= 120 mg/dl,Normal,Yes,Flat,Reversible Defect,Younger (<55),Month 2,2,PT-M02-0075,SIMULATED_MONITORING_DATA (EDUCATIONAL_USE_ONLY)
41,0,2,132,217,0.0,2,166,0.0,1.4,1.0,0.0,3.0,0,0,Atypical Angina,Female,<= 120 mg/dl,Left Ventricular Hypertrophy,No,Upsloping,Normal,Younger (<55),Month 2,2,PT-M02-0076,SIMULATED_MONITORING_DATA (EDUCATIONAL_USE_ONLY)
59,1,3,133,231,1.0,0,127,0.0,2.2,2.0,1.0,6.0,2,1,Non-Anginal Pain,Male,> 120 mg/dl,Normal,No,Flat,Fixed Defect,Senior (>=55),Month 2,2,PT-M02-0077,SIMULATED_MONITORING_DATA (EDUCATIONAL_USE_ONLY)
59,1,4,174,181,1.0,2,86,0.0,1.0,2.0,2.0,6.0,3,1,Asymptomatic,Male,> 120 mg/dl,Left Ventricular Hypertrophy,No,Flat,Fixed Defect,Senior (>=55),Month 2,2,PT-M02-0078,SIMULATED_MONITORING_DATA (EDUCATIONAL_USE_ONLY)
65,0,4,155,233,0.0,2,114,0.0,1.0,2.0,3.0,7.0,4,1,Asymptomatic,Female,<= 120 mg/dl,Left Ventricular Hypertrophy,No,Flat,Reversible Defect,Senior (>=55),Month 2,2,PT-M02-0079,SIMULATED_MONITORING_DATA (EDUCATIONAL_USE_ONLY)
48,1,3,132,264,1.0,0,171,0.0,0.0,1.0,2.0,3.0,0,0,Non-Anginal Pain,Male,> 120 mg/dl,Normal,No,Upsloping,Normal,Younger (<55),Month 2,2,PT-M02-0080,SIMULATED_MONITORING_DATA (EDUCATIONAL_USE_ONLY)
68,0,3,127,215,0.0,2,111,0.0,1.5,2.0,0.0,3.0,0,0,Non-Anginal Pain,Female,<= 120 mg/dl,Left Ventricular Hypertrophy,No,Flat,Normal,Senior (>=55),Month 2,2,PT-M02-0081,SIMULATED_MONITORING_DATA (EDUCATIONAL_USE_ONLY)
37,0,3,125,221,0.0,0,164,0.0,0.0,1.0,0.0,3.0,0,0,Non-Anginal Pain,Female,<= 120 mg/dl,Normal,No,Upsloping,Normal,Younger (<55),Month 2,2,PT-M02-0082,SIMULATED_MONITORING_DATA (EDUCATIONAL_USE_ONLY)
54,0,3,169,206,0.0,0,157,0.0,0.0,1.0,1.0,3.0,0,0,Non-Anginal Pain,Female,<= 120 mg/dl,Normal,No,Upsloping,Normal,Younger (<55),Month 2,2,PT-M02-0083,SIMULATED_MONITORING_DATA (EDUCATIONAL_USE_ONLY)
60,1,4,152,302,0.0,2,169,0.0,1.2,2.0,2.0,7.0,2,1,Asymptomatic,Male,<= 120 mg/dl,Left Ventricular Hypertrophy,No,Flat,Reversible Defect,Senior (>=55),Month 2,2,PT-M02-0084,SIMULATED_MONITORING_DATA (EDUCATIONAL_USE_ONLY)
54,1,2,202,294,0.0,2,190,0.0,0.0,1.0,1.0,7.0,1,1,Atypical Angina,Male,<= 120 mg/dl,Left Ventricular Hypertrophy,No,Upsloping,Reversible Defect,Younger (<55),Month 2,2,PT-M02-0085,SIMULATED_MONITORING_DATA (EDUCATIONAL_USE_ONLY)
63,0,4,158,424,0.0,2,150,0.0,4.0,2.0,3.0,7.0,4,1,Asymptomatic,Female,<= 120 mg/dl,Left Ventricular Hypertrophy,No,Flat,Reversible Defect,Senior (>=55),Month 2,2,PT-M02-0086,SIMULATED_MONITORING_DATA (EDUCATIONAL_USE_ONLY)
48,1,4,127,236,0.0,2,182,0.0,0.0,1.0,0.0,3.0,0,0,Asymptomatic,Male,<= 120 mg/dl,Left Ventricular Hypertrophy,No,Upsloping,Normal,Younger (<55),Month 2,2,PT-M02-0087,SIMULATED_MONITORING_DATA (EDUCATIONAL_USE_ONLY)
41,1,3,116,257,0.0,0,174,0.0,0.0,1.0,0.0,3.0,0,0,Non-Anginal Pain,Male,<= 120 mg/dl,Normal,No,Upsloping,Normal,Younger (<55),Month 2,2,PT-M02-0088,SIMULATED_MONITORING_DATA (EDUCATIONAL_USE_ONLY)
65,0,3,170,377,0.0,2,146,0.0,0.8,1.0,0.0,3.0,0,0,Non-Anginal Pain,Female,<= 120 mg/dl,Left Ventricular Hypertrophy,No,Upsloping,Normal,Senior (>=55),Month 2,2,PT-M02-0089,SIMULATED_MONITORING_DATA (EDUCATIONAL_USE_ONLY)
54,0,2,137,299,1.0,2,154,1.0,0.0,1.0,1.0,3.0,0,0,Atypical Angina,Female,> 120 mg/dl,Left Ventricular Hypertrophy,Yes,Upsloping,Normal,Younger (<55),Month 2,2,PT-M02-0090,SIMULATED_MONITORING_DATA (EDUCATIONAL_USE_ONLY)
56,1,4,139,191,0.0,2,102,1.0,2.1,2.0,1.0,6.0,1,1,Asymptomatic,Male,<= 120 mg/dl,Left Ventricular Hypertrophy,Yes,Flat,Fixed Defect,Senior (>=55),Month 2,2,PT-M02-0091,SIMULATED_MONITORING_DATA (EDUCATIONAL_USE_ONLY)
56,0,4,205,302,1.0,2,129,1.0,4.0,3.0,2.0,7.0,3,1,Asymptomatic,Female,> 120 mg/dl,Left Ventricular Hypertrophy,Yes,Downsloping,Reversible Defect,Senior (>=55),Month 2,2,PT-M02-0092,SIMULATED_MONITORING_DATA (EDUCATIONAL_USE_ONLY)
40,1,4,116,170,0.0,2,112,1.0,2.0,2.0,0.0,7.0,3,1,Asymptomatic,Male,<= 120 mg/dl,Left Ventricular Hypertrophy,Yes,Flat,Reversible Defect,Younger (<55),Month 2,2,PT-M02-0093,SIMULATED_MONITORING_DATA (EDUCATIONAL_USE_ONLY)
48,1,4,131,286,0.0,2,161,0.0,0.5,2.0,0.0,7.0,3,1,Asymptomatic,Male,<= 120 mg/dl,Left Ventricular Hypertrophy,No,Flat,Reversible Defect,Younger (<55),Month 2,2,PT-M02-0094,SIMULATED_MONITORING_DATA (EDUCATIONAL_USE_ONLY)
50,0,2,128,254,0.0,0,159,0.0,1.1,1.0,0.0,3.0,0,0,Atypical Angina,Female,<= 120 mg/dl,Normal,No,Upsloping,Normal,Younger (<55),Month 2,2,PT-M02-0095,SIMULATED_MONITORING_DATA (EDUCATIONAL_USE_ONLY)
60,0,4,165,319,0.0,2,156,0.0,0.0,1.0,0.0,3.0,1,1,Asymptomatic,Female,<= 120 mg/dl,Left Ventricular Hypertrophy,No,Upsloping,Normal,Senior (>=55),Month 2,2,PT-M02-0096,SIMULATED_MONITORING_DATA (EDUCATIONAL_USE_ONLY)
63,1,1,152,243,1.0,2,146,0.0,2.3,3.0,0.0,6.0,0,0,Typical Angina,Male,> 120 mg/dl,Left Ventricular Hypertrophy,No,Downsloping,Fixed Defect,Senior (>=55),Month 2,2,PT-M02-0097,SIMULATED_MONITORING_DATA (EDUCATIONAL_USE_ONLY)
66,1,4,116,228,0.0,2,124,1.0,0.1,1.0,1.0,3.0,2,1,Asymptomatic,Male,<= 120 mg/dl,Left Ventricular Hypertrophy,Yes,Upsloping,Normal,Senior (>=55),Month 2,2,PT-M02-0098,SIMULATED_MONITORING_DATA (EDUCATIONAL_USE_ONLY)
66,1,4,167,235,0.0,2,136,0.0,2.3,1.0,0.0,6.0,0,0,Asymptomatic,Male,<= 120 mg/dl,Left Ventricular Hypertrophy,No,Upsloping,Fixed Defect,Senior (>=55),Month 2,2,PT-M02-0099,SIMULATED_MONITORING_DATA (EDUCATIONAL_USE_ONLY)
57,0,4,148,249,0.0,0,120,1.0,0.2,2.0,0.0,7.0,1,1,Asymptomatic,Female,<= 120 mg/dl,Normal,Yes,Flat,Reversible Defect,Senior (>=55),Month 2,2,PT-M02-0100,SIMULATED_MONITORING_DATA (EDUCATIONAL_USE_ONLY)
56,1,4,140,189,0.0,2,104,1.0,2.1,2.0,1.0,6.0,1,1,Asymptomatic,Male,<= 120 mg/dl,Left Ventricular Hypertrophy,Yes,Flat,Fixed Defect,Senior (>=55),Month 2,2,PT-M02-0101,SIMULATED_MONITORING_DATA (EDUCATIONAL_USE_ONLY)
52,1,1,122,192,0.0,2,179,0.0,0.0,2.0,0.0,6.0,0,0,Typical Angina,Male,<= 120 mg/dl,Left Ventricular Hypertrophy,No,Flat,Fixed Defect,Younger (<55),Month 2,2,PT-M02-0102,SIMULATED_MONITORING_DATA (EDUCATIONAL_USE_ONLY)
50,0,2,128,252,0.0,0,161,0.0,1.1,1.0,0.0,3.0,0,0,Atypical Angina,Female,<= 120 mg/dl,Normal,No,Upsloping,Normal,Younger (<55),Month 2,2,PT-M02-0103,SIMULATED_MONITORING_DATA (EDUCATIONAL_USE_ONLY)
51,0,3,139,270,0.0,2,144,0.0,0.5,1.0,0.0,3.0,0,0,Non-Anginal Pain,Female,<= 120 mg/dl,Left Ventricular Hypertrophy,No,Upsloping,Normal,Younger (<55),Month 2,2,PT-M02-0104,SIMULATED_MONITORING_DATA (EDUCATIONAL_USE_ONLY)
52,1,4,118,243,0.0,0,157,0.0,0.0,1.0,1.0,3.0,1,1,Asymptomatic,Male,<= 120 mg/dl,Normal,No,Upsloping,Normal,Younger (<55),Month 2,2,PT-M02-0105,SIMULATED_MONITORING_DATA (EDUCATIONAL_USE_ONLY)
35,1,4,130,204,0.0,0,124,1.0,1.6,2.0,0.0,7.0,1,1,Asymptomatic,Male,<= 120 mg/dl,Normal,Yes,Flat,Reversible Defect,Younger (<55),Month 2,2,PT-M02-0106,SIMULATED_MONITORING_DATA (EDUCATIONAL_USE_ONLY)
48,1,4,129,282,0.0,2,162,0.0,0.5,2.0,0.0,7.0,3,1,Asymptomatic,Male,<= 120 mg/dl,Left Ventricular Hypertrophy,No,Flat,Reversible Defect,Younger (<55),Month 2,2,PT-M02-0107,SIMULATED_MONITORING_DATA (EDUCATIONAL_USE_ONLY)
45,1,4,107,218,0.0,2,141,1.0,3.0,2.0,0.0,3.0,0,0,Asymptomatic,Male,<= 120 mg/dl,Left Ventricular Hypertrophy,Yes,Flat,Normal,Younger (<55),Month 2,2,PT-M02-0108,SIMULATED_MONITORING_DATA (EDUCATIONAL_USE_ONLY)
44,1,2,133,226,0.0,2,181,0.0,0.0,1.0,0.0,3.0,0,0,Atypical Angina,Male,<= 120 mg/dl,Left Ventricular Hypertrophy,No,Upsloping,Normal,Younger (<55),Month 2,2,PT-M02-0109,SIMULATED_MONITORING_DATA (EDUCATIONAL_USE_ONLY)
45,1,4,124,272,0.0,2,183,0.0,0.0,1.0,0.0,3.0,0,0,Asymptomatic,Male,<= 120 mg/dl,Left Ventricular Hypertrophy,No,Upsloping,Normal,Younger (<55),Month 2,2,PT-M02-0110,SIMULATED_MONITORING_DATA (EDUCATIONAL_USE_ONLY)
47,1,4,119,213,0.0,0,138,0.0,0.1,1.0,0.0,3.0,0,0,Asymptomatic,Male,<= 120 mg/dl,Normal,No,Upsloping,Normal,Younger (<55),Month 2,2,PT-M02-0111,SIMULATED_MONITORING_DATA (EDUCATIONAL_USE_ONLY)
44,0,3,124,247,0.0,0,145,0.0,0.3,2.0,1.0,3.0,0,0,Non-Anginal Pain,Female,<= 120 mg/dl,Normal,No,Flat,Normal,Younger (<55),Month 2,2,PT-M02-0112,SIMULATED_MONITORING_DATA (EDUCATIONAL_USE_ONLY)
51,0,3,137,271,0.0,2,146,0.0,0.5,1.0,0.0,3.0,0,0,Non-Anginal Pain,Female,<= 120 mg/dl,Left Ventricular Hypertrophy,No,Upsloping,Normal,Younger (<55),Month 2,2,PT-M02-0113,SIMULATED_MONITORING_DATA (EDUCATIONAL_USE_ONLY)
56,1,1,124,206,0.0,2,158,0.0,1.9,2.0,0.0,7.0,0,0,Typical Angina,Male,<= 120 mg/dl,Left Ventricular Hypertrophy,No,Flat,Reversible Defect,Senior (>=55),Month 2,2,PT-M02-0114,SIMULATED_MONITORING_DATA (EDUCATIONAL_USE_ONLY)
54,1,4,120,247,0.0,0,123,1.0,2.8,2.0,1.0,7.0,3,1,Asymptomatic,Male,<= 120 mg/dl,Normal,Yes,Flat,Reversible Defect,Younger (<55),Month 2,2,PT-M02-0115,SIMULATED_MONITORING_DATA (EDUCATIONAL_USE_ONLY)
35,1,4,126,205,0.0,0,127,1.0,1.6,2.0,0.0,7.0,1,1,Asymptomatic,Male,<= 120 mg/dl,Normal,Yes,Flat,Reversible Defect,Younger (<55),Month 2,2,PT-M02-0116,SIMULATED_MONITORING_DATA (EDUCATIONAL_USE_ONLY)
59,1,1,168,285,0.0,2,126,0.0,0.0,1.0,0.0,3.0,1,1,Typical Angina,Male,<= 120 mg/dl,Left Ventricular Hypertrophy,No,Upsloping,Normal,Senior (>=55),Month 2,2,PT-M02-0117,SIMULATED_MONITORING_DATA (EDUCATIONAL_USE_ONLY)
48,1,4,130,232,0.0,2,180,0.0,0.0,1.0,0.0,3.0,0,0,Asymptomatic,Male,<= 120 mg/dl,Left Ventricular Hypertrophy,No,Upsloping,Normal,Younger (<55),Month 2,2,PT-M02-0118,SIMULATED_MONITORING_DATA (EDUCATIONAL_USE_ONLY)
63,1,4,137,345,1.0,2,128,1.0,1.8,1.0,3.0,7.0,3,1,Asymptomatic,Male,> 120 mg/dl,Left Ventricular Hypertrophy,Yes,Upsloping,Reversible Defect,Senior (>=55),Month 2,2,PT-M02-0119,SIMULATED_MONITORING_DATA (EDUCATIONAL_USE_ONLY)
52,1,4,132,227,0.0,0,165,0.0,1.0,1.0,2.0,7.0,3,1,Asymptomatic,Male,<= 120 mg/dl,Normal,No,Upsloping,Reversible Defect,Younger (<55),Month 2,2,PT-M02-0120,SIMULATED_MONITORING_DATA (EDUCATIONAL_USE_ONLY)
44,1,2,124,228,0.0,0,167,0.0,0.0,1.0,0.0,3.0,0,0,Atypical Angina,Male,<= 120 mg/dl,Normal,No,Upsloping,Normal,Younger (<55),Month 2,2,PT-M02-0121,SIMULATED_MONITORING_DATA (EDUCATIONAL_USE_ONLY)
52,1,1,161,308,1.0,0,175,0.0,1.2,2.0,0.0,7.0,0,0,Typical Angina,Male,> 120 mg/dl,Normal,No,Flat,Reversible Defect,Younger (<55),Month 2,2,PT-M02-0122,SIMULATED_MONITORING_DATA (EDUCATIONAL_USE_ONLY)
58,0,3,130,349,0.0,0,168,0.0,0.0,1.0,0.0,3.0,0,0,Non-Anginal Pain,Female,<= 120 mg/dl,Normal,No,Upsloping,Normal,Senior (>=55),Month 2,2,PT-M02-0123,SIMULATED_MONITORING_DATA (EDUCATIONAL_USE_ONLY)
70,1,3,171,278,0.0,0,106,1.0,2.9,2.0,1.0,7.0,3,1,Non-Anginal Pain,Male,<= 120 mg/dl,Normal,Yes,Flat,Reversible Defect,Senior (>=55),Month 2,2,PT-M02-0124,SIMULATED_MONITORING_DATA (EDUCATIONAL_USE_ONLY)
65,0,3,166,280,0.0,0,147,0.0,0.8,1.0,0.0,3.0,0,0,Non-Anginal Pain,Female,<= 120 mg/dl,Normal,No,Upsloping,Normal,Senior (>=55),Month 2,2,PT-M02-0125,SIMULATED_MONITORING_DATA (EDUCATIONAL_USE_ONLY)
42,0,3,125,223,0.0,0,166,0.0,0.0,2.0,0.0,3.0,0,0,Non-Anginal Pain,Female,<= 120 mg/dl,Normal,No,Flat,Normal,Younger (<55),Month 2,2,PT-M02-0126,SIMULATED_MONITORING_DATA (EDUCATIONAL_USE_ONLY)
60,1,4,121,238,1.0,0,156,1.0,1.4,1.0,2.0,7.0,2,1,Asymptomatic,Male,> 120 mg/dl,Normal,Yes,Upsloping,Reversible Defect,Senior (>=55),Month 2,2,PT-M02-0127,SIMULATED_MONITORING_DATA (EDUCATIONAL_USE_ONLY)
60,1,4,123,240,1.0,0,154,1.0,1.4,1.0,2.0,7.0,2,1,Asymptomatic,Male,> 120 mg/dl,Normal,Yes,Upsloping,Reversible Defect,Senior (>=55),Month 2,2,PT-M02-0128,SIMULATED_MONITORING_DATA (EDUCATIONAL_USE_ONLY)
50,0,4,116,264,0.0,2,154,0.0,0.0,1.0,0.0,3.0,0,0,Asymptomatic,Female,<= 120 mg/dl,Left Ventricular Hypertrophy,No,Upsloping,Normal,Younger (<55),Month 2,2,PT-M02-0129,SIMULATED_MONITORING_DATA (EDUCATIONAL_USE_ONLY)
57,1,4,149,203,0.0,0,144,0.0,0.4,2.0,0.0,6.0,0,0,Asymptomatic,Male,<= 120 mg/dl,Normal,No,Flat,Fixed Defect,Senior (>=55),Month 2,2,PT-M02-0130,SIMULATED_MONITORING_DATA (EDUCATIONAL_USE_ONLY)
62,0,4,154,261,0.0,0,150,1.0,1.4,2.0,0.0,3.0,1,1,Asymptomatic,Female,<= 120 mg/dl,Normal,Yes,Flat,Normal,Senior (>=55),Month 2,2,PT-M02-0131,SIMULATED_MONITORING_DATA (EDUCATIONAL_USE_ONLY)
54,1,3,129,267,0.0,2,143,0.0,0.4,2.0,0.0,7.0,0,0,Non-Anginal Pain,Male,<= 120 mg/dl,Left Ventricular Hypertrophy,No,Flat,Reversible Defect,Younger (<55),Month 2,2,PT-M02-0132,SIMULATED_MONITORING_DATA (EDUCATIONAL_USE_ONLY)
66,0,1,157,234,0.0,0,114,0.0,2.6,3.0,0.0,3.0,0,0,Typical Angina,Female,<= 120 mg/dl,Normal,No,Downsloping,Normal,Senior (>=55),Month 2,2,PT-M02-0133,SIMULATED_MONITORING_DATA (EDUCATIONAL_USE_ONLY)
45,1,2,134,323,0.0,2,166,0.0,0.0,1.0,0.0,3.0,0,0,Atypical Angina,Male,<= 120 mg/dl,Left Ventricular Hypertrophy,No,Upsloping,Normal,Younger (<55),Month 2,2,PT-M02-0134,SIMULATED_MONITORING_DATA (EDUCATIONAL_USE_ONLY)
49,1,3,124,198,0.0,0,134,0.0,2.0,2.0,3.0,7.0,3,1,Non-Anginal Pain,Male,<= 120 mg/dl,Normal,No,Flat,Reversible Defect,Younger (<55),Month 2,2,PT-M02-0135,SIMULATED_MONITORING_DATA (EDUCATIONAL_USE_ONLY)
55,1,4,144,231,0.0,0,110,1.0,5.6,3.0,0.0,7.0,3,1,Asymptomatic,Male,<= 120 mg/dl,Normal,Yes,Downsloping,Reversible Defect,Senior (>=55),Month 2,2,PT-M02-0136,SIMULATED_MONITORING_DATA (EDUCATIONAL_USE_ONLY)
62,0,4,132,219,0.0,0,160,0.0,0.0,1.0,0.0,3.0,0,0,Asymptomatic,Female,<= 120 mg/dl,Normal,No,Upsloping,Normal,Senior (>=55),Month 2,2,PT-M02-0137,SIMULATED_MONITORING_DATA (EDUCATIONAL_USE_ONLY)
60,0,1,158,249,0.0,0,163,0.0,0.9,1.0,0.0,3.0,0,0,Typical Angina,Female,<= 120 mg/dl,Normal,No,Upsloping,Normal,Senior (>=55),Month 2,2,PT-M02-0138,SIMULATED_MONITORING_DATA (EDUCATIONAL_USE_ONLY)
57,1,4,155,289,0.0,2,110,1.0,0.6,2.0,1.0,6.0,1,1,Asymptomatic,Male,<= 120 mg/dl,Left Ventricular Hypertrophy,Yes,Flat,Fixed Defect,Senior (>=55),Month 2,2,PT-M02-0139,SIMULATED_MONITORING_DATA (EDUCATIONAL_USE_ONLY)
43,1,3,134,331,0.0,0,159,0.0,1.9,1.0,1.0,3.0,0,0,Non-Anginal Pain,Male,<= 120 mg/dl,Normal,No,Upsloping,Normal,Younger (<55),Month 2,2,PT-M02-0140,SIMULATED_MONITORING_DATA (EDUCATIONAL_USE_ONLY)
58,0,3,125,356,0.0,0,166,0.0,0.0,1.0,0.0,3.0,0,0,Non-Anginal Pain,Female,<= 120 mg/dl,Normal,No,Upsloping,Normal,Senior (>=55),Month 2,2,PT-M02-0141,SIMULATED_MONITORING_DATA (EDUCATIONAL_USE_ONLY)
67,1,4,171,299,0.0,2,108,1.0,1.5,2.0,3.0,3.0,2,1,Asymptomatic,Male,<= 120 mg/dl,Left Ventricular Hypertrophy,Yes,Flat,Normal,Senior (>=55),Month 2,2,PT-M02-0142,SIMULATED_MONITORING_DATA (EDUCATIONAL_USE_ONLY)
51,0,4,136,320,0.0,0,137,1.0,1.2,2.0,0.0,7.0,2,1,Asymptomatic,Female,<= 120 mg/dl,Normal,Yes,Flat,Reversible Defect,Younger (<55),Month 2,2,PT-M02-0143,SIMULATED_MONITORING_DATA (EDUCATIONAL_USE_ONLY)
66,1,4,165,241,0.0,2,134,0.0,2.3,1.0,0.0,6.0,0,0,Asymptomatic,Male,<= 120 mg/dl,Left Ventricular Hypertrophy,No,Upsloping,Fixed Defect,Senior (>=55),Month 2,2,PT-M02-0144,SIMULATED_MONITORING_DATA (EDUCATIONAL_USE_ONLY)
54,1,4,147,253,0.0,0,155,0.0,1.2,1.0,0.0,3.0,0,0,Asymptomatic,Male,<= 120 mg/dl,Normal,No,Upsloping,Normal,Younger (<55),Month 2,2,PT-M02-0145,SIMULATED_MONITORING_DATA (EDUCATIONAL_USE_ONLY)
49,0,4,136,282,0.0,0,158,0.0,0.0,1.0,0.0,3.0,0,0,Asymptomatic,Female,<= 120 mg/dl,Normal,No,Upsloping,Normal,Younger (<55),Month 2,2,PT-M02-0146,SIMULATED_MONITORING_DATA (EDUCATIONAL_USE_ONLY)
50,1,3,142,242,0.0,0,156,0.0,0.6,2.0,1.0,7.0,1,1,Non-Anginal Pain,Male,<= 120 mg/dl,Normal,No,Flat,Reversible Defect,Younger (<55),Month 2,2,PT-M02-0147,SIMULATED_MONITORING_DATA (EDUCATIONAL_USE_ONLY)
42,1,2,126,307,0.0,0,154,0.0,0.0,1.0,0.0,3.0,0,0,Atypical Angina,Male,<= 120 mg/dl,Normal,No,Upsloping,Normal,Younger (<55),Month 2,2,PT-M02-0148,SIMULATED_MONITORING_DATA (EDUCATIONAL_USE_ONLY)
54,0,3,141,320,1.0,0,168,0.0,0.0,1.0,0.0,3.0,0,0,Non-Anginal Pain,Female,> 120 mg/dl,Normal,No,Upsloping,Normal,Younger (<55),Month 2,2,PT-M02-0149,SIMULATED_MONITORING_DATA (EDUCATIONAL_USE_ONLY)
64,1,4,127,253,0.0,2,91,1.0,2.2,3.0,1.0,3.0,3,1,Asymptomatic,Male,<= 120 mg/dl,Left Ventricular Hypertrophy,Yes,Downsloping,Normal,Senior (>=55),Month 2,2,PT-M02-0150,SIMULATED_MONITORING_DATA (EDUCATIONAL_USE_ONLY)
71,0,3,119,277,1.0,2,124,0.0,0.0,1.0,1.0,3.0,0,0,Non-Anginal Pain,Female,> 120 mg/dl,Left Ventricular Hypertrophy,No,Upsloping,Normal,Senior (>=55),Month 2,2,PT-M02-0151,SIMULATED_MONITORING_DATA (EDUCATIONAL_USE_ONLY)
44,1,2,128,272,0.0,0,164,0.0,0.0,1.0,0.0,7.0,0,0,Atypical Angina,Male,<= 120 mg/dl,Normal,No,Upsloping,Reversible Defect,Younger (<55),Month 2,2,PT-M02-0152,SIMULATED_MONITORING_DATA (EDUCATIONAL_USE_ONLY)
51,0,4,136,317,0.0,0,136,1.0,1.2,2.0,0.0,7.0,2,1,Asymptomatic,Female,<= 120 mg/dl,Normal,Yes,Flat,Reversible Defect,Younger (<55),Month 2,2,PT-M02-0153,SIMULATED_MONITORING_DATA (EDUCATIONAL_USE_ONLY)
51,1,1,129,225,0.0,2,119,1.0,1.4,1.0,1.0,3.0,0,0,Typical Angina,Male,<= 120 mg/dl,Left Ventricular Hypertrophy,Yes,Upsloping,Normal,Younger (<55),Month 2,2,PT-M02-0154,SIMULATED_MONITORING_DATA (EDUCATIONAL_USE_ONLY)
51,1,1,136,222,0.0,2,125,1.0,1.4,1.0,1.0,3.0,0,0,Typical Angina,Male,<= 120 mg/dl,Left Ventricular Hypertrophy,Yes,Upsloping,Normal,Younger (<55),Month 2,2,PT-M02-0155,SIMULATED_MONITORING_DATA (EDUCATIONAL_USE_ONLY)
46,1,2,106,205,1.0,0,153,0.0,0.0,1.0,0.0,7.0,0,0,Atypical Angina,Male,> 120 mg/dl,Normal,No,Upsloping,Reversible Defect,Younger (<55),Month 2,2,PT-M02-0156,SIMULATED_MONITORING_DATA (EDUCATIONAL_USE_ONLY)
58,1,4,120,327,0.0,1,134,0.0,4.4,3.0,3.0,6.0,4,1,Asymptomatic,Male,<= 120 mg/dl,ST-T Abnormality,No,Downsloping,Fixed Defect,Senior (>=55),Month 2,2,PT-M02-0157,SIMULATED_MONITORING_DATA (EDUCATIONAL_USE_ONLY)
64,1,1,178,238,0.0,2,155,0.0,0.6,2.0,0.0,7.0,0,0,Typical Angina,Male,<= 120 mg/dl,Left Ventricular Hypertrophy,No,Flat,Reversible Defect,Senior (>=55),Month 2,2,PT-M02-0158,SIMULATED_MONITORING_DATA (EDUCATIONAL_USE_ONLY)
54,1,3,132,286,0.0,2,149,0.0,0.5,3.0,1.0,3.0,0,0,Non-Anginal Pain,Male,<= 120 mg/dl,Left Ventricular Hypertrophy,No,Downsloping,Normal,Younger (<55),Month 2,2,PT-M02-0159,SIMULATED_MONITORING_DATA (EDUCATIONAL_USE_ONLY)
51,1,4,147,316,0.0,0,118,1.0,4.2,2.0,3.0,7.0,3,1,Asymptomatic,Male,<= 120 mg/dl,Normal,Yes,Flat,Reversible Defect,Younger (<55),Month 2,2,PT-M02-0160,SIMULATED_MONITORING_DATA (EDUCATIONAL_USE_ONLY)
58,1,2,125,294,0.0,2,150,0.0,1.8,2.0,0.0,3.0,1,1,Atypical Angina,Male,<= 120 mg/dl,Left Ventricular Hypertrophy,No,Flat,Normal,Senior (>=55),Month 2,2,PT-M02-0161,SIMULATED_MONITORING_DATA (EDUCATIONAL_USE_ONLY)
63,0,2,146,203,0.0,0,178,0.0,0.0,1.0,2.0,3.0,0,0,Atypical Angina,Female,<= 120 mg/dl,Normal,No,Upsloping,Normal,Senior (>=55),Month 2,2,PT-M02-0162,SIMULATED_MONITORING_DATA (EDUCATIONAL_USE_ONLY)
56,0,2,147,307,0.0,2,146,0.0,1.3,2.0,0.0,3.0,0,0,Atypical Angina,Female,<= 120 mg/dl,Left Ventricular Hypertrophy,No,Flat,Normal,Senior (>=55),Month 2,2,PT-M02-0163,SIMULATED_MONITORING_DATA (EDUCATIONAL_USE_ONLY)
56,1,2,135,235,0.0,2,155,0.0,0.0,1.0,0.0,7.0,0,0,Atypical Angina,Male,<= 120 mg/dl,Left Ventricular Hypertrophy,No,Upsloping,Reversible Defect,Senior (>=55),Month 2,2,PT-M02-0164,SIMULATED_MONITORING_DATA (EDUCATIONAL_USE_ONLY)
62,1,3,135,240,0.0,0,144,0.0,1.8,2.0,3.0,7.0,0,0,Non-Anginal Pain,Male,<= 120 mg/dl,Normal,No,Flat,Reversible Defect,Senior (>=55),Month 2,2,PT-M02-0165,SIMULATED_MONITORING_DATA (EDUCATIONAL_USE_ONLY)
57,1,2,130,272,0.0,0,142,0.0,0.3,1.0,0.0,7.0,1,1,Atypical Angina,Male,<= 120 mg/dl,Normal,No,Upsloping,Reversible Defect,Senior (>=55),Month 2,2,PT-M02-0166,SIMULATED_MONITORING_DATA (EDUCATIONAL_USE_ONLY)
61,1,3,157,255,1.0,0,136,1.0,1.0,2.0,0.0,3.0,0,0,Non-Anginal Pain,Male,> 120 mg/dl,Normal,Yes,Flat,Normal,Senior (>=55),Month 2,2,PT-M02-0167,SIMULATED_MONITORING_DATA (EDUCATIONAL_USE_ONLY)
58,0,2,146,332,1.0,2,149,0.0,0.0,1.0,2.0,3.0,3,1,Atypical Angina,Female,> 120 mg/dl,Left Ventricular Hypertrophy,No,Upsloping,Normal,Senior (>=55),Month 2,2,PT-M02-0168,SIMULATED_MONITORING_DATA (EDUCATIONAL_USE_ONLY)
65,0,3,142,432,1.0,2,153,0.0,0.8,1.0,1.0,3.0,0,0,Non-Anginal Pain,Female,> 120 mg/dl,Left Ventricular Hypertrophy,No,Upsloping,Normal,Senior (>=55),Month 2,2,PT-M02-0169,SIMULATED_MONITORING_DATA (EDUCATIONAL_USE_ONLY)
58,1,3,141,234,0.0,2,170,0.0,3.2,1.0,2.0,7.0,3,1,Non-Anginal Pain,Male,<= 120 mg/dl,Left Ventricular Hypertrophy,No,Upsloping,Reversible Defect,Senior (>=55),Month 2,2,PT-M02-0170,SIMULATED_MONITORING_DATA (EDUCATIONAL_USE_ONLY)
52,1,4,137,268,0.0,0,158,1.0,0.0,1.0,1.0,7.0,1,1,Asymptomatic,Male,<= 120 mg/dl,Normal,Yes,Upsloping,Reversible Defect,Younger (<55),Month 2,2,PT-M02-0171,SIMULATED_MONITORING_DATA (EDUCATIONAL_USE_ONLY)
58,0,2,139,329,1.0,2,148,0.0,0.0,1.0,2.0,3.0,3,1,Atypical Angina,Female,> 120 mg/dl,Left Ventricular Hypertrophy,No,Upsloping,Normal,Senior (>=55),Month 2,2,PT-M02-0172,SIMULATED_MONITORING_DATA (EDUCATIONAL_USE_ONLY)
34,0,2,123,219,0.0,0,186,0.0,0.7,1.0,0.0,3.0,0,0,Atypical Angina,Female,<= 120 mg/dl,Normal,No,Upsloping,Normal,Younger (<55),Month 2,2,PT-M02-0173,SIMULATED_MONITORING_DATA (EDUCATIONAL_USE_ONLY)
67,1,4,125,244,0.0,0,70,0.0,1.0,2.0,0.0,3.0,2,1,Asymptomatic,Male,<= 120 mg/dl,Normal,No,Flat,Normal,Senior (>=55),Month 2,2,PT-M02-0174,SIMULATED_MONITORING_DATA (EDUCATIONAL_USE_ONLY)
66,0,1,155,239,0.0,0,109,0.0,2.6,3.0,0.0,3.0,0,0,Typical Angina,Female,<= 120 mg/dl,Normal,No,Downsloping,Normal,Senior (>=55),Month 2,2,PT-M02-0175,SIMULATED_MONITORING_DATA (EDUCATIONAL_USE_ONLY)
63,1,4,145,190,0.0,2,139,1.0,4.0,1.0,2.0,7.0,2,1,Asymptomatic,Male,<= 120 mg/dl,Left Ventricular Hypertrophy,Yes,Upsloping,Reversible Defect,Senior (>=55),Month 2,2,PT-M02-0176,SIMULATED_MONITORING_DATA (EDUCATIONAL_USE_ONLY)
70,1,4,150,179,0.0,0,118,1.0,2.6,3.0,0.0,7.0,4,1,Asymptomatic,Male,<= 120 mg/dl,Normal,Yes,Downsloping,Reversible Defect,Senior (>=55),Month 2,2,PT-M02-0177,SIMULATED_MONITORING_DATA (EDUCATIONAL_USE_ONLY)
43,1,4,142,258,1.0,2,139,1.0,0.1,2.0,0.0,7.0,1,1,Asymptomatic,Male,> 120 mg/dl,Left Ventricular Hypertrophy,Yes,Flat,Reversible Defect,Younger (<55),Month 2,2,PT-M02-0178,SIMULATED_MONITORING_DATA (EDUCATIONAL_USE_ONLY)
68,0,3,128,224,0.0,2,110,0.0,1.5,2.0,0.0,3.0,0,0,Non-Anginal Pain,Female,<= 120 mg/dl,Left Ventricular Hypertrophy,No,Flat,Normal,Senior (>=55),Month 2,2,PT-M02-0179,SIMULATED_MONITORING_DATA (EDUCATIONAL_USE_ONLY)
59,1,4,150,184,0.0,0,155,1.0,0.0,1.0,1.0,7.0,2,1,Asymptomatic,Male,<= 120 mg/dl,Normal,Yes,Upsloping,Reversible Defect,Senior (>=55),Month 2,2,PT-M02-0180,SIMULATED_MONITORING_DATA (EDUCATIONAL_USE_ONLY)
70,1,4,138,333,0.0,2,106,0.0,2.4,2.0,3.0,3.0,1,1,Asymptomatic,Male,<= 120 mg/dl,Left Ventricular Hypertrophy,No,Flat,Normal,Senior (>=55),Month 2,2,PT-M02-0181,SIMULATED_MONITORING_DATA (EDUCATIONAL_USE_ONLY)
51,0,3,134,272,0.0,2,147,0.0,0.5,1.0,0.0,3.0,0,0,Non-Anginal Pain,Female,<= 120 mg/dl,Left Ventricular Hypertrophy,No,Upsloping,Normal,Younger (<55),Month 2,2,PT-M02-0182,SIMULATED_MONITORING_DATA (EDUCATIONAL_USE_ONLY)
57,0,2,135,241,0.0,2,171,0.0,0.0,2.0,1.0,3.0,1,1,Atypical Angina,Female,<= 120 mg/dl,Left Ventricular Hypertrophy,No,Flat,Normal,Senior (>=55),Month 2,2,PT-M02-0183,SIMULATED_MONITORING_DATA (EDUCATIONAL_USE_ONLY)
63,1,4,148,188,0.0,2,137,1.0,4.0,1.0,2.0,7.0,2,1,Asymptomatic,Male,<= 120 mg/dl,Left Ventricular Hypertrophy,Yes,Upsloping,Reversible Defect,Senior (>=55),Month 2,2,PT-M02-0184,SIMULATED_MONITORING_DATA (EDUCATIONAL_USE_ONLY)
60,1,4,134,216,0.0,2,126,1.0,2.4,2.0,2.0,7.0,4,1,Asymptomatic,Male,<= 120 mg/dl,Left Ventricular Hypertrophy,Yes,Flat,Reversible Defect,Senior (>=55),Month 2,2,PT-M02-0185,SIMULATED_MONITORING_DATA (EDUCATIONAL_USE_ONLY)
50,1,4,159,251,0.0,2,126,0.0,2.6,2.0,0.0,7.0,4,1,Asymptomatic,Male,<= 120 mg/dl,Left Ventricular Hypertrophy,No,Flat,Reversible Defect,Younger (<55),Month 2,2,PT-M02-0186,SIMULATED_MONITORING_DATA (EDUCATIONAL_USE_ONLY)
71,0,2,168,311,0.0,0,155,0.0,0.4,1.0,2.0,3.0,0,0,Atypical Angina,Female,<= 120 mg/dl,Normal,No,Upsloping,Normal,Senior (>=55),Month 2,2,PT-M02-0187,SIMULATED_MONITORING_DATA (EDUCATIONAL_USE_ONLY)
51,0,3,136,268,0.0,2,144,0.0,0.5,1.0,0.0,3.0,0,0,Non-Anginal Pain,Female,<= 120 mg/dl,Left Ventricular Hypertrophy,No,Upsloping,Normal,Younger (<55),Month 2,2,PT-M02-0188,SIMULATED_MONITORING_DATA (EDUCATIONAL_USE_ONLY)
61,1,4,127,271,0.0,0,137,1.0,3.6,2.0,1.0,7.0,2,1,Asymptomatic,Male,<= 120 mg/dl,Normal,Yes,Flat,Reversible Defect,Senior (>=55),Month 2,2,PT-M02-0189,SIMULATED_MONITORING_DATA (EDUCATIONAL_USE_ONLY)
52,1,1,160,308,1.0,0,171,0.0,1.2,2.0,0.0,7.0,0,0,Typical Angina,Male,> 120 mg/dl,Normal,No,Flat,Reversible Defect,Younger (<55),Month 2,2,PT-M02-0190,SIMULATED_MONITORING_DATA (EDUCATIONAL_USE_ONLY)
45,1,1,115,271,0.0,0,128,0.0,1.2,2.0,0.0,7.0,1,1,Typical Angina,Male,<= 120 mg/dl,Normal,No,Flat,Reversible Defect,Younger (<55),Month 2,2,PT-M02-0191,SIMULATED_MONITORING_DATA (EDUCATIONAL_USE_ONLY)
65,1,4,128,187,0.0,0,133,0.0,0.4,1.0,0.0,7.0,0,0,Asymptomatic,Male,<= 120 mg/dl,Normal,No,Upsloping,Reversible Defect,Senior (>=55),Month 2,2,PT-M02-0192,SIMULATED_MONITORING_DATA (EDUCATIONAL_USE_ONLY)
64,1,3,129,323,0.0,0,126,1.0,1.8,2.0,0.0,7.0,1,1,Non-Anginal Pain,Male,<= 120 mg/dl,Normal,Yes,Flat,Reversible Defect,Senior (>=55),Month 2,2,PT-M02-0193,SIMULATED_MONITORING_DATA (EDUCATIONAL_USE_ONLY)
63,1,1,153,242,1.0,2,146,0.0,2.3,3.0,0.0,6.0,0,0,Typical Angina,Male,> 120 mg/dl,Left Ventricular Hypertrophy,No,Downsloping,Fixed Defect,Senior (>=55),Month 2,2,PT-M02-0194,SIMULATED_MONITORING_DATA (EDUCATIONAL_USE_ONLY)
49,1,2,138,282,0.0,0,163,0.0,0.6,1.0,0.0,3.0,0,0,Atypical Angina,Male,<= 120 mg/dl,Normal,No,Upsloping,Normal,Younger (<55),Month 2,2,PT-M02-0195,SIMULATED_MONITORING_DATA (EDUCATIONAL_USE_ONLY)
29,1,2,136,209,0.0,2,197,0.0,0.0,1.0,0.0,3.0,0,0,Atypical Angina,Male,<= 120 mg/dl,Left Ventricular Hypertrophy,No,Upsloping,Normal,Younger (<55),Month 2,2,PT-M02-0196,SIMULATED_MONITORING_DATA (EDUCATIONAL_USE_ONLY)
50,0,4,116,260,0.0,2,154,0.0,0.0,1.0,0.0,3.0,0,0,Asymptomatic,Female,<= 120 mg/dl,Left Ventricular Hypertrophy,No,Upsloping,Normal,Younger (<55),Month 2,2,PT-M02-0197,SIMULATED_MONITORING_DATA (EDUCATIONAL_USE_ONLY)
63,1,4,134,262,0.0,2,144,0.0,1.4,2.0,1.0,7.0,2,1,Asymptomatic,Male,<= 120 mg/dl,Left Ventricular Hypertrophy,No,Flat,Reversible Defect,Senior (>=55),Month 2,2,PT-M02-0198,SIMULATED_MONITORING_DATA (EDUCATIONAL_USE_ONLY)
60,1,4,149,305,0.0,2,165,0.0,1.2,2.0,2.0,7.0,2,1,Asymptomatic,Male,<= 120 mg/dl,Left Ventricular Hypertrophy,No,Flat,Reversible Defect,Senior (>=55),Month 2,2,PT-M02-0199,SIMULATED_MONITORING_DATA (EDUCATIONAL_USE_ONLY)
58,1,4,153,227,0.0,0,105,0.0,2.0,2.0,1.0,7.0,1,1,Asymptomatic,Male,<= 120 mg/dl,Normal,No,Flat,Reversible Defect,Senior (>=55),Month 2,2,PT-M02-0200,SIMULATED_MONITORING_DATA (EDUCATIONAL_USE_ONLY)
57,1,2,161,241,0.0,2,159,0.0,0.0,1.0,1.0,3.0,1,1,Atypical Angina,Male,<= 120 mg/dl,Left Ventricular Hypertrophy,No,Upsloping,Normal,Senior (>=55),Month 2,2,PT-M02-0201,SIMULATED_MONITORING_DATA (EDUCATIONAL_USE_ONLY)
44,1,4,128,177,0.0,0,139,1.0,2.8,3.0,0.0,6.0,2,1,Asymptomatic,Male,<= 120 mg/dl,Normal,Yes,Downsloping,Fixed Defect,Younger (<55),Month 2,2,PT-M02-0202,SIMULATED_MONITORING_DATA (EDUCATIONAL_USE_ONLY)
67,1,4,125,234,0.0,2,125,1.0,2.6,2.0,2.0,7.0,1,1,Asymptomatic,Male,<= 120 mg/dl,Left Ventricular Hypertrophy,Yes,Flat,Reversible Defect,Senior (>=55),Month 2,2,PT-M02-0203,SIMULATED_MONITORING_DATA (EDUCATIONAL_USE_ONLY)
41,1,3,115,264,0.0,0,175,0.0,0.0,1.0,0.0,3.0,0,0,Non-Anginal Pain,Male,<= 120 mg/dl,Normal,No,Upsloping,Normal,Younger (<55),Month 2,2,PT-M02-0204,SIMULATED_MONITORING_DATA (EDUCATIONAL_USE_ONLY)
62,0,4,142,306,1.0,0,103,0.0,1.9,2.0,3.0,3.0,2,1,Asymptomatic,Female,> 120 mg/dl,Normal,No,Flat,Normal,Senior (>=55),Month 2,2,PT-M02-0205,SIMULATED_MONITORING_DATA (EDUCATIONAL_USE_ONLY)
58,0,4,106,261,0.0,2,118,0.0,1.0,2.0,0.0,3.0,0,0,Asymptomatic,Female,<= 120 mg/dl,Left Ventricular Hypertrophy,No,Flat,Normal,Senior (>=55),Month 2,2,PT-M02-0206,SIMULATED_MONITORING_DATA (EDUCATIONAL_USE_ONLY)
35,1,4,130,294,0.0,2,150,1.0,0.0,1.0,0.0,7.0,1,1,Asymptomatic,Male,<= 120 mg/dl,Left Ventricular Hypertrophy,Yes,Upsloping,Reversible Defect,Younger (<55),Month 2,2,PT-M02-0207,SIMULATED_MONITORING_DATA (EDUCATIONAL_USE_ONLY)
53,1,4,133,295,0.0,0,91,1.0,2.0,2.0,2.0,7.0,3,1,Asymptomatic,Male,<= 120 mg/dl,Normal,Yes,Flat,Reversible Defect,Younger (<55),Month 2,2,PT-M02-0208,SIMULATED_MONITORING_DATA (EDUCATIONAL_USE_ONLY)
59,1,1,164,286,0.0,2,118,0.0,0.0,1.0,0.0,3.0,1,1,Typical Angina,Male,<= 120 mg/dl,Left Ventricular Hypertrophy,No,Upsloping,Normal,Senior (>=55),Month 2,2,PT-M02-0209,SIMULATED_MONITORING_DATA (EDUCATIONAL_USE_ONLY)
56,0,4,205,301,1.0,2,133,1.0,4.0,3.0,2.0,7.0,3,1,Asymptomatic,Female,> 120 mg/dl,Left Ventricular Hypertrophy,Yes,Downsloping,Reversible Defect,Senior (>=55),Month 2,2,PT-M02-0210,SIMULATED_MONITORING_DATA (EDUCATIONAL_USE_ONLY)
60,1,4,137,265,0.0,0,137,1.0,1.4,1.0,1.0,7.0,1,1,Asymptomatic,Male,<= 120 mg/dl,Normal,Yes,Upsloping,Reversible Defect,Senior (>=55),Month 2,2,PT-M02-0211,SIMULATED_MONITORING_DATA (EDUCATIONAL_USE_ONLY)
50,0,3,126,232,0.0,0,152,0.0,1.6,2.0,0.0,3.0,0,0,Non-Anginal Pain,Female,<= 120 mg/dl,Normal,No,Flat,Normal,Younger (<55),Month 2,2,PT-M02-0212,SIMULATED_MONITORING_DATA (EDUCATIONAL_USE_ONLY)
57,1,2,161,242,0.0,2,158,0.0,0.0,1.0,1.0,3.0,1,1,Atypical Angina,Male,<= 120 mg/dl,Left Ventricular Hypertrophy,No,Upsloping,Normal,Senior (>=55),Month 2,2,PT-M02-0213,SIMULATED_MONITORING_DATA (EDUCATIONAL_USE_ONLY)
60,0,4,158,270,0.0,2,154,0.0,2.6,2.0,2.0,7.0,3,1,Asymptomatic,Female,<= 120 mg/dl,Left Ventricular Hypertrophy,No,Flat,Reversible Defect,Senior (>=55),Month 2,2,PT-M02-0214,SIMULATED_MONITORING_DATA (EDUCATIONAL_USE_ONLY)
51,0,3,147,320,0.0,2,137,0.0,1.5,1.0,1.0,3.0,0,0,Non-Anginal Pain,Female,<= 120 mg/dl,Left Ventricular Hypertrophy,No,Upsloping,Normal,Younger (<55),Month 2,2,PT-M02-0215,SIMULATED_MONITORING_DATA (EDUCATIONAL_USE_ONLY)
40,1,4,118,178,0.0,2,113,1.0,2.0,2.0,0.0,7.0,3,1,Asymptomatic,Male,<= 120 mg/dl,Left Ventricular Hypertrophy,Yes,Flat,Reversible Defect,Younger (<55),Month 2,2,PT-M02-0216,SIMULATED_MONITORING_DATA (EDUCATIONAL_USE_ONLY)
54,0,2,139,297,1.0,2,153,1.0,0.0,1.0,1.0,3.0,0,0,Atypical Angina,Female,> 120 mg/dl,Left Ventricular Hypertrophy,Yes,Upsloping,Normal,Younger (<55),Month 2,2,PT-M02-0217,SIMULATED_MONITORING_DATA (EDUCATIONAL_USE_ONLY)
58,0,3,126,359,0.0,0,167,0.0,0.0,1.0,0.0,3.0,0,0,Non-Anginal Pain,Female,<= 120 mg/dl,Normal,No,Upsloping,Normal,Senior (>=55),Month 2,2,PT-M02-0218,SIMULATED_MONITORING_DATA (EDUCATIONAL_USE_ONLY)
58,1,4,153,227,0.0,0,100,0.0,2.0,2.0,1.0,7.0,1,1,Asymptomatic,Male,<= 120 mg/dl,Normal,No,Flat,Reversible Defect,Senior (>=55),Month 2,2,PT-M02-0219,SIMULATED_MONITORING_DATA (EDUCATIONAL_USE_ONLY)
43,1,3,136,323,0.0,0,161,0.0,1.9,1.0,1.0,3.0,0,0,Non-Anginal Pain,Male,<= 120 mg/dl,Normal,No,Upsloping,Normal,Younger (<55),Month 2,2,PT-M02-0220,SIMULATED_MONITORING_DATA (EDUCATIONAL_USE_ONLY)
52,1,2,135,214,1.0,0,176,0.0,0.0,1.0,0.0,3.0,0,0,Atypical Angina,Male,> 120 mg/dl,Normal,No,Upsloping,Normal,Younger (<55),Month 2,2,PT-M02-0221,SIMULATED_MONITORING_DATA (EDUCATIONAL_USE_ONLY)
46,1,2,103,203,1.0,0,152,0.0,0.0,1.0,0.0,7.0,0,0,Atypical Angina,Male,> 120 mg/dl,Normal,No,Upsloping,Reversible Defect,Younger (<55),Month 2,2,PT-M02-0222,SIMULATED_MONITORING_DATA (EDUCATIONAL_USE_ONLY)
67,1,4,165,300,0.0,2,106,1.0,1.5,2.0,3.0,3.0,2,1,Asymptomatic,Male,<= 120 mg/dl,Left Ventricular Hypertrophy,Yes,Flat,Normal,Senior (>=55),Month 2,2,PT-M02-0223,SIMULATED_MONITORING_DATA (EDUCATIONAL_USE_ONLY)
52,1,4,136,263,0.0,0,157,1.0,0.0,1.0,1.0,7.0,1,1,Asymptomatic,Male,<= 120 mg/dl,Normal,Yes,Upsloping,Reversible Defect,Younger (<55),Month 2,2,PT-M02-0224,SIMULATED_MONITORING_DATA (EDUCATIONAL_USE_ONLY)
64,1,4,126,255,0.0,2,93,1.0,2.2,3.0,1.0,3.0,3,1,Asymptomatic,Male,<= 120 mg/dl,Left Ventricular Hypertrophy,Yes,Downsloping,Normal,Senior (>=55),Month 2,2,PT-M02-0225,SIMULATED_MONITORING_DATA (EDUCATIONAL_USE_ONLY)
45,1,4,149,316,0.0,2,142,1.0,0.0,2.0,3.0,7.0,3,1,Asymptomatic,Male,<= 120 mg/dl,Left Ventricular Hypertrophy,Yes,Flat,Reversible Defect,Younger (<55),Month 2,2,PT-M02-0226,SIMULATED_MONITORING_DATA (EDUCATIONAL_USE_ONLY)
50,0,4,116,263,0.0,2,154,0.0,0.0,1.0,0.0,3.0,0,0,Asymptomatic,Female,<= 120 mg/dl,Left Ventricular Hypertrophy,No,Upsloping,Normal,Younger (<55),Month 2,2,PT-M02-0227,SIMULATED_MONITORING_DATA (EDUCATIONAL_USE_ONLY)
63,0,3,142,255,0.0,2,167,0.0,0.0,1.0,0.0,3.0,0,0,Non-Anginal Pain,Female,<= 120 mg/dl,Left Ventricular Hypertrophy,No,Upsloping,Normal,Senior (>=55),Month 2,2,PT-M02-0228,SIMULATED_MONITORING_DATA (EDUCATIONAL_USE_ONLY)
39,0,3,144,224,0.0,0,149,0.0,0.0,2.0,0.0,3.0,0,0,Non-Anginal Pain,Female,<= 120 mg/dl,Normal,No,Flat,Normal,Younger (<55),Month 2,2,PT-M02-0229,SIMULATED_MONITORING_DATA (EDUCATIONAL_USE_ONLY)
40,1,4,158,234,0.0,0,180,0.0,0.0,1.0,0.0,7.0,1,1,Asymptomatic,Male,<= 120 mg/dl,Normal,No,Upsloping,Reversible Defect,Younger (<55),Month 2,2,PT-M02-0230,SIMULATED_MONITORING_DATA (EDUCATIONAL_USE_ONLY)
56,1,4,139,194,0.0,2,101,1.0,2.1,2.0,1.0,6.0,1,1,Asymptomatic,Male,<= 120 mg/dl,Left Ventricular Hypertrophy,Yes,Flat,Fixed Defect,Senior (>=55),Month 2,2,PT-M02-0231,SIMULATED_MONITORING_DATA (EDUCATIONAL_USE_ONLY)
52,1,2,124,339,0.0,0,164,0.0,0.2,1.0,0.0,3.0,0,0,Atypical Angina,Male,<= 120 mg/dl,Normal,No,Upsloping,Normal,Younger (<55),Month 2,2,PT-M02-0232,SIMULATED_MONITORING_DATA (EDUCATIONAL_USE_ONLY)
59,1,1,188,278,0.0,2,140,0.0,4.2,3.0,0.0,7.0,0,0,Typical Angina,Male,<= 120 mg/dl,Left Ventricular Hypertrophy,No,Downsloping,Reversible Defect,Senior (>=55),Month 2,2,PT-M02-0233,SIMULATED_MONITORING_DATA (EDUCATIONAL_USE_ONLY)
59,1,1,183,281,0.0,2,146,0.0,4.2,3.0,0.0,7.0,0,0,Typical Angina,Male,<= 120 mg/dl,Left Ventricular Hypertrophy,No,Downsloping,Reversible Defect,Senior (>=55),Month 2,2,PT-M02-0234,SIMULATED_MONITORING_DATA (EDUCATIONAL_USE_ONLY)
70,1,4,139,335,0.0,2,104,0.0,2.4,2.0,3.0,3.0,1,1,Asymptomatic,Male,<= 120 mg/dl,Left Ventricular Hypertrophy,No,Flat,Normal,Senior (>=55),Month 2,2,PT-M02-0235,SIMULATED_MONITORING_DATA (EDUCATIONAL_USE_ONLY)
57,1,4,137,133,0.0,0,115,1.0,1.2,2.0,1.0,7.0,3,1,Asymptomatic,Male,<= 120 mg/dl,Normal,Yes,Flat,Reversible Defect,Senior (>=55),Month 2,2,PT-M02-0236,SIMULATED_MONITORING_DATA (EDUCATIONAL_USE_ONLY)
65,0,3,163,284,0.0,0,147,0.0,0.8,1.0,0.0,3.0,0,0,Non-Anginal Pain,Female,<= 120 mg/dl,Normal,No,Upsloping,Normal,Senior (>=55),Month 2,2,PT-M02-0237,SIMULATED_MONITORING_DATA (EDUCATIONAL_USE_ONLY)
58,0,4,107,261,0.0,2,117,0.0,1.0,2.0,0.0,3.0,0,0,Asymptomatic,Female,<= 120 mg/dl,Left Ventricular Hypertrophy,No,Flat,Normal,Senior (>=55),Month 2,2,PT-M02-0238,SIMULATED_MONITORING_DATA (EDUCATIONAL_USE_ONLY)
43,1,3,140,327,0.0,0,158,0.0,1.9,1.0,1.0,3.0,0,0,Non-Anginal Pain,Male,<= 120 mg/dl,Normal,No,Upsloping,Normal,Younger (<55),Month 2,2,PT-M02-0239,SIMULATED_MONITORING_DATA (EDUCATIONAL_USE_ONLY)
58,1,3,141,233,0.0,2,171,0.0,3.2,1.0,2.0,7.0,3,1,Non-Anginal Pain,Male,<= 120 mg/dl,Left Ventricular Hypertrophy,No,Upsloping,Reversible Defect,Senior (>=55),Month 2,2,PT-M02-0240,SIMULATED_MONITORING_DATA (EDUCATIONAL_USE_ONLY)
64,1,1,112,220,0.0,2,139,1.0,1.8,2.0,0.0,3.0,0,0,Typical Angina,Male,<= 120 mg/dl,Left Ventricular Hypertrophy,Yes,Flat,Normal,Senior (>=55),Month 2,2,PT-M02-0241,SIMULATED_MONITORING_DATA (EDUCATIONAL_USE_ONLY)
62,0,4,144,273,0.0,2,155,0.0,3.6,3.0,2.0,3.0,3,1,Asymptomatic,Female,<= 120 mg/dl,Left Ventricular Hypertrophy,No,Downsloping,Normal,Senior (>=55),Month 2,2,PT-M02-0242,SIMULATED_MONITORING_DATA (EDUCATIONAL_USE_ONLY)
42,0,3,125,217,0.0,0,167,0.0,0.0,2.0,0.0,3.0,0,0,Non-Anginal Pain,Female,<= 120 mg/dl,Normal,No,Flat,Normal,Younger (<55),Month 2,2,PT-M02-0243,SIMULATED_MONITORING_DATA (EDUCATIONAL_USE_ONLY)
62,1,2,134,214,1.0,2,134,0.0,0.0,1.0,0.0,3.0,0,0,Atypical Angina,Male,> 120 mg/dl,Left Ventricular Hypertrophy,No,Upsloping,Normal,Senior (>=55),Month 2,2,PT-M02-0244,SIMULATED_MONITORING_DATA (EDUCATIONAL_USE_ONLY)
65,1,4,143,261,0.0,2,122,0.0,2.8,2.0,1.0,7.0,2,1,Asymptomatic,Male,<= 120 mg/dl,Left Ventricular Hypertrophy,No,Flat,Reversible Defect,Senior (>=55),Month 2,2,PT-M02-0245,SIMULATED_MONITORING_DATA (EDUCATIONAL_USE_ONLY)
43,1,4,156,256,0.0,0,163,0.0,1.5,1.0,0.0,3.0,0,0,Asymptomatic,Male,<= 120 mg/dl,Normal,No,Upsloping,Normal,Younger (<55),Month 2,2,PT-M02-0246,SIMULATED_MONITORING_DATA (EDUCATIONAL_USE_ONLY)
55,0,2,139,361,0.0,0,161,0.0,1.2,1.0,0.0,3.0,0,0,Atypical Angina,Female,<= 120 mg/dl,Normal,No,Upsloping,Normal,Senior (>=55),Month 2,2,PT-M02-0247,SIMULATED_MONITORING_DATA (EDUCATIONAL_USE_ONLY)
57,1,2,129,273,0.0,0,135,0.0,0.3,1.0,0.0,7.0,1,1,Atypical Angina,Male,<= 120 mg/dl,Normal,No,Upsloping,Reversible Defect,Senior (>=55),Month 2,2,PT-M02-0248,SIMULATED_MONITORING_DATA (EDUCATIONAL_USE_ONLY)
44,1,2,125,272,0.0,0,168,0.0,0.0,1.0,0.0,7.0,0,0,Atypical Angina,Male,<= 120 mg/dl,Normal,No,Upsloping,Reversible Defect,Younger (<55),Month 2,2,PT-M02-0249,SIMULATED_MONITORING_DATA (EDUCATIONAL_USE_ONLY)
61,1,3,155,254,1.0,0,130,1.0,1.0,2.0,0.0,3.0,0,0,Non-Anginal Pain,Male,> 120 mg/dl,Normal,Yes,Flat,Normal,Senior (>=55),Month 2,2,PT-M02-0250,SIMULATED_MONITORING_DATA (EDUCATIONAL_USE_ONLY)
61,1,4,130,131,0.0,0,108,1.0,1.21,2.0,1.0,7.0,3,1,Asymptomatic,Male,<= 120 mg/dl,Normal,Yes,Flat,Reversible Defect,Senior (>=55),Month 3,3,PT-M03-0001,SIMULATED_MONITORING_DATA (EDUCATIONAL_USE_ONLY)
75,1,3,160,269,0.0,0,101,1.0,3.5,2.0,1.0,7.0,3,1,Non-Anginal Pain,Male,<= 120 mg/dl,Normal,Yes,Flat,Reversible Defect,Senior (>=55),Month 3,3,PT-M03-0002,SIMULATED_MONITORING_DATA (EDUCATIONAL_USE_ONLY)
45,1,3,140,235,0.0,2,163,0.0,0.03,1.0,0.0,3.0,0,0,Non-Anginal Pain,Male,<= 120 mg/dl,Left Ventricular Hypertrophy,No,Upsloping,Normal,Younger (<55),Month 3,3,PT-M03-0003,SIMULATED_MONITORING_DATA (EDUCATIONAL_USE_ONLY)
62,1,2,120,284,0.0,2,147,0.0,1.99,2.0,0.0,3.0,1,1,Atypical Angina,Male,<= 120 mg/dl,Left Ventricular Hypertrophy,No,Flat,Normal,Senior (>=55),Month 3,3,PT-M03-0004,SIMULATED_MONITORING_DATA (EDUCATIONAL_USE_ONLY)
67,1,2,120,281,0.0,2,94,0.0,1.76,2.0,1.0,7.0,3,1,Atypical Angina,Male,<= 120 mg/dl,Left Ventricular Hypertrophy,No,Flat,Reversible Defect,Senior (>=55),Month 3,3,PT-M03-0005,SIMULATED_MONITORING_DATA (EDUCATIONAL_USE_ONLY)
59,1,4,165,289,1.0,2,113,0.0,1.39,2.0,3.0,7.0,4,1,Asymptomatic,Male,> 120 mg/dl,Left Ventricular Hypertrophy,No,Flat,Reversible Defect,Senior (>=55),Month 3,3,PT-M03-0006,SIMULATED_MONITORING_DATA (EDUCATIONAL_USE_ONLY)
62,1,3,130,256,1.0,2,133,1.0,0.78,2.0,1.0,6.0,2,1,Non-Anginal Pain,Male,> 120 mg/dl,Left Ventricular Hypertrophy,Yes,Flat,Fixed Defect,Senior (>=55),Month 3,3,PT-M03-0007,SIMULATED_MONITORING_DATA (EDUCATIONAL_USE_ONLY)
65,0,4,130,330,0.0,2,158,0.0,0.2,1.0,0.0,3.0,1,1,Asymptomatic,Female,<= 120 mg/dl,Left Ventricular Hypertrophy,No,Upsloping,Normal,Senior (>=55),Month 3,3,PT-M03-0008,SIMULATED_MONITORING_DATA (EDUCATIONAL_USE_ONLY)
66,1,3,140,335,0.0,0,146,0.0,0.26,1.0,0.0,3.0,1,1,Non-Anginal Pain,Male,<= 120 mg/dl,Normal,No,Upsloping,Normal,Senior (>=55),Month 3,3,PT-M03-0009,SIMULATED_MONITORING_DATA (EDUCATIONAL_USE_ONLY)
65,0,4,138,294,1.0,0,102,0.0,2.42,2.0,3.0,3.0,2,1,Asymptomatic,Female,> 120 mg/dl,Normal,No,Flat,Normal,Senior (>=55),Month 3,3,PT-M03-0010,SIMULATED_MONITORING_DATA (EDUCATIONAL_USE_ONLY)
46,1,4,136,315,0.0,0,112,1.0,2.33,2.0,0.0,6.0,2,1,Asymptomatic,Male,<= 120 mg/dl,Normal,Yes,Flat,Fixed Defect,Younger (<55),Month 3,3,PT-M03-0011,SIMULATED_MONITORING_DATA (EDUCATIONAL_USE_ONLY)
63,1,1,160,273,0.0,2,114,0.0,0.17,1.0,0.0,3.0,1,1,Typical Angina,Male,<= 120 mg/dl,Left Ventricular Hypertrophy,No,Upsloping,Normal,Senior (>=55),Month 3,3,PT-M03-0012,SIMULATED_MONITORING_DATA (EDUCATIONAL_USE_ONLY)
61,1,4,130,131,0.0,0,104,1.0,1.49,2.0,1.0,7.0,3,1,Asymptomatic,Male,<= 120 mg/dl,Normal,Yes,Flat,Reversible Defect,Senior (>=55),Month 3,3,PT-M03-0013,SIMULATED_MONITORING_DATA (EDUCATIONAL_USE_ONLY)
49,1,3,108,243,0.0,0,134,0.0,0.0,1.0,0.0,3.0,1,1,Non-Anginal Pain,Male,<= 120 mg/dl,Normal,No,Upsloping,Normal,Younger (<55),Month 3,3,PT-M03-0014,SIMULATED_MONITORING_DATA (EDUCATIONAL_USE_ONLY)
73,1,3,140,254,0.0,2,134,0.0,2.38,2.0,3.0,7.0,2,1,Non-Anginal Pain,Male,<= 120 mg/dl,Left Ventricular Hypertrophy,No,Flat,Reversible Defect,Senior (>=55),Month 3,3,PT-M03-0015,SIMULATED_MONITORING_DATA (EDUCATIONAL_USE_ONLY)
48,1,3,138,257,0.0,2,143,0.0,0.02,1.0,0.0,3.0,0,0,Non-Anginal Pain,Male,<= 120 mg/dl,Left Ventricular Hypertrophy,No,Upsloping,Normal,Younger (<55),Month 3,3,PT-M03-0016,SIMULATED_MONITORING_DATA (EDUCATIONAL_USE_ONLY)
62,1,4,164,176,1.0,2,87,0.0,1.47,2.0,2.0,6.0,3,1,Asymptomatic,Male,> 120 mg/dl,Left Ventricular Hypertrophy,No,Flat,Fixed Defect,Senior (>=55),Month 3,3,PT-M03-0017,SIMULATED_MONITORING_DATA (EDUCATIONAL_USE_ONLY)
60,1,4,128,259,0.0,2,121,1.0,3.53,2.0,2.0,7.0,3,1,Asymptomatic,Male,<= 120 mg/dl,Left Ventricular Hypertrophy,Yes,Flat,Reversible Defect,Senior (>=55),Month 3,3,PT-M03-0018,SIMULATED_MONITORING_DATA (EDUCATIONAL_USE_ONLY)
72,1,4,145,174,0.0,0,112,1.0,3.1,3.0,0.0,7.0,4,1,Asymptomatic,Male,<= 120 mg/dl,Normal,Yes,Downsloping,Reversible Defect,Senior (>=55),Month 3,3,PT-M03-0019,SIMULATED_MONITORING_DATA (EDUCATIONAL_USE_ONLY)
71,1,4,120,302,0.0,2,144,0.0,0.62,2.0,0.0,3.0,0,0,Asymptomatic,Male,<= 120 mg/dl,Left Ventricular Hypertrophy,No,Flat,Normal,Senior (>=55),Month 3,3,PT-M03-0020,SIMULATED_MONITORING_DATA (EDUCATIONAL_USE_ONLY)
63,1,4,125,300,0.0,2,161,0.0,0.1,1.0,2.0,7.0,1,1,Asymptomatic,Male,<= 120 mg/dl,Left Ventricular Hypertrophy,No,Upsloping,Reversible Defect,Senior (>=55),Month 3,3,PT-M03-0021,SIMULATED_MONITORING_DATA (EDUCATIONAL_USE_ONLY)
64,1,4,117,230,1.0,0,149,1.0,1.88,1.0,2.0,7.0,2,1,Asymptomatic,Male,> 120 mg/dl,Normal,Yes,Upsloping,Reversible Defect,Senior (>=55),Month 3,3,PT-M03-0022,SIMULATED_MONITORING_DATA (EDUCATIONAL_USE_ONLY)
61,1,4,170,326,0.0,2,128,1.0,3.95,3.0,0.0,7.0,2,1,Asymptomatic,Male,<= 120 mg/dl,Left Ventricular Hypertrophy,Yes,Downsloping,Reversible Defect,Senior (>=55),Month 3,3,PT-M03-0023,SIMULATED_MONITORING_DATA (EDUCATIONAL_USE_ONLY)
48,1,2,128,308,0.0,2,154,0.0,0.12,1.0,0.0,3.0,0,0,Atypical Angina,Male,<= 120 mg/dl,Left Ventricular Hypertrophy,No,Upsloping,Normal,Younger (<55),Month 3,3,PT-M03-0024,SIMULATED_MONITORING_DATA (EDUCATIONAL_USE_ONLY)
67,1,4,120,267,0.0,0,90,1.0,2.1,2.0,2.0,7.0,1,1,Asymptomatic,Male,<= 120 mg/dl,Normal,Yes,Flat,Reversible Defect,Senior (>=55),Month 3,3,PT-M03-0025,SIMULATED_MONITORING_DATA (EDUCATIONAL_USE_ONLY)
69,1,4,135,254,0.0,2,120,0.0,3.19,2.0,1.0,7.0,2,1,Asymptomatic,Male,<= 120 mg/dl,Left Ventricular Hypertrophy,No,Flat,Reversible Defect,Senior (>=55),Month 3,3,PT-M03-0026,SIMULATED_MONITORING_DATA (EDUCATIONAL_USE_ONLY)
74,0,4,106,223,0.0,0,136,0.0,0.38,1.0,2.0,3.0,0,0,Asymptomatic,Female,<= 120 mg/dl,Normal,No,Upsloping,Normal,Senior (>=55),Month 3,3,PT-M03-0027,SIMULATED_MONITORING_DATA (EDUCATIONAL_USE_ONLY)
62,0,1,150,283,1.0,2,154,0.0,1.25,1.0,0.0,3.0,0,0,Typical Angina,Female,> 120 mg/dl,Left Ventricular Hypertrophy,No,Upsloping,Normal,Senior (>=55),Month 3,3,PT-M03-0028,SIMULATED_MONITORING_DATA (EDUCATIONAL_USE_ONLY)
65,1,4,148,203,0.0,0,147,0.0,0.06,1.0,1.0,7.0,2,1,Asymptomatic,Male,<= 120 mg/dl,Normal,No,Upsloping,Reversible Defect,Senior (>=55),Month 3,3,PT-M03-0029,SIMULATED_MONITORING_DATA (EDUCATIONAL_USE_ONLY)
62,1,4,170,326,0.0,2,125,1.0,3.94,3.0,0.0,7.0,2,1,Asymptomatic,Male,<= 120 mg/dl,Left Ventricular Hypertrophy,Yes,Downsloping,Reversible Defect,Senior (>=55),Month 3,3,PT-M03-0030,SIMULATED_MONITORING_DATA (EDUCATIONAL_USE_ONLY)
68,0,4,130,303,0.0,0,113,0.0,2.26,2.0,2.0,3.0,0,0,Asymptomatic,Female,<= 120 mg/dl,Normal,No,Flat,Normal,Senior (>=55),Month 3,3,PT-M03-0031,SIMULATED_MONITORING_DATA (EDUCATIONAL_USE_ONLY)
72,0,1,140,239,0.0,0,134,0.0,2.16,1.0,2.0,3.0,0,0,Typical Angina,Female,<= 120 mg/dl,Normal,No,Upsloping,Normal,Senior (>=55),Month 3,3,PT-M03-0032,SIMULATED_MONITORING_DATA (EDUCATIONAL_USE_ONLY)
65,0,4,158,305,0.0,2,149,0.0,0.0,1.0,0.0,3.0,1,1,Asymptomatic,Female,<= 120 mg/dl,Left Ventricular Hypertrophy,No,Upsloping,Normal,Senior (>=55),Month 3,3,PT-M03-0033,SIMULATED_MONITORING_DATA (EDUCATIONAL_USE_ONLY)
70,1,1,138,282,1.0,2,160,0.0,1.79,2.0,1.0,3.0,1,1,Typical Angina,Male,> 120 mg/dl,Left Ventricular Hypertrophy,No,Flat,Normal,Senior (>=55),Month 3,3,PT-M03-0034,SIMULATED_MONITORING_DATA (EDUCATIONAL_USE_ONLY)
59,1,2,124,261,0.0,0,128,0.0,0.45,1.0,0.0,7.0,1,1,Atypical Angina,Male,<= 120 mg/dl,Normal,No,Upsloping,Reversible Defect,Senior (>=55),Month 3,3,PT-M03-0035,SIMULATED_MONITORING_DATA (EDUCATIONAL_USE_ONLY)
67,1,4,110,248,0.0,2,141,0.0,0.64,1.0,2.0,6.0,1,1,Asymptomatic,Male,<= 120 mg/dl,Left Ventricular Hypertrophy,No,Upsloping,Fixed Defect,Senior (>=55),Month 3,3,PT-M03-0036,SIMULATED_MONITORING_DATA (EDUCATIONAL_USE_ONLY)
60,1,1,170,288,0.0,2,148,0.0,0.3,2.0,0.0,7.0,1,1,Typical Angina,Male,<= 120 mg/dl,Left Ventricular Hypertrophy,No,Flat,Reversible Defect,Senior (>=55),Month 3,3,PT-M03-0037,SIMULATED_MONITORING_DATA (EDUCATIONAL_USE_ONLY)
63,0,4,174,249,0.0,0,130,1.0,0.02,2.0,0.0,3.0,1,1,Asymptomatic,Female,<= 120 mg/dl,Normal,Yes,Flat,Normal,Senior (>=55),Month 3,3,PT-M03-0038,SIMULATED_MONITORING_DATA (EDUCATIONAL_USE_ONLY)
46,1,4,110,197,0.0,2,159,0.0,0.13,1.0,1.0,3.0,1,1,Asymptomatic,Male,<= 120 mg/dl,Left Ventricular Hypertrophy,No,Upsloping,Normal,Younger (<55),Month 3,3,PT-M03-0039,SIMULATED_MONITORING_DATA (EDUCATIONAL_USE_ONLY)
69,0,1,140,239,0.0,0,130,0.0,2.3,1.0,2.0,3.0,0,0,Typical Angina,Female,<= 120 mg/dl,Normal,No,Upsloping,Normal,Senior (>=55),Month 3,3,PT-M03-0040,SIMULATED_MONITORING_DATA (EDUCATIONAL_USE_ONLY)
67,0,4,108,269,0.0,0,155,1.0,1.98,2.0,2.0,3.0,1,1,Asymptomatic,Female,<= 120 mg/dl,Normal,Yes,Flat,Normal,Senior (>=55),Month 3,3,PT-M03-0041,SIMULATED_MONITORING_DATA (EDUCATIONAL_USE_ONLY)
59,1,4,128,255,0.0,0,153,1.0,0.11,1.0,1.0,7.0,1,1,Asymptomatic,Male,<= 120 mg/dl,Normal,Yes,Upsloping,Reversible Defect,Senior (>=55),Month 3,3,PT-M03-0042,SIMULATED_MONITORING_DATA (EDUCATIONAL_USE_ONLY)
79,0,3,140,197,0.0,1,112,0.0,1.35,2.0,0.0,3.0,0,0,Non-Anginal Pain,Female,<= 120 mg/dl,ST-T Abnormality,No,Flat,Normal,Senior (>=55),Month 3,3,PT-M03-0043,SIMULATED_MONITORING_DATA (EDUCATIONAL_USE_ONLY)
64,1,2,140,221,0.0,0,150,1.0,0.17,1.0,0.0,3.0,0,0,Atypical Angina,Male,<= 120 mg/dl,Normal,Yes,Upsloping,Normal,Senior (>=55),Month 3,3,PT-M03-0044,SIMULATED_MONITORING_DATA (EDUCATIONAL_USE_ONLY)
62,0,3,120,340,0.0,0,156,0.0,0.12,1.0,0.0,3.0,0,0,Non-Anginal Pain,Female,<= 120 mg/dl,Normal,No,Upsloping,Normal,Senior (>=55),Month 3,3,PT-M03-0045,SIMULATED_MONITORING_DATA (EDUCATIONAL_USE_ONLY)
67,1,1,170,227,0.0,2,144,0.0,0.71,2.0,0.0,7.0,0,0,Typical Angina,Male,<= 120 mg/dl,Left Ventricular Hypertrophy,No,Flat,Reversible Defect,Senior (>=55),Month 3,3,PT-M03-0046,SIMULATED_MONITORING_DATA (EDUCATIONAL_USE_ONLY)
57,0,3,136,196,0.0,2,152,0.0,0.18,2.0,0.0,3.0,0,0,Non-Anginal Pain,Female,<= 120 mg/dl,Left Ventricular Hypertrophy,No,Flat,Normal,Senior (>=55),Month 3,3,PT-M03-0047,SIMULATED_MONITORING_DATA (EDUCATIONAL_USE_ONLY)
62,1,4,135,234,0.0,0,149,0.0,0.6,2.0,0.0,7.0,0,0,Asymptomatic,Male,<= 120 mg/dl,Normal,No,Flat,Reversible Defect,Senior (>=55),Month 3,3,PT-M03-0048,SIMULATED_MONITORING_DATA (EDUCATIONAL_USE_ONLY)
46,1,4,136,315,0.0,0,117,1.0,2.28,2.0,0.0,6.0,2,1,Asymptomatic,Male,<= 120 mg/dl,Normal,Yes,Flat,Fixed Defect,Younger (<55),Month 3,3,PT-M03-0049,SIMULATED_MONITORING_DATA (EDUCATIONAL_USE_ONLY)
53,1,2,130,266,0.0,0,161,0.0,0.79,1.0,0.0,3.0,0,0,Atypical Angina,Male,<= 120 mg/dl,Normal,No,Upsloping,Normal,Younger (<55),Month 3,3,PT-M03-0050,SIMULATED_MONITORING_DATA (EDUCATIONAL_USE_ONLY)
67,1,4,120,177,0.0,0,128,0.0,0.75,1.0,0.0,7.0,0,0,Asymptomatic,Male,<= 120 mg/dl,Normal,No,Upsloping,Reversible Defect,Senior (>=55),Month 3,3,PT-M03-0051,SIMULATED_MONITORING_DATA (EDUCATIONAL_USE_ONLY)
56,1,3,110,175,0.0,0,113,0.0,0.78,1.0,0.0,3.0,0,0,Non-Anginal Pain,Male,<= 120 mg/dl,Normal,No,Upsloping,Normal,Senior (>=55),Month 3,3,PT-M03-0052,SIMULATED_MONITORING_DATA (EDUCATIONAL_USE_ONLY)
64,1,4,148,203,0.0,0,145,0.0,0.03,1.0,1.0,7.0,2,1,Asymptomatic,Male,<= 120 mg/dl,Normal,No,Upsloping,Reversible Defect,Senior (>=55),Month 3,3,PT-M03-0053,SIMULATED_MONITORING_DATA (EDUCATIONAL_USE_ONLY)
66,0,3,140,313,0.0,0,120,0.0,0.18,1.0,0.0,7.0,0,0,Non-Anginal Pain,Female,<= 120 mg/dl,Normal,No,Upsloping,Reversible Defect,Senior (>=55),Month 3,3,PT-M03-0054,SIMULATED_MONITORING_DATA (EDUCATIONAL_USE_ONLY)
69,0,3,160,360,0.0,2,138,0.0,0.84,1.0,0.0,3.0,0,0,Non-Anginal Pain,Female,<= 120 mg/dl,Left Ventricular Hypertrophy,No,Upsloping,Normal,Senior (>=55),Month 3,3,PT-M03-0055,SIMULATED_MONITORING_DATA (EDUCATIONAL_USE_ONLY)
46,1,4,110,197,0.0,2,164,0.0,0.0,1.0,1.0,3.0,1,1,Asymptomatic,Male,<= 120 mg/dl,Left Ventricular Hypertrophy,No,Upsloping,Normal,Younger (<55),Month 3,3,PT-M03-0056,SIMULATED_MONITORING_DATA (EDUCATIONAL_USE_ONLY)
72,1,4,144,193,1.0,0,132,0.0,4.04,2.0,2.0,7.0,2,1,Asymptomatic,Male,> 120 mg/dl,Normal,No,Flat,Reversible Defect,Senior (>=55),Month 3,3,PT-M03-0057,SIMULATED_MONITORING_DATA (EDUCATIONAL_USE_ONLY)
58,1,2,130,262,0.0,0,140,0.0,0.15,1.0,0.0,3.0,0,0,Atypical Angina,Male,<= 120 mg/dl,Normal,No,Upsloping,Normal,Senior (>=55),Month 3,3,PT-M03-0058,SIMULATED_MONITORING_DATA (EDUCATIONAL_USE_ONLY)
60,1,4,140,217,0.0,0,107,1.0,6.38,3.0,0.0,7.0,3,1,Asymptomatic,Male,<= 120 mg/dl,Normal,Yes,Downsloping,Reversible Defect,Senior (>=55),Month 3,3,PT-M03-0059,SIMULATED_MONITORING_DATA (EDUCATIONAL_USE_ONLY)
58,1,4,140,239,0.0,0,146,0.0,1.57,1.0,0.0,3.0,0,0,Asymptomatic,Male,<= 120 mg/dl,Normal,No,Upsloping,Normal,Senior (>=55),Month 3,3,PT-M03-0060,SIMULATED_MONITORING_DATA (EDUCATIONAL_USE_ONLY)
65,1,2,120,281,0.0,2,95,0.0,1.66,2.0,1.0,7.0,3,1,Atypical Angina,Male,<= 120 mg/dl,Left Ventricular Hypertrophy,No,Flat,Reversible Defect,Senior (>=55),Month 3,3,PT-M03-0061,SIMULATED_MONITORING_DATA (EDUCATIONAL_USE_ONLY)
63,1,4,128,216,0.0,2,118,1.0,2.64,2.0,3.0,7.0,1,1,Asymptomatic,Male,<= 120 mg/dl,Left Ventricular Hypertrophy,Yes,Flat,Reversible Defect,Senior (>=55),Month 3,3,PT-M03-0062,SIMULATED_MONITORING_DATA (EDUCATIONAL_USE_ONLY)
54,1,4,122,222,0.0,2,164,0.0,0.26,1.0,0.0,3.0,0,0,Asymptomatic,Male,<= 120 mg/dl,Left Ventricular Hypertrophy,No,Upsloping,Normal,Younger (<55),Month 3,3,PT-M03-0063,SIMULATED_MONITORING_DATA (EDUCATIONAL_USE_ONLY)
63,1,1,160,273,0.0,2,118,0.0,0.19,1.0,0.0,3.0,1,1,Typical Angina,Male,<= 120 mg/dl,Left Ventricular Hypertrophy,No,Upsloping,Normal,Senior (>=55),Month 3,3,PT-M03-0064,SIMULATED_MONITORING_DATA (EDUCATIONAL_USE_ONLY)
67,0,4,108,269,0.0,0,158,1.0,2.14,2.0,2.0,3.0,1,1,Asymptomatic,Female,<= 120 mg/dl,Normal,Yes,Flat,Normal,Senior (>=55),Month 3,3,PT-M03-0065,SIMULATED_MONITORING_DATA (EDUCATIONAL_USE_ONLY)
60,1,3,105,240,0.0,2,141,1.0,0.7,2.0,0.0,7.0,0,0,Non-Anginal Pain,Male,<= 120 mg/dl,Left Ventricular Hypertrophy,Yes,Flat,Reversible Defect,Senior (>=55),Month 3,3,PT-M03-0066,SIMULATED_MONITORING_DATA (EDUCATIONAL_USE_ONLY)
46,1,4,112,290,0.0,2,141,0.0,0.0,1.0,1.0,3.0,2,1,Asymptomatic,Male,<= 120 mg/dl,Left Ventricular Hypertrophy,No,Upsloping,Normal,Younger (<55),Month 3,3,PT-M03-0067,SIMULATED_MONITORING_DATA (EDUCATIONAL_USE_ONLY)
65,0,4,160,164,0.0,2,135,0.0,6.5,3.0,3.0,7.0,3,1,Asymptomatic,Female,<= 120 mg/dl,Left Ventricular Hypertrophy,No,Downsloping,Reversible Defect,Senior (>=55),Month 3,3,PT-M03-0068,SIMULATED_MONITORING_DATA (EDUCATIONAL_USE_ONLY)
64,1,3,150,243,1.0,0,121,1.0,1.23,2.0,0.0,3.0,0,0,Non-Anginal Pain,Male,> 120 mg/dl,Normal,Yes,Flat,Normal,Senior (>=55),Month 3,3,PT-M03-0069,SIMULATED_MONITORING_DATA (EDUCATIONAL_USE_ONLY)
61,0,3,120,340,0.0,0,157,0.0,0.0,1.0,0.0,3.0,0,0,Non-Anginal Pain,Female,<= 120 mg/dl,Normal,No,Upsloping,Normal,Senior (>=55),Month 3,3,PT-M03-0070,SIMULATED_MONITORING_DATA (EDUCATIONAL_USE_ONLY)
71,0,3,115,564,0.0,2,150,0.0,1.93,2.0,0.0,7.0,0,0,Non-Anginal Pain,Female,<= 120 mg/dl,Left Ventricular Hypertrophy,No,Flat,Reversible Defect,Senior (>=55),Month 3,3,PT-M03-0071,SIMULATED_MONITORING_DATA (EDUCATIONAL_USE_ONLY)
61,1,4,130,131,0.0,0,102,1.0,1.49,2.0,1.0,7.0,3,1,Asymptomatic,Male,<= 120 mg/dl,Normal,Yes,Flat,Reversible Defect,Senior (>=55),Month 3,3,PT-M03-0072,SIMULATED_MONITORING_DATA (EDUCATIONAL_USE_ONLY)
74,0,4,112,149,0.0,0,116,0.0,1.92,2.0,0.0,3.0,0,0,Asymptomatic,Female,<= 120 mg/dl,Normal,No,Flat,Normal,Senior (>=55),Month 3,3,PT-M03-0073,SIMULATED_MONITORING_DATA (EDUCATIONAL_USE_ONLY)
65,0,4,130,330,0.0,2,151,0.0,0.03,1.0,0.0,3.0,1,1,Asymptomatic,Female,<= 120 mg/dl,Left Ventricular Hypertrophy,No,Upsloping,Normal,Senior (>=55),Month 3,3,PT-M03-0074,SIMULATED_MONITORING_DATA (EDUCATIONAL_USE_ONLY)
67,0,3,135,252,0.0,2,160,0.0,0.12,1.0,0.0,3.0,0,0,Non-Anginal Pain,Female,<= 120 mg/dl,Left Ventricular Hypertrophy,No,Upsloping,Normal,Senior (>=55),Month 3,3,PT-M03-0075,SIMULATED_MONITORING_DATA (EDUCATIONAL_USE_ONLY)
64,0,2,140,195,0.0,0,165,0.0,0.14,1.0,2.0,3.0,0,0,Atypical Angina,Female,<= 120 mg/dl,Normal,No,Upsloping,Normal,Senior (>=55),Month 3,3,PT-M03-0076,SIMULATED_MONITORING_DATA (EDUCATIONAL_USE_ONLY)
60,1,2,125,220,0.0,0,128,0.0,0.45,2.0,0.0,7.0,0,0,Atypical Angina,Male,<= 120 mg/dl,Normal,No,Flat,Reversible Defect,Senior (>=55),Month 3,3,PT-M03-0077,SIMULATED_MONITORING_DATA (EDUCATIONAL_USE_ONLY)
70,0,3,152,277,0.0,0,162,0.0,0.24,1.0,1.0,3.0,0,0,Non-Anginal Pain,Female,<= 120 mg/dl,Normal,No,Upsloping,Normal,Senior (>=55),Month 3,3,PT-M03-0078,SIMULATED_MONITORING_DATA (EDUCATIONAL_USE_ONLY)
59,1,4,140,192,0.0,0,134,0.0,0.55,2.0,0.0,6.0,0,0,Asymptomatic,Male,<= 120 mg/dl,Normal,No,Flat,Fixed Defect,Senior (>=55),Month 3,3,PT-M03-0079,SIMULATED_MONITORING_DATA (EDUCATIONAL_USE_ONLY)
63,1,3,150,212,1.0,0,142,0.0,1.94,1.0,0.0,3.0,0,0,Non-Anginal Pain,Male,> 120 mg/dl,Normal,No,Upsloping,Normal,Senior (>=55),Month 3,3,PT-M03-0080,SIMULATED_MONITORING_DATA (EDUCATIONAL_USE_ONLY)
60,1,4,140,239,0.0,0,148,0.0,1.55,1.0,0.0,3.0,0,0,Asymptomatic,Male,<= 120 mg/dl,Normal,No,Upsloping,Normal,Senior (>=55),Month 3,3,PT-M03-0081,SIMULATED_MONITORING_DATA (EDUCATIONAL_USE_ONLY)
67,1,2,120,281,0.0,2,98,0.0,1.73,2.0,1.0,7.0,3,1,Atypical Angina,Male,<= 120 mg/dl,Left Ventricular Hypertrophy,No,Flat,Reversible Defect,Senior (>=55),Month 3,3,PT-M03-0082,SIMULATED_MONITORING_DATA (EDUCATIONAL_USE_ONLY)
61,0,2,136,319,1.0,2,137,0.0,0.2,1.0,2.0,3.0,3,1,Atypical Angina,Female,> 120 mg/dl,Left Ventricular Hypertrophy,No,Upsloping,Normal,Senior (>=55),Month 3,3,PT-M03-0083,SIMULATED_MONITORING_DATA (EDUCATIONAL_USE_ONLY)
65,0,4,174,249,0.0,0,132,1.0,0.13,2.0,0.0,3.0,1,1,Asymptomatic,Female,<= 120 mg/dl,Normal,Yes,Flat,Normal,Senior (>=55),Month 3,3,PT-M03-0084,SIMULATED_MONITORING_DATA (EDUCATIONAL_USE_ONLY)
72,1,4,144,193,1.0,0,131,0.0,3.95,2.0,2.0,7.0,2,1,Asymptomatic,Male,> 120 mg/dl,Normal,No,Flat,Reversible Defect,Senior (>=55),Month 3,3,PT-M03-0085,SIMULATED_MONITORING_DATA (EDUCATIONAL_USE_ONLY)
49,1,4,120,249,0.0,2,135,0.0,1.06,1.0,0.0,7.0,1,1,Asymptomatic,Male,<= 120 mg/dl,Left Ventricular Hypertrophy,No,Upsloping,Reversible Defect,Younger (<55),Month 3,3,PT-M03-0086,SIMULATED_MONITORING_DATA (EDUCATIONAL_USE_ONLY)
59,1,2,130,221,0.0,2,150,0.0,0.0,1.0,0.0,7.0,0,0,Atypical Angina,Male,<= 120 mg/dl,Left Ventricular Hypertrophy,No,Upsloping,Reversible Defect,Senior (>=55),Month 3,3,PT-M03-0087,SIMULATED_MONITORING_DATA (EDUCATIONAL_USE_ONLY)
37,0,2,118,210,0.0,0,176,0.0,0.92,1.0,0.0,3.0,0,0,Atypical Angina,Female,<= 120 mg/dl,Normal,No,Upsloping,Normal,Younger (<55),Month 3,3,PT-M03-0088,SIMULATED_MONITORING_DATA (EDUCATIONAL_USE_ONLY)
68,0,3,160,360,0.0,2,136,0.0,1.02,1.0,0.0,3.0,0,0,Non-Anginal Pain,Female,<= 120 mg/dl,Left Ventricular Hypertrophy,No,Upsloping,Normal,Senior (>=55),Month 3,3,PT-M03-0089,SIMULATED_MONITORING_DATA (EDUCATIONAL_USE_ONLY)
62,0,4,130,197,0.0,0,121,0.0,0.77,2.0,0.0,3.0,0,0,Asymptomatic,Female,<= 120 mg/dl,Normal,No,Flat,Normal,Senior (>=55),Month 3,3,PT-M03-0090,SIMULATED_MONITORING_DATA (EDUCATIONAL_USE_ONLY)
66,0,4,150,244,0.0,0,138,1.0,1.7,2.0,0.0,3.0,1,1,Asymptomatic,Female,<= 120 mg/dl,Normal,Yes,Flat,Normal,Senior (>=55),Month 3,3,PT-M03-0091,SIMULATED_MONITORING_DATA (EDUCATIONAL_USE_ONLY)
44,1,4,110,167,0.0,2,96,1.0,2.21,2.0,0.0,7.0,3,1,Asymptomatic,Male,<= 120 mg/dl,Left Ventricular Hypertrophy,Yes,Flat,Reversible Defect,Younger (<55),Month 3,3,PT-M03-0092,SIMULATED_MONITORING_DATA (EDUCATIONAL_USE_ONLY)
67,0,2,140,195,0.0,0,166,0.0,0.05,1.0,2.0,3.0,0,0,Atypical Angina,Female,<= 120 mg/dl,Normal,No,Upsloping,Normal,Senior (>=55),Month 3,3,PT-M03-0093,SIMULATED_MONITORING_DATA (EDUCATIONAL_USE_ONLY)
71,1,4,112,212,0.0,2,124,1.0,0.22,1.0,1.0,3.0,2,1,Asymptomatic,Male,<= 120 mg/dl,Left Ventricular Hypertrophy,Yes,Upsloping,Normal,Senior (>=55),Month 3,3,PT-M03-0094,SIMULATED_MONITORING_DATA (EDUCATIONAL_USE_ONLY)
72,1,4,125,254,1.0,0,143,0.0,0.35,2.0,2.0,7.0,3,1,Asymptomatic,Male,> 120 mg/dl,Normal,No,Flat,Reversible Defect,Senior (>=55),Month 3,3,PT-M03-0095,SIMULATED_MONITORING_DATA (EDUCATIONAL_USE_ONLY)
58,1,4,130,131,0.0,0,103,1.0,1.38,2.0,1.0,7.0,3,1,Asymptomatic,Male,<= 120 mg/dl,Normal,Yes,Flat,Reversible Defect,Senior (>=55),Month 3,3,PT-M03-0096,SIMULATED_MONITORING_DATA (EDUCATIONAL_USE_ONLY)
58,0,2,136,319,1.0,2,142,0.0,0.23,1.0,2.0,3.0,3,1,Atypical Angina,Female,> 120 mg/dl,Left Ventricular Hypertrophy,No,Upsloping,Normal,Senior (>=55),Month 3,3,PT-M03-0097,SIMULATED_MONITORING_DATA (EDUCATIONAL_USE_ONLY)
60,0,2,135,250,0.0,2,154,0.0,1.62,2.0,0.0,3.0,0,0,Atypical Angina,Female,<= 120 mg/dl,Left Ventricular Hypertrophy,No,Flat,Normal,Senior (>=55),Month 3,3,PT-M03-0098,SIMULATED_MONITORING_DATA (EDUCATIONAL_USE_ONLY)
64,0,4,108,269,0.0,0,156,1.0,2.27,2.0,2.0,3.0,1,1,Asymptomatic,Female,<= 120 mg/dl,Normal,Yes,Flat,Normal,Senior (>=55),Month 3,3,PT-M03-0099,SIMULATED_MONITORING_DATA (EDUCATIONAL_USE_ONLY)
46,1,4,110,211,0.0,0,146,0.0,0.14,1.0,0.0,7.0,0,0,Asymptomatic,Male,<= 120 mg/dl,Normal,No,Upsloping,Reversible Defect,Younger (<55),Month 3,3,PT-M03-0100,SIMULATED_MONITORING_DATA (EDUCATIONAL_USE_ONLY)
48,1,2,101,197,1.0,0,143,0.0,0.04,1.0,0.0,7.0,0,0,Atypical Angina,Male,> 120 mg/dl,Normal,No,Upsloping,Reversible Defect,Younger (<55),Month 3,3,PT-M03-0101,SIMULATED_MONITORING_DATA (EDUCATIONAL_USE_ONLY)
63,0,4,160,164,0.0,2,138,0.0,6.5,3.0,3.0,7.0,3,1,Asymptomatic,Female,<= 120 mg/dl,Left Ventricular Hypertrophy,No,Downsloping,Reversible Defect,Senior (>=55),Month 3,3,PT-M03-0102,SIMULATED_MONITORING_DATA (EDUCATIONAL_USE_ONLY)
61,1,4,152,274,0.0,0,79,1.0,1.36,2.0,1.0,7.0,1,1,Asymptomatic,Male,<= 120 mg/dl,Normal,Yes,Flat,Reversible Defect,Senior (>=55),Month 3,3,PT-M03-0103,SIMULATED_MONITORING_DATA (EDUCATIONAL_USE_ONLY)
62,1,4,152,274,0.0,0,79,1.0,1.57,2.0,1.0,7.0,1,1,Asymptomatic,Male,<= 120 mg/dl,Normal,Yes,Flat,Reversible Defect,Senior (>=55),Month 3,3,PT-M03-0104,SIMULATED_MONITORING_DATA (EDUCATIONAL_USE_ONLY)
59,0,2,140,294,0.0,2,139,0.0,1.7,2.0,0.0,3.0,0,0,Atypical Angina,Female,<= 120 mg/dl,Left Ventricular Hypertrophy,No,Flat,Normal,Senior (>=55),Month 3,3,PT-M03-0105,SIMULATED_MONITORING_DATA (EDUCATIONAL_USE_ONLY)
59,1,2,140,221,0.0,0,148,1.0,0.03,1.0,0.0,3.0,0,0,Atypical Angina,Male,<= 120 mg/dl,Normal,Yes,Upsloping,Normal,Senior (>=55),Month 3,3,PT-M03-0106,SIMULATED_MONITORING_DATA (EDUCATIONAL_USE_ONLY)
60,1,4,130,131,0.0,0,106,1.0,1.62,2.0,1.0,7.0,3,1,Asymptomatic,Male,<= 120 mg/dl,Normal,Yes,Flat,Reversible Defect,Senior (>=55),Month 3,3,PT-M03-0107,SIMULATED_MONITORING_DATA (EDUCATIONAL_USE_ONLY)
63,1,4,170,326,0.0,2,134,1.0,3.98,3.0,0.0,7.0,2,1,Asymptomatic,Male,<= 120 mg/dl,Left Ventricular Hypertrophy,Yes,Downsloping,Reversible Defect,Senior (>=55),Month 3,3,PT-M03-0108,SIMULATED_MONITORING_DATA (EDUCATIONAL_USE_ONLY)
58,1,4,165,289,1.0,2,115,0.0,1.28,2.0,3.0,7.0,4,1,Asymptomatic,Male,> 120 mg/dl,Left Ventricular Hypertrophy,No,Flat,Reversible Defect,Senior (>=55),Month 3,3,PT-M03-0109,SIMULATED_MONITORING_DATA (EDUCATIONAL_USE_ONLY)
62,1,2,120,284,0.0,2,146,0.0,2.2,2.0,0.0,3.0,1,1,Atypical Angina,Male,<= 120 mg/dl,Left Ventricular Hypertrophy,No,Flat,Normal,Senior (>=55),Month 3,3,PT-M03-0110,SIMULATED_MONITORING_DATA (EDUCATIONAL_USE_ONLY)
66,0,4,124,197,0.0,0,124,1.0,0.09,2.0,0.0,3.0,1,1,Asymptomatic,Female,<= 120 mg/dl,Normal,Yes,Flat,Normal,Senior (>=55),Month 3,3,PT-M03-0111,SIMULATED_MONITORING_DATA (EDUCATIONAL_USE_ONLY)
69,1,1,138,282,1.0,2,155,0.0,1.79,2.0,1.0,3.0,1,1,Typical Angina,Male,> 120 mg/dl,Left Ventricular Hypertrophy,No,Flat,Normal,Senior (>=55),Month 3,3,PT-M03-0112,SIMULATED_MONITORING_DATA (EDUCATIONAL_USE_ONLY)
61,0,4,120,354,0.0,0,153,1.0,0.87,1.0,0.0,3.0,0,0,Asymptomatic,Female,<= 120 mg/dl,Normal,Yes,Upsloping,Normal,Senior (>=55),Month 3,3,PT-M03-0113,SIMULATED_MONITORING_DATA (EDUCATIONAL_USE_ONLY)
60,0,1,150,283,1.0,2,149,0.0,1.08,1.0,0.0,3.0,0,0,Typical Angina,Female,> 120 mg/dl,Left Ventricular Hypertrophy,No,Upsloping,Normal,Senior (>=55),Month 3,3,PT-M03-0114,SIMULATED_MONITORING_DATA (EDUCATIONAL_USE_ONLY)
63,0,1,150,283,1.0,2,148,0.0,1.38,1.0,0.0,3.0,0,0,Typical Angina,Female,> 120 mg/dl,Left Ventricular Hypertrophy,No,Upsloping,Normal,Senior (>=55),Month 3,3,PT-M03-0115,SIMULATED_MONITORING_DATA (EDUCATIONAL_USE_ONLY)
65,0,3,130,263,0.0,0,99,0.0,1.31,2.0,1.0,7.0,2,1,Non-Anginal Pain,Female,<= 120 mg/dl,Normal,No,Flat,Reversible Defect,Senior (>=55),Month 3,3,PT-M03-0116,SIMULATED_MONITORING_DATA (EDUCATIONAL_USE_ONLY)
68,1,4,120,177,0.0,0,130,0.0,0.66,1.0,0.0,7.0,0,0,Asymptomatic,Male,<= 120 mg/dl,Normal,No,Upsloping,Reversible Defect,Senior (>=55),Month 3,3,PT-M03-0117,SIMULATED_MONITORING_DATA (EDUCATIONAL_USE_ONLY)
45,1,4,120,177,0.0,2,108,1.0,3.09,2.0,0.0,7.0,3,1,Asymptomatic,Male,<= 120 mg/dl,Left Ventricular Hypertrophy,Yes,Flat,Reversible Defect,Younger (<55),Month 3,3,PT-M03-0118,SIMULATED_MONITORING_DATA (EDUCATIONAL_USE_ONLY)
70,1,4,125,254,1.0,0,149,0.0,0.22,2.0,2.0,7.0,3,1,Asymptomatic,Male,> 120 mg/dl,Normal,No,Flat,Reversible Defect,Senior (>=55),Month 3,3,PT-M03-0119,SIMULATED_MONITORING_DATA (EDUCATIONAL_USE_ONLY)
67,1,1,138,282,1.0,2,164,0.0,1.67,2.0,1.0,3.0,1,1,Typical Angina,Male,> 120 mg/dl,Left Ventricular Hypertrophy,No,Flat,Normal,Senior (>=55),Month 3,3,PT-M03-0120,SIMULATED_MONITORING_DATA (EDUCATIONAL_USE_ONLY)
67,1,1,110,211,0.0,2,133,1.0,2.06,2.0,0.0,3.0,0,0,Typical Angina,Male,<= 120 mg/dl,Left Ventricular Hypertrophy,Yes,Flat,Normal,Senior (>=55),Month 3,3,PT-M03-0121,SIMULATED_MONITORING_DATA (EDUCATIONAL_USE_ONLY)
63,1,3,128,229,0.0,2,134,0.0,0.54,2.0,1.0,7.0,1,1,Non-Anginal Pain,Male,<= 120 mg/dl,Left Ventricular Hypertrophy,No,Flat,Reversible Defect,Senior (>=55),Month 3,3,PT-M03-0122,SIMULATED_MONITORING_DATA (EDUCATIONAL_USE_ONLY)
66,0,4,150,225,0.0,2,108,0.0,1.22,2.0,3.0,7.0,4,1,Asymptomatic,Female,<= 120 mg/dl,Left Ventricular Hypertrophy,No,Flat,Reversible Defect,Senior (>=55),Month 3,3,PT-M03-0123,SIMULATED_MONITORING_DATA (EDUCATIONAL_USE_ONLY)
36,0,4,138,183,0.0,0,165,0.0,1.79,1.0,0.0,3.0,0,0,Asymptomatic,Female,<= 120 mg/dl,Normal,No,Upsloping,Normal,Younger (<55),Month 3,3,PT-M03-0124,SIMULATED_MONITORING_DATA (EDUCATIONAL_USE_ONLY)
72,1,4,112,212,0.0,2,127,1.0,0.35,1.0,1.0,3.0,2,1,Asymptomatic,Male,<= 120 mg/dl,Left Ventricular Hypertrophy,Yes,Upsloping,Normal,Senior (>=55),Month 3,3,PT-M03-0125,SIMULATED_MONITORING_DATA (EDUCATIONAL_USE_ONLY)
69,1,4,160,228,0.0,2,130,0.0,2.88,1.0,0.0,6.0,0,0,Asymptomatic,Male,<= 120 mg/dl,Left Ventricular Hypertrophy,No,Upsloping,Fixed Defect,Senior (>=55),Month 3,3,PT-M03-0126,SIMULATED_MONITORING_DATA (EDUCATIONAL_USE_ONLY)
60,1,4,114,318,0.0,1,127,0.0,5.1,3.0,3.0,6.0,4,1,Asymptomatic,Male,<= 120 mg/dl,ST-T Abnormality,No,Downsloping,Fixed Defect,Senior (>=55),Month 3,3,PT-M03-0127,SIMULATED_MONITORING_DATA (EDUCATIONAL_USE_ONLY)
65,1,4,117,230,1.0,0,151,1.0,1.69,1.0,2.0,7.0,2,1,Asymptomatic,Male,> 120 mg/dl,Normal,Yes,Upsloping,Reversible Defect,Senior (>=55),Month 3,3,PT-M03-0128,SIMULATED_MONITORING_DATA (EDUCATIONAL_USE_ONLY)
61,0,4,100,248,0.0,2,112,0.0,1.08,2.0,0.0,3.0,0,0,Asymptomatic,Female,<= 120 mg/dl,Left Ventricular Hypertrophy,No,Flat,Normal,Senior (>=55),Month 3,3,PT-M03-0129,SIMULATED_MONITORING_DATA (EDUCATIONAL_USE_ONLY)
62,0,4,200,288,1.0,2,125,1.0,4.62,3.0,2.0,7.0,3,1,Asymptomatic,Female,> 120 mg/dl,Left Ventricular Hypertrophy,Yes,Downsloping,Reversible Defect,Senior (>=55),Month 3,3,PT-M03-0130,SIMULATED_MONITORING_DATA (EDUCATIONAL_USE_ONLY)
68,1,4,140,187,0.0,2,134,1.0,4.8,1.0,2.0,7.0,2,1,Asymptomatic,Male,<= 120 mg/dl,Left Ventricular Hypertrophy,Yes,Upsloping,Reversible Defect,Senior (>=55),Month 3,3,PT-M03-0131,SIMULATED_MONITORING_DATA (EDUCATIONAL_USE_ONLY)
66,0,2,140,195,0.0,0,162,0.0,0.26,1.0,2.0,3.0,0,0,Atypical Angina,Female,<= 120 mg/dl,Normal,No,Upsloping,Normal,Senior (>=55),Month 3,3,PT-M03-0132,SIMULATED_MONITORING_DATA (EDUCATIONAL_USE_ONLY)
71,1,4,128,263,0.0,0,95,1.0,0.21,2.0,1.0,7.0,0,0,Asymptomatic,Male,<= 120 mg/dl,Normal,Yes,Flat,Reversible Defect,Senior (>=55),Month 3,3,PT-M03-0133,SIMULATED_MONITORING_DATA (EDUCATIONAL_USE_ONLY)
77,0,2,120,269,0.0,2,114,1.0,0.27,1.0,1.0,3.0,0,0,Atypical Angina,Female,<= 120 mg/dl,Left Ventricular Hypertrophy,Yes,Upsloping,Normal,Senior (>=55),Month 3,3,PT-M03-0134,SIMULATED_MONITORING_DATA (EDUCATIONAL_USE_ONLY)
69,0,4,180,325,0.0,0,141,1.0,0.1,1.0,0.0,3.0,0,0,Asymptomatic,Female,<= 120 mg/dl,Normal,Yes,Upsloping,Normal,Senior (>=55),Month 3,3,PT-M03-0135,SIMULATED_MONITORING_DATA (EDUCATIONAL_USE_ONLY)
62,1,3,140,211,1.0,2,151,0.0,0.13,1.0,0.0,3.0,0,0,Non-Anginal Pain,Male,> 120 mg/dl,Left Ventricular Hypertrophy,No,Upsloping,Normal,Senior (>=55),Month 3,3,PT-M03-0136,SIMULATED_MONITORING_DATA (EDUCATIONAL_USE_ONLY)
65,0,4,150,258,0.0,2,142,0.0,3.01,2.0,2.0,7.0,3,1,Asymptomatic,Female,<= 120 mg/dl,Left Ventricular Hypertrophy,No,Flat,Reversible Defect,Senior (>=55),Month 3,3,PT-M03-0137,SIMULATED_MONITORING_DATA (EDUCATIONAL_USE_ONLY)
75,0,1,140,239,0.0,0,140,0.0,2.21,1.0,2.0,3.0,0,0,Typical Angina,Female,<= 120 mg/dl,Normal,No,Upsloping,Normal,Senior (>=55),Month 3,3,PT-M03-0138,SIMULATED_MONITORING_DATA (EDUCATIONAL_USE_ONLY)
67,0,3,135,252,0.0,2,164,0.0,0.05,1.0,0.0,3.0,0,0,Non-Anginal Pain,Female,<= 120 mg/dl,Left Ventricular Hypertrophy,No,Upsloping,Normal,Senior (>=55),Month 3,3,PT-M03-0139,SIMULATED_MONITORING_DATA (EDUCATIONAL_USE_ONLY)
58,0,4,134,409,0.0,2,135,1.0,2.28,2.0,2.0,7.0,2,1,Asymptomatic,Female,<= 120 mg/dl,Left Ventricular Hypertrophy,Yes,Flat,Reversible Defect,Senior (>=55),Month 3,3,PT-M03-0140,SIMULATED_MONITORING_DATA (EDUCATIONAL_USE_ONLY)
69,1,4,135,254,0.0,2,117,0.0,3.37,2.0,1.0,7.0,2,1,Asymptomatic,Male,<= 120 mg/dl,Left Ventricular Hypertrophy,No,Flat,Reversible Defect,Senior (>=55),Month 3,3,PT-M03-0141,SIMULATED_MONITORING_DATA (EDUCATIONAL_USE_ONLY)
76,0,2,120,269,0.0,2,116,1.0,0.33,1.0,1.0,3.0,0,0,Atypical Angina,Female,<= 120 mg/dl,Left Ventricular Hypertrophy,Yes,Upsloping,Normal,Senior (>=55),Month 3,3,PT-M03-0142,SIMULATED_MONITORING_DATA (EDUCATIONAL_USE_ONLY)
68,1,4,140,207,0.0,2,127,1.0,2.24,1.0,1.0,7.0,1,1,Asymptomatic,Male,<= 120 mg/dl,Left Ventricular Hypertrophy,Yes,Upsloping,Reversible Defect,Senior (>=55),Month 3,3,PT-M03-0143,SIMULATED_MONITORING_DATA (EDUCATIONAL_USE_ONLY)
62,0,4,170,225,1.0,2,136,1.0,3.31,2.0,2.0,6.0,2,1,Asymptomatic,Female,> 120 mg/dl,Left Ventricular Hypertrophy,Yes,Flat,Fixed Defect,Senior (>=55),Month 3,3,PT-M03-0144,SIMULATED_MONITORING_DATA (EDUCATIONAL_USE_ONLY)
66,0,2,140,195,0.0,0,161,0.0,0.09,1.0,2.0,3.0,0,0,Atypical Angina,Female,<= 120 mg/dl,Normal,No,Upsloping,Normal,Senior (>=55),Month 3,3,PT-M03-0145,SIMULATED_MONITORING_DATA (EDUCATIONAL_USE_ONLY)
49,1,2,128,308,0.0,2,158,0.0,0.06,1.0,0.0,3.0,0,0,Atypical Angina,Male,<= 120 mg/dl,Left Ventricular Hypertrophy,No,Upsloping,Normal,Younger (<55),Month 3,3,PT-M03-0146,SIMULATED_MONITORING_DATA (EDUCATIONAL_USE_ONLY)
57,0,4,200,288,1.0,2,122,1.0,4.67,3.0,2.0,7.0,3,1,Asymptomatic,Female,> 120 mg/dl,Left Ventricular Hypertrophy,Yes,Downsloping,Reversible Defect,Senior (>=55),Month 3,3,PT-M03-0147,SIMULATED_MONITORING_DATA (EDUCATIONAL_USE_ONLY)
64,0,4,124,209,0.0,0,153,0.0,0.26,1.0,0.0,3.0,0,0,Asymptomatic,Female,<= 120 mg/dl,Normal,No,Upsloping,Normal,Senior (>=55),Month 3,3,PT-M03-0148,SIMULATED_MONITORING_DATA (EDUCATIONAL_USE_ONLY)
76,0,2,160,302,0.0,0,153,0.0,0.62,1.0,2.0,3.0,0,0,Atypical Angina,Female,<= 120 mg/dl,Normal,No,Upsloping,Normal,Senior (>=55),Month 3,3,PT-M03-0149,SIMULATED_MONITORING_DATA (EDUCATIONAL_USE_ONLY)
65,0,4,138,294,1.0,0,105,0.0,2.26,2.0,3.0,3.0,2,1,Asymptomatic,Female,> 120 mg/dl,Normal,No,Flat,Normal,Senior (>=55),Month 3,3,PT-M03-0150,SIMULATED_MONITORING_DATA (EDUCATIONAL_USE_ONLY)
64,0,4,124,209,0.0,0,152,0.0,0.17,1.0,0.0,3.0,0,0,Asymptomatic,Female,<= 120 mg/dl,Normal,No,Upsloping,Normal,Senior (>=55),Month 3,3,PT-M03-0151,SIMULATED_MONITORING_DATA (EDUCATIONAL_USE_ONLY)
64,1,4,117,230,1.0,0,148,1.0,1.68,1.0,2.0,7.0,2,1,Asymptomatic,Male,> 120 mg/dl,Normal,Yes,Upsloping,Reversible Defect,Senior (>=55),Month 3,3,PT-M03-0152,SIMULATED_MONITORING_DATA (EDUCATIONAL_USE_ONLY)
56,0,4,130,305,0.0,0,131,1.0,1.6,2.0,0.0,7.0,2,1,Asymptomatic,Female,<= 120 mg/dl,Normal,Yes,Flat,Reversible Defect,Senior (>=55),Month 3,3,PT-M03-0153,SIMULATED_MONITORING_DATA (EDUCATIONAL_USE_ONLY)
76,0,4,112,149,0.0,0,114,0.0,1.98,2.0,0.0,3.0,0,0,Asymptomatic,Female,<= 120 mg/dl,Normal,No,Flat,Normal,Senior (>=55),Month 3,3,PT-M03-0154,SIMULATED_MONITORING_DATA (EDUCATIONAL_USE_ONLY)
70,0,3,155,269,0.0,0,137,0.0,1.01,1.0,0.0,3.0,0,0,Non-Anginal Pain,Female,<= 120 mg/dl,Normal,No,Upsloping,Normal,Senior (>=55),Month 3,3,PT-M03-0155,SIMULATED_MONITORING_DATA (EDUCATIONAL_USE_ONLY)
68,1,2,160,246,0.0,0,110,1.0,0.14,2.0,3.0,6.0,2,1,Atypical Angina,Male,<= 120 mg/dl,Normal,Yes,Flat,Fixed Defect,Senior (>=55),Month 3,3,PT-M03-0156,SIMULATED_MONITORING_DATA (EDUCATIONAL_USE_ONLY)
66,1,4,135,254,0.0,2,117,0.0,3.16,2.0,1.0,7.0,2,1,Asymptomatic,Male,<= 120 mg/dl,Left Ventricular Hypertrophy,No,Flat,Reversible Defect,Senior (>=55),Month 3,3,PT-M03-0157,SIMULATED_MONITORING_DATA (EDUCATIONAL_USE_ONLY)
59,1,3,130,246,1.0,2,163,0.0,0.0,1.0,3.0,3.0,0,0,Non-Anginal Pain,Male,> 120 mg/dl,Left Ventricular Hypertrophy,No,Upsloping,Normal,Senior (>=55),Month 3,3,PT-M03-0158,SIMULATED_MONITORING_DATA (EDUCATIONAL_USE_ONLY)
50,1,4,112,204,0.0,0,129,0.0,0.1,1.0,0.0,3.0,0,0,Asymptomatic,Male,<= 120 mg/dl,Normal,No,Upsloping,Normal,Younger (<55),Month 3,3,PT-M03-0159,SIMULATED_MONITORING_DATA (EDUCATIONAL_USE_ONLY)
63,1,4,140,293,0.0,2,160,0.0,1.49,2.0,2.0,7.0,2,1,Asymptomatic,Male,<= 120 mg/dl,Left Ventricular Hypertrophy,No,Flat,Reversible Defect,Senior (>=55),Month 3,3,PT-M03-0160,SIMULATED_MONITORING_DATA (EDUCATIONAL_USE_ONLY)
80,0,3,140,197,0.0,1,111,0.0,1.54,2.0,0.0,3.0,0,0,Non-Anginal Pain,Female,<= 120 mg/dl,ST-T Abnormality,No,Flat,Normal,Senior (>=55),Month 3,3,PT-M03-0161,SIMULATED_MONITORING_DATA (EDUCATIONAL_USE_ONLY)
49,1,4,115,260,0.0,2,170,0.0,0.32,1.0,0.0,3.0,0,0,Asymptomatic,Male,<= 120 mg/dl,Left Ventricular Hypertrophy,No,Upsloping,Normal,Younger (<55),Month 3,3,PT-M03-0162,SIMULATED_MONITORING_DATA (EDUCATIONAL_USE_ONLY)
63,1,4,110,239,0.0,2,124,1.0,1.54,2.0,1.0,7.0,2,1,Asymptomatic,Male,<= 120 mg/dl,Left Ventricular Hypertrophy,Yes,Flat,Reversible Defect,Senior (>=55),Month 3,3,PT-M03-0163,SIMULATED_MONITORING_DATA (EDUCATIONAL_USE_ONLY)
46,1,4,118,219,0.0,0,127,0.0,1.53,2.0,0.0,7.0,3,1,Asymptomatic,Male,<= 120 mg/dl,Normal,No,Flat,Reversible Defect,Younger (<55),Month 3,3,PT-M03-0164,SIMULATED_MONITORING_DATA (EDUCATIONAL_USE_ONLY)
61,0,3,120,340,0.0,0,162,0.0,0.0,1.0,0.0,3.0,0,0,Non-Anginal Pain,Female,<= 120 mg/dl,Normal,No,Upsloping,Normal,Senior (>=55),Month 3,3,PT-M03-0165,SIMULATED_MONITORING_DATA (EDUCATIONAL_USE_ONLY)
50,1,1,110,264,0.0,0,121,0.0,1.43,2.0,0.0,7.0,1,1,Typical Angina,Male,<= 120 mg/dl,Normal,No,Flat,Reversible Defect,Younger (<55),Month 3,3,PT-M03-0166,SIMULATED_MONITORING_DATA (EDUCATIONAL_USE_ONLY)
65,0,4,130,330,0.0,2,152,0.0,0.02,1.0,0.0,3.0,1,1,Asymptomatic,Female,<= 120 mg/dl,Left Ventricular Hypertrophy,No,Upsloping,Normal,Senior (>=55),Month 3,3,PT-M03-0167,SIMULATED_MONITORING_DATA (EDUCATIONAL_USE_ONLY)
62,1,2,125,220,0.0,0,131,0.0,0.5,2.0,0.0,7.0,0,0,Atypical Angina,Male,<= 120 mg/dl,Normal,No,Flat,Reversible Defect,Senior (>=55),Month 3,3,PT-M03-0168,SIMULATED_MONITORING_DATA (EDUCATIONAL_USE_ONLY)
68,1,2,120,281,0.0,2,97,0.0,1.69,2.0,1.0,7.0,3,1,Atypical Angina,Male,<= 120 mg/dl,Left Ventricular Hypertrophy,No,Flat,Reversible Defect,Senior (>=55),Month 3,3,PT-M03-0169,SIMULATED_MONITORING_DATA (EDUCATIONAL_USE_ONLY)
67,0,3,135,252,0.0,2,160,0.0,0.05,1.0,0.0,3.0,0,0,Non-Anginal Pain,Female,<= 120 mg/dl,Left Ventricular Hypertrophy,No,Upsloping,Normal,Senior (>=55),Month 3,3,PT-M03-0170,SIMULATED_MONITORING_DATA (EDUCATIONAL_USE_ONLY)
74,1,3,160,269,0.0,0,102,1.0,3.24,2.0,1.0,7.0,3,1,Non-Anginal Pain,Male,<= 120 mg/dl,Normal,Yes,Flat,Reversible Defect,Senior (>=55),Month 3,3,PT-M03-0171,SIMULATED_MONITORING_DATA (EDUCATIONAL_USE_ONLY)
60,0,4,180,327,0.0,1,107,1.0,4.08,2.0,0.0,3.0,2,1,Asymptomatic,Female,<= 120 mg/dl,ST-T Abnormality,Yes,Flat,Normal,Senior (>=55),Month 3,3,PT-M03-0172,SIMULATED_MONITORING_DATA (EDUCATIONAL_USE_ONLY)
38,1,4,126,282,0.0,2,142,1.0,0.0,1.0,0.0,7.0,1,1,Asymptomatic,Male,<= 120 mg/dl,Left Ventricular Hypertrophy,Yes,Upsloping,Reversible Defect,Younger (<55),Month 3,3,PT-M03-0173,SIMULATED_MONITORING_DATA (EDUCATIONAL_USE_ONLY)
60,1,4,125,300,0.0,2,155,0.0,0.12,1.0,2.0,7.0,1,1,Asymptomatic,Male,<= 120 mg/dl,Left Ventricular Hypertrophy,No,Upsloping,Reversible Defect,Senior (>=55),Month 3,3,PT-M03-0174,SIMULATED_MONITORING_DATA (EDUCATIONAL_USE_ONLY)
43,1,2,120,157,0.0,0,172,0.0,0.31,1.0,0.0,3.0,0,0,Atypical Angina,Male,<= 120 mg/dl,Normal,No,Upsloping,Normal,Younger (<55),Month 3,3,PT-M03-0175,SIMULATED_MONITORING_DATA (EDUCATIONAL_USE_ONLY)
60,1,4,110,239,0.0,2,130,1.0,1.39,2.0,1.0,7.0,2,1,Asymptomatic,Male,<= 120 mg/dl,Left Ventricular Hypertrophy,Yes,Flat,Reversible Defect,Senior (>=55),Month 3,3,PT-M03-0176,SIMULATED_MONITORING_DATA (EDUCATIONAL_USE_ONLY)
66,1,4,135,234,0.0,0,152,0.0,0.42,2.0,0.0,7.0,0,0,Asymptomatic,Male,<= 120 mg/dl,Normal,No,Flat,Reversible Defect,Senior (>=55),Month 3,3,PT-M03-0177,SIMULATED_MONITORING_DATA (EDUCATIONAL_USE_ONLY)
60,1,4,146,218,0.0,0,101,0.0,2.37,2.0,1.0,7.0,1,1,Asymptomatic,Male,<= 120 mg/dl,Normal,No,Flat,Reversible Defect,Senior (>=55),Month 3,3,PT-M03-0178,SIMULATED_MONITORING_DATA (EDUCATIONAL_USE_ONLY)
49,1,4,140,311,0.0,0,113,1.0,2.28,2.0,2.0,7.0,2,1,Asymptomatic,Male,<= 120 mg/dl,Normal,Yes,Flat,Reversible Defect,Younger (<55),Month 3,3,PT-M03-0179,SIMULATED_MONITORING_DATA (EDUCATIONAL_USE_ONLY)
59,0,4,134,409,0.0,2,137,1.0,2.48,2.0,2.0,7.0,2,1,Asymptomatic,Female,<= 120 mg/dl,Left Ventricular Hypertrophy,Yes,Flat,Reversible Defect,Senior (>=55),Month 3,3,PT-M03-0180,SIMULATED_MONITORING_DATA (EDUCATIONAL_USE_ONLY)
72,1,4,144,193,1.0,0,131,0.0,3.89,2.0,2.0,7.0,2,1,Asymptomatic,Male,> 120 mg/dl,Normal,No,Flat,Reversible Defect,Senior (>=55),Month 3,3,PT-M03-0181,SIMULATED_MONITORING_DATA (EDUCATIONAL_USE_ONLY)
63,0,4,100,248,0.0,2,112,0.0,1.3,2.0,0.0,3.0,0,0,Asymptomatic,Female,<= 120 mg/dl,Left Ventricular Hypertrophy,No,Flat,Normal,Senior (>=55),Month 3,3,PT-M03-0182,SIMULATED_MONITORING_DATA (EDUCATIONAL_USE_ONLY)
66,1,4,120,260,0.0,0,126,1.0,4.19,2.0,1.0,7.0,2,1,Asymptomatic,Male,<= 120 mg/dl,Normal,Yes,Flat,Reversible Defect,Senior (>=55),Month 3,3,PT-M03-0183,SIMULATED_MONITORING_DATA (EDUCATIONAL_USE_ONLY)
66,1,4,130,254,0.0,2,136,0.0,1.7,2.0,1.0,7.0,2,1,Asymptomatic,Male,<= 120 mg/dl,Left Ventricular Hypertrophy,No,Flat,Reversible Defect,Senior (>=55),Month 3,3,PT-M03-0184,SIMULATED_MONITORING_DATA (EDUCATIONAL_USE_ONLY)
61,0,4,130,197,0.0,0,117,0.0,1.05,2.0,0.0,3.0,0,0,Asymptomatic,Female,<= 120 mg/dl,Normal,No,Flat,Normal,Senior (>=55),Month 3,3,PT-M03-0185,SIMULATED_MONITORING_DATA (EDUCATIONAL_USE_ONLY)
61,0,4,140,241,0.0,0,117,1.0,0.18,2.0,0.0,7.0,1,1,Asymptomatic,Female,<= 120 mg/dl,Normal,Yes,Flat,Reversible Defect,Senior (>=55),Month 3,3,PT-M03-0186,SIMULATED_MONITORING_DATA (EDUCATIONAL_USE_ONLY)
57,1,4,110,239,0.0,0,115,1.0,3.35,2.0,1.0,7.0,3,1,Asymptomatic,Male,<= 120 mg/dl,Normal,Yes,Flat,Reversible Defect,Senior (>=55),Month 3,3,PT-M03-0187,SIMULATED_MONITORING_DATA (EDUCATIONAL_USE_ONLY)
52,1,4,120,249,0.0,2,133,0.0,1.07,1.0,0.0,7.0,1,1,Asymptomatic,Male,<= 120 mg/dl,Left Ventricular Hypertrophy,No,Upsloping,Reversible Defect,Younger (<55),Month 3,3,PT-M03-0188,SIMULATED_MONITORING_DATA (EDUCATIONAL_USE_ONLY)
72,1,3,180,274,1.0,2,139,1.0,2.05,2.0,0.0,7.0,3,1,Non-Anginal Pain,Male,> 120 mg/dl,Left Ventricular Hypertrophy,Yes,Flat,Reversible Defect,Senior (>=55),Month 3,3,PT-M03-0189,SIMULATED_MONITORING_DATA (EDUCATIONAL_USE_ONLY)
63,0,4,170,225,1.0,2,134,1.0,3.33,2.0,2.0,6.0,2,1,Asymptomatic,Female,> 120 mg/dl,Left Ventricular Hypertrophy,Yes,Flat,Fixed Defect,Senior (>=55),Month 3,3,PT-M03-0190,SIMULATED_MONITORING_DATA (EDUCATIONAL_USE_ONLY)
56,1,3,172,199,1.0,0,151,0.0,0.71,1.0,0.0,7.0,0,0,Non-Anginal Pain,Male,> 120 mg/dl,Normal,No,Upsloping,Reversible Defect,Senior (>=55),Month 3,3,PT-M03-0191,SIMULATED_MONITORING_DATA (EDUCATIONAL_USE_ONLY)
58,1,4,140,203,1.0,2,141,1.0,3.63,3.0,0.0,7.0,1,1,Asymptomatic,Male,> 120 mg/dl,Left Ventricular Hypertrophy,Yes,Downsloping,Reversible Defect,Senior (>=55),Month 3,3,PT-M03-0192,SIMULATED_MONITORING_DATA (EDUCATIONAL_USE_ONLY)
47,1,4,150,247,0.0,0,160,0.0,1.85,1.0,0.0,3.0,0,0,Asymptomatic,Male,<= 120 mg/dl,Normal,No,Upsloping,Normal,Younger (<55),Month 3,3,PT-M03-0193,SIMULATED_MONITORING_DATA (EDUCATIONAL_USE_ONLY)
58,0,4,134,409,0.0,2,134,1.0,2.25,2.0,2.0,7.0,2,1,Asymptomatic,Female,<= 120 mg/dl,Left Ventricular Hypertrophy,Yes,Flat,Reversible Defect,Senior (>=55),Month 3,3,PT-M03-0194,SIMULATED_MONITORING_DATA (EDUCATIONAL_USE_ONLY)
68,1,1,170,227,0.0,2,143,0.0,0.85,2.0,0.0,7.0,0,0,Typical Angina,Male,<= 120 mg/dl,Left Ventricular Hypertrophy,No,Flat,Reversible Defect,Senior (>=55),Month 3,3,PT-M03-0195,SIMULATED_MONITORING_DATA (EDUCATIONAL_USE_ONLY)
74,0,2,160,302,0.0,0,155,0.0,0.52,1.0,2.0,3.0,0,0,Atypical Angina,Female,<= 120 mg/dl,Normal,No,Upsloping,Normal,Senior (>=55),Month 3,3,PT-M03-0196,SIMULATED_MONITORING_DATA (EDUCATIONAL_USE_ONLY)
58,0,2,135,250,0.0,2,145,0.0,1.75,2.0,0.0,3.0,0,0,Atypical Angina,Female,<= 120 mg/dl,Left Ventricular Hypertrophy,No,Flat,Normal,Senior (>=55),Month 3,3,PT-M03-0197,SIMULATED_MONITORING_DATA (EDUCATIONAL_USE_ONLY)
61,1,4,130,131,0.0,0,104,1.0,1.48,2.0,1.0,7.0,3,1,Asymptomatic,Male,<= 120 mg/dl,Normal,Yes,Flat,Reversible Defect,Senior (>=55),Month 3,3,PT-M03-0198,SIMULATED_MONITORING_DATA (EDUCATIONAL_USE_ONLY)
40,0,4,138,183,0.0,0,169,0.0,1.82,1.0,0.0,3.0,0,0,Asymptomatic,Female,<= 120 mg/dl,Normal,No,Upsloping,Normal,Younger (<55),Month 3,3,PT-M03-0199,SIMULATED_MONITORING_DATA (EDUCATIONAL_USE_ONLY)
50,1,4,140,311,0.0,0,111,1.0,2.16,2.0,2.0,7.0,2,1,Asymptomatic,Male,<= 120 mg/dl,Normal,Yes,Flat,Reversible Defect,Younger (<55),Month 3,3,PT-M03-0200,SIMULATED_MONITORING_DATA (EDUCATIONAL_USE_ONLY)
66,0,4,150,244,0.0,0,143,1.0,1.53,2.0,0.0,3.0,1,1,Asymptomatic,Female,<= 120 mg/dl,Normal,Yes,Flat,Normal,Senior (>=55),Month 3,3,PT-M03-0201,SIMULATED_MONITORING_DATA (EDUCATIONAL_USE_ONLY)
73,1,4,100,299,0.0,2,116,1.0,1.26,2.0,2.0,3.0,3,1,Asymptomatic,Male,<= 120 mg/dl,Left Ventricular Hypertrophy,Yes,Flat,Normal,Senior (>=55),Month 3,3,PT-M03-0202,SIMULATED_MONITORING_DATA (EDUCATIONAL_USE_ONLY)
61,1,3,150,126,1.0,0,161,0.0,0.24,1.0,1.0,7.0,0,0,Non-Anginal Pain,Male,> 120 mg/dl,Normal,No,Upsloping,Reversible Defect,Senior (>=55),Month 3,3,PT-M03-0203,SIMULATED_MONITORING_DATA (EDUCATIONAL_USE_ONLY)
74,1,3,152,212,0.0,2,141,0.0,0.95,2.0,0.0,7.0,1,1,Non-Anginal Pain,Male,<= 120 mg/dl,Left Ventricular Hypertrophy,No,Flat,Reversible Defect,Senior (>=55),Month 3,3,PT-M03-0204,SIMULATED_MONITORING_DATA (EDUCATIONAL_USE_ONLY)
68,1,1,170,227,0.0,2,144,0.0,0.73,2.0,0.0,7.0,0,0,Typical Angina,Male,<= 120 mg/dl,Left Ventricular Hypertrophy,No,Flat,Reversible Defect,Senior (>=55),Month 3,3,PT-M03-0205,SIMULATED_MONITORING_DATA (EDUCATIONAL_USE_ONLY)
52,1,4,140,298,0.0,0,112,1.0,5.07,2.0,3.0,7.0,3,1,Asymptomatic,Male,<= 120 mg/dl,Normal,Yes,Flat,Reversible Defect,Younger (<55),Month 3,3,PT-M03-0206,SIMULATED_MONITORING_DATA (EDUCATIONAL_USE_ONLY)
63,0,2,136,319,1.0,2,142,0.0,0.0,1.0,2.0,3.0,3,1,Atypical Angina,Female,> 120 mg/dl,Left Ventricular Hypertrophy,No,Upsloping,Normal,Senior (>=55),Month 3,3,PT-M03-0207,SIMULATED_MONITORING_DATA (EDUCATIONAL_USE_ONLY)
51,1,3,108,243,0.0,0,146,0.0,0.41,1.0,0.0,3.0,1,1,Non-Anginal Pain,Male,<= 120 mg/dl,Normal,No,Upsloping,Normal,Younger (<55),Month 3,3,PT-M03-0208,SIMULATED_MONITORING_DATA (EDUCATIONAL_USE_ONLY)
59,0,2,132,288,1.0,2,146,1.0,0.21,1.0,1.0,3.0,0,0,Atypical Angina,Female,> 120 mg/dl,Left Ventricular Hypertrophy,Yes,Upsloping,Normal,Senior (>=55),Month 3,3,PT-M03-0209,SIMULATED_MONITORING_DATA (EDUCATIONAL_USE_ONLY)
66,1,4,140,207,0.0,2,124,1.0,2.31,1.0,1.0,7.0,1,1,Asymptomatic,Male,<= 120 mg/dl,Left Ventricular Hypertrophy,Yes,Upsloping,Reversible Defect,Senior (>=55),Month 3,3,PT-M03-0210,SIMULATED_MONITORING_DATA (EDUCATIONAL_USE_ONLY)
60,1,4,110,201,0.0,0,119,1.0,1.82,2.0,0.0,6.0,0,0,Asymptomatic,Male,<= 120 mg/dl,Normal,Yes,Flat,Fixed Defect,Senior (>=55),Month 3,3,PT-M03-0211,SIMULATED_MONITORING_DATA (EDUCATIONAL_USE_ONLY)
67,1,1,138,282,1.0,2,160,0.0,1.74,2.0,1.0,3.0,1,1,Typical Angina,Male,> 120 mg/dl,Left Ventricular Hypertrophy,No,Flat,Normal,Senior (>=55),Month 3,3,PT-M03-0212,SIMULATED_MONITORING_DATA (EDUCATIONAL_USE_ONLY)
47,0,3,108,141,0.0,0,154,0.0,0.84,2.0,0.0,3.0,0,0,Non-Anginal Pain,Female,<= 120 mg/dl,Normal,No,Flat,Normal,Younger (<55),Month 3,3,PT-M03-0213,SIMULATED_MONITORING_DATA (EDUCATIONAL_USE_ONLY)
67,1,4,120,177,0.0,0,131,0.0,0.62,1.0,0.0,7.0,0,0,Asymptomatic,Male,<= 120 mg/dl,Normal,No,Upsloping,Reversible Defect,Senior (>=55),Month 3,3,PT-M03-0214,SIMULATED_MONITORING_DATA (EDUCATIONAL_USE_ONLY)
64,0,4,145,307,0.0,2,133,1.0,1.31,2.0,0.0,7.0,1,1,Asymptomatic,Female,<= 120 mg/dl,Left Ventricular Hypertrophy,Yes,Flat,Reversible Defect,Senior (>=55),Month 3,3,PT-M03-0215,SIMULATED_MONITORING_DATA (EDUCATIONAL_USE_ONLY)
64,1,4,130,253,0.0,0,132,1.0,1.72,1.0,1.0,7.0,1,1,Asymptomatic,Male,<= 120 mg/dl,Normal,Yes,Upsloping,Reversible Defect,Senior (>=55),Month 3,3,PT-M03-0216,SIMULATED_MONITORING_DATA (EDUCATIONAL_USE_ONLY)
56,0,2,120,244,0.0,0,150,0.0,1.35,1.0,0.0,3.0,0,0,Atypical Angina,Female,<= 120 mg/dl,Normal,No,Upsloping,Normal,Senior (>=55),Month 3,3,PT-M03-0217,SIMULATED_MONITORING_DATA (EDUCATIONAL_USE_ONLY)
62,1,4,146,218,0.0,0,97,0.0,2.38,2.0,1.0,7.0,1,1,Asymptomatic,Male,<= 120 mg/dl,Normal,No,Flat,Reversible Defect,Senior (>=55),Month 3,3,PT-M03-0218,SIMULATED_MONITORING_DATA (EDUCATIONAL_USE_ONLY)
60,0,4,170,225,1.0,2,136,1.0,3.3,2.0,2.0,6.0,2,1,Asymptomatic,Female,> 120 mg/dl,Left Ventricular Hypertrophy,Yes,Flat,Fixed Defect,Senior (>=55),Month 3,3,PT-M03-0219,SIMULATED_MONITORING_DATA (EDUCATIONAL_USE_ONLY)
59,1,2,130,262,0.0,0,141,0.0,0.21,1.0,0.0,3.0,0,0,Atypical Angina,Male,<= 120 mg/dl,Normal,No,Upsloping,Normal,Senior (>=55),Month 3,3,PT-M03-0220,SIMULATED_MONITORING_DATA (EDUCATIONAL_USE_ONLY)
60,1,4,140,217,0.0,0,104,1.0,6.5,3.0,0.0,7.0,3,1,Asymptomatic,Male,<= 120 mg/dl,Normal,Yes,Downsloping,Reversible Defect,Senior (>=55),Month 3,3,PT-M03-0221,SIMULATED_MONITORING_DATA (EDUCATIONAL_USE_ONLY)
65,1,2,128,208,1.0,2,128,0.0,0.0,1.0,0.0,3.0,0,0,Atypical Angina,Male,> 120 mg/dl,Left Ventricular Hypertrophy,No,Upsloping,Normal,Senior (>=55),Month 3,3,PT-M03-0222,SIMULATED_MONITORING_DATA (EDUCATIONAL_USE_ONLY)
79,0,3,140,197,0.0,1,109,0.0,1.43,2.0,0.0,3.0,0,0,Non-Anginal Pain,Female,<= 120 mg/dl,ST-T Abnormality,No,Flat,Normal,Senior (>=55),Month 3,3,PT-M03-0223,SIMULATED_MONITORING_DATA (EDUCATIONAL_USE_ONLY)
61,1,4,110,201,0.0,0,118,1.0,1.84,2.0,0.0,6.0,0,0,Asymptomatic,Male,<= 120 mg/dl,Normal,Yes,Flat,Fixed Defect,Senior (>=55),Month 3,3,PT-M03-0224,SIMULATED_MONITORING_DATA (EDUCATIONAL_USE_ONLY)
59,1,3,128,229,0.0,2,135,0.0,0.56,2.0,1.0,7.0,1,1,Non-Anginal Pain,Male,<= 120 mg/dl,Left Ventricular Hypertrophy,No,Flat,Reversible Defect,Senior (>=55),Month 3,3,PT-M03-0225,SIMULATED_MONITORING_DATA (EDUCATIONAL_USE_ONLY)
61,0,2,130,236,0.0,2,163,0.0,0.06,2.0,1.0,3.0,1,1,Atypical Angina,Female,<= 120 mg/dl,Left Ventricular Hypertrophy,No,Flat,Normal,Senior (>=55),Month 3,3,PT-M03-0226,SIMULATED_MONITORING_DATA (EDUCATIONAL_USE_ONLY)
63,1,4,130,206,0.0,2,120,1.0,2.97,2.0,2.0,7.0,4,1,Asymptomatic,Male,<= 120 mg/dl,Left Ventricular Hypertrophy,Yes,Flat,Reversible Defect,Senior (>=55),Month 3,3,PT-M03-0227,SIMULATED_MONITORING_DATA (EDUCATIONAL_USE_ONLY)
69,1,1,138,282,1.0,2,163,0.0,1.8,2.0,1.0,3.0,1,1,Typical Angina,Male,> 120 mg/dl,Left Ventricular Hypertrophy,No,Flat,Normal,Senior (>=55),Month 3,3,PT-M03-0228,SIMULATED_MONITORING_DATA (EDUCATIONAL_USE_ONLY)
64,0,3,130,263,0.0,0,90,0.0,1.4,2.0,1.0,7.0,2,1,Non-Anginal Pain,Female,<= 120 mg/dl,Normal,No,Flat,Reversible Defect,Senior (>=55),Month 3,3,PT-M03-0229,SIMULATED_MONITORING_DATA (EDUCATIONAL_USE_ONLY)
59,1,4,125,249,1.0,2,138,1.0,1.52,2.0,1.0,3.0,1,1,Asymptomatic,Male,> 120 mg/dl,Left Ventricular Hypertrophy,Yes,Flat,Normal,Senior (>=55),Month 3,3,PT-M03-0230,SIMULATED_MONITORING_DATA (EDUCATIONAL_USE_ONLY)
72,1,3,152,212,0.0,2,137,0.0,0.92,2.0,0.0,7.0,1,1,Non-Anginal Pain,Male,<= 120 mg/dl,Left Ventricular Hypertrophy,No,Flat,Reversible Defect,Senior (>=55),Month 3,3,PT-M03-0231,SIMULATED_MONITORING_DATA (EDUCATIONAL_USE_ONLY)
70,0,3,152,277,0.0,0,157,0.0,0.0,1.0,1.0,3.0,0,0,Non-Anginal Pain,Female,<= 120 mg/dl,Normal,No,Upsloping,Normal,Senior (>=55),Month 3,3,PT-M03-0232,SIMULATED_MONITORING_DATA (EDUCATIONAL_USE_ONLY)
63,1,2,124,261,0.0,0,130,0.0,0.38,1.0,0.0,7.0,1,1,Atypical Angina,Male,<= 120 mg/dl,Normal,No,Upsloping,Reversible Defect,Senior (>=55),Month 3,3,PT-M03-0233,SIMULATED_MONITORING_DATA (EDUCATIONAL_USE_ONLY)
68,0,3,160,360,0.0,2,138,0.0,1.11,1.0,0.0,3.0,0,0,Non-Anginal Pain,Female,<= 120 mg/dl,Left Ventricular Hypertrophy,No,Upsloping,Normal,Senior (>=55),Month 3,3,PT-M03-0234,SIMULATED_MONITORING_DATA (EDUCATIONAL_USE_ONLY)
65,1,4,148,203,0.0,0,151,0.0,0.2,1.0,1.0,7.0,2,1,Asymptomatic,Male,<= 120 mg/dl,Normal,No,Upsloping,Reversible Defect,Senior (>=55),Month 3,3,PT-M03-0235,SIMULATED_MONITORING_DATA (EDUCATIONAL_USE_ONLY)
67,0,4,140,268,0.0,2,142,0.0,4.29,3.0,2.0,3.0,3,1,Asymptomatic,Female,<= 120 mg/dl,Left Ventricular Hypertrophy,No,Downsloping,Normal,Senior (>=55),Month 3,3,PT-M03-0236,SIMULATED_MONITORING_DATA (EDUCATIONAL_USE_ONLY)
35,0,2,118,210,0.0,0,173,0.0,0.98,1.0,0.0,3.0,0,0,Atypical Angina,Female,<= 120 mg/dl,Normal,No,Upsloping,Normal,Younger (<55),Month 3,3,PT-M03-0237,SIMULATED_MONITORING_DATA (EDUCATIONAL_USE_ONLY)
63,0,4,140,394,0.0,2,141,0.0,1.53,2.0,0.0,3.0,0,0,Asymptomatic,Female,<= 120 mg/dl,Left Ventricular Hypertrophy,No,Flat,Normal,Senior (>=55),Month 3,3,PT-M03-0238,SIMULATED_MONITORING_DATA (EDUCATIONAL_USE_ONLY)
72,0,4,112,149,0.0,0,118,0.0,1.88,2.0,0.0,3.0,0,0,Asymptomatic,Female,<= 120 mg/dl,Normal,No,Flat,Normal,Senior (>=55),Month 3,3,PT-M03-0239,SIMULATED_MONITORING_DATA (EDUCATIONAL_USE_ONLY)
61,1,4,125,249,1.0,2,138,1.0,1.52,2.0,1.0,3.0,1,1,Asymptomatic,Male,> 120 mg/dl,Left Ventricular Hypertrophy,Yes,Flat,Normal,Senior (>=55),Month 3,3,PT-M03-0240,SIMULATED_MONITORING_DATA (EDUCATIONAL_USE_ONLY)
37,0,2,118,210,0.0,0,176,0.0,0.99,1.0,0.0,3.0,0,0,Atypical Angina,Female,<= 120 mg/dl,Normal,No,Upsloping,Normal,Younger (<55),Month 3,3,PT-M03-0241,SIMULATED_MONITORING_DATA (EDUCATIONAL_USE_ONLY)
58,0,3,140,308,0.0,2,130,0.0,1.9,1.0,1.0,3.0,0,0,Non-Anginal Pain,Female,<= 120 mg/dl,Left Ventricular Hypertrophy,No,Upsloping,Normal,Senior (>=55),Month 3,3,PT-M03-0242,SIMULATED_MONITORING_DATA (EDUCATIONAL_USE_ONLY)
62,1,4,164,176,1.0,2,83,0.0,1.37,2.0,2.0,6.0,3,1,Asymptomatic,Male,> 120 mg/dl,Left Ventricular Hypertrophy,No,Flat,Fixed Defect,Senior (>=55),Month 3,3,PT-M03-0243,SIMULATED_MONITORING_DATA (EDUCATIONAL_USE_ONLY)
62,1,4,128,259,0.0,2,123,1.0,3.62,2.0,2.0,7.0,3,1,Asymptomatic,Male,<= 120 mg/dl,Left Ventricular Hypertrophy,Yes,Flat,Reversible Defect,Senior (>=55),Month 3,3,PT-M03-0244,SIMULATED_MONITORING_DATA (EDUCATIONAL_USE_ONLY)
67,1,4,138,166,0.0,2,112,1.0,4.28,2.0,1.0,3.0,4,1,Asymptomatic,Male,<= 120 mg/dl,Left Ventricular Hypertrophy,Yes,Flat,Normal,Senior (>=55),Month 3,3,PT-M03-0245,SIMULATED_MONITORING_DATA (EDUCATIONAL_USE_ONLY)
80,1,4,125,304,0.0,2,150,1.0,0.21,1.0,3.0,3.0,4,1,Asymptomatic,Male,<= 120 mg/dl,Left Ventricular Hypertrophy,Yes,Upsloping,Normal,Senior (>=55),Month 3,3,PT-M03-0246,SIMULATED_MONITORING_DATA (EDUCATIONAL_USE_ONLY)
70,1,4,130,330,1.0,2,124,1.0,2.17,1.0,3.0,7.0,3,1,Asymptomatic,Male,> 120 mg/dl,Left Ventricular Hypertrophy,Yes,Upsloping,Reversible Defect,Senior (>=55),Month 3,3,PT-M03-0247,SIMULATED_MONITORING_DATA (EDUCATIONAL_USE_ONLY)
75,1,4,130,322,0.0,2,102,0.0,2.77,2.0,3.0,3.0,1,1,Asymptomatic,Male,<= 120 mg/dl,Left Ventricular Hypertrophy,No,Flat,Normal,Senior (>=55),Month 3,3,PT-M03-0248,SIMULATED_MONITORING_DATA (EDUCATIONAL_USE_ONLY)
71,1,4,112,212,0.0,2,122,1.0,0.2,1.0,1.0,3.0,2,1,Asymptomatic,Male,<= 120 mg/dl,Left Ventricular Hypertrophy,Yes,Upsloping,Normal,Senior (>=55),Month 3,3,PT-M03-0249,SIMULATED_MONITORING_DATA (EDUCATIONAL_USE_ONLY)
60,1,4,130,283,1.0,2,98,1.0,1.87,3.0,0.0,7.0,2,1,Asymptomatic,Male,> 120 mg/dl,Left Ventricular Hypertrophy,Yes,Downsloping,Reversible Defect,Senior (>=55),Month 3,3,PT-M03-0250,SIMULATED_MONITORING_DATA (EDUCATIONAL_USE_ONLY)
46,1,4,129,249,0.0,2,144,0.0,0.8,1.0,0.0,7.0,1,1,Asymptomatic,Male,<= 120 mg/dl,Left Ventricular Hypertrophy,No,Upsloping,Reversible Defect,Younger (<55),Month 4,4,PT-M04-0001,SIMULATED_MONITORING_DATA (EDUCATIONAL_USE_ONLY)
50,0,4,114,254,0.0,2,159,0.0,0.0,1.0,0.0,3.0,0,0,Asymptomatic,Female,<= 120 mg/dl,Left Ventricular Hypertrophy,No,Upsloping,Normal,Younger (<55),Month 4,4,PT-M04-0002,SIMULATED_MONITORING_DATA (EDUCATIONAL_USE_ONLY)
53,0,4,142,264,0.0,2,143,0.0,0.4,2.0,0.0,3.0,0,0,Asymptomatic,Female,<= 120 mg/dl,Left Ventricular Hypertrophy,No,Flat,Normal,Younger (<55),Month 4,4,PT-M04-0003,SIMULATED_MONITORING_DATA (EDUCATIONAL_USE_ONLY)
52,0,3,145,196,0.0,2,169,0.0,0.1,2.0,0.0,3.0,0,0,Non-Anginal Pain,Female,<= 120 mg/dl,Left Ventricular Hypertrophy,No,Flat,Normal,Younger (<55),Month 4,4,PT-M04-0004,SIMULATED_MONITORING_DATA (EDUCATIONAL_USE_ONLY)
60,0,4,159,258,0.0,2,157,0.0,2.6,2.0,2.0,7.0,3,1,Asymptomatic,Female,<= 120 mg/dl,Left Ventricular Hypertrophy,No,Flat,Reversible Defect,Senior (>=55),Month 4,4,PT-M04-0005,SIMULATED_MONITORING_DATA (EDUCATIONAL_USE_ONLY)
55,0,2,140,205,0.0,1,130,1.0,2.0,2.0,1.0,7.0,3,1,Atypical Angina,Female,<= 120 mg/dl,ST-T Abnormality,Yes,Flat,Reversible Defect,Senior (>=55),Month 4,4,PT-M04-0006,SIMULATED_MONITORING_DATA (EDUCATIONAL_USE_ONLY)
44,1,2,129,263,0.0,0,173,0.0,0.0,1.0,0.0,7.0,0,0,Atypical Angina,Male,<= 120 mg/dl,Normal,No,Upsloping,Reversible Defect,Younger (<55),Month 4,4,PT-M04-0007,SIMULATED_MONITORING_DATA (EDUCATIONAL_USE_ONLY)
70,1,4,160,174,0.0,0,125,1.0,2.6,3.0,0.0,7.0,4,1,Asymptomatic,Male,<= 120 mg/dl,Normal,Yes,Downsloping,Reversible Defect,Senior (>=55),Month 4,4,PT-M04-0008,SIMULATED_MONITORING_DATA (EDUCATIONAL_USE_ONLY)
66,0,3,155,278,0.0,2,152,0.0,0.0,2.0,1.0,3.0,0,0,Non-Anginal Pain,Female,<= 120 mg/dl,Left Ventricular Hypertrophy,No,Flat,Normal,Senior (>=55),Month 4,4,PT-M04-0009,SIMULATED_MONITORING_DATA (EDUCATIONAL_USE_ONLY)
64,1,3,134,309,0.0,0,131,1.0,1.8,2.0,0.0,7.0,1,1,Non-Anginal Pain,Male,<= 120 mg/dl,Normal,Yes,Flat,Reversible Defect,Senior (>=55),Month 4,4,PT-M04-0010,SIMULATED_MONITORING_DATA (EDUCATIONAL_USE_ONLY)
54,0,3,122,214,0.0,0,158,0.0,1.6,2.0,0.0,3.0,0,0,Non-Anginal Pain,Female,<= 120 mg/dl,Normal,No,Flat,Normal,Younger (<55),Month 4,4,PT-M04-0011,SIMULATED_MONITORING_DATA (EDUCATIONAL_USE_ONLY)
58,0,3,130,340,0.0,0,172,0.0,0.0,1.0,0.0,3.0,0,0,Non-Anginal Pain,Female,<= 120 mg/dl,Normal,No,Upsloping,Normal,Senior (>=55),Month 4,4,PT-M04-0012,SIMULATED_MONITORING_DATA (EDUCATIONAL_USE_ONLY)
51,1,4,147,261,0.0,2,186,1.0,0.0,1.0,0.0,3.0,0,0,Asymptomatic,Male,<= 120 mg/dl,Left Ventricular Hypertrophy,Yes,Upsloping,Normal,Younger (<55),Month 4,4,PT-M04-0013,SIMULATED_MONITORING_DATA (EDUCATIONAL_USE_ONLY)
67,0,3,165,277,0.0,0,172,0.0,0.0,1.0,1.0,3.0,0,0,Non-Anginal Pain,Female,<= 120 mg/dl,Normal,No,Upsloping,Normal,Senior (>=55),Month 4,4,PT-M04-0014,SIMULATED_MONITORING_DATA (EDUCATIONAL_USE_ONLY)
58,0,2,151,319,1.0,2,152,0.0,0.0,1.0,2.0,3.0,3,1,Atypical Angina,Female,> 120 mg/dl,Left Ventricular Hypertrophy,No,Upsloping,Normal,Senior (>=55),Month 4,4,PT-M04-0015,SIMULATED_MONITORING_DATA (EDUCATIONAL_USE_ONLY)
57,0,4,137,303,0.0,2,159,0.0,0.0,1.0,1.0,3.0,0,0,Asymptomatic,Female,<= 120 mg/dl,Left Ventricular Hypertrophy,No,Upsloping,Normal,Senior (>=55),Month 4,4,PT-M04-0016,SIMULATED_MONITORING_DATA (EDUCATIONAL_USE_ONLY)
60,1,4,128,230,1.0,0,160,1.0,1.4,1.0,2.0,7.0,2,1,Asymptomatic,Male,> 120 mg/dl,Normal,Yes,Upsloping,Reversible Defect,Senior (>=55),Month 4,4,PT-M04-0017,SIMULATED_MONITORING_DATA (EDUCATIONAL_USE_ONLY)
49,0,4,138,269,0.0,0,163,0.0,0.0,1.0,0.0,3.0,0,0,Asymptomatic,Female,<= 120 mg/dl,Normal,No,Upsloping,Normal,Younger (<55),Month 4,4,PT-M04-0018,SIMULATED_MONITORING_DATA (EDUCATIONAL_USE_ONLY)
55,1,4,151,217,0.0,0,111,1.0,5.6,3.0,0.0,7.0,3,1,Asymptomatic,Male,<= 120 mg/dl,Normal,Yes,Downsloping,Reversible Defect,Senior (>=55),Month 4,4,PT-M04-0019,SIMULATED_MONITORING_DATA (EDUCATIONAL_USE_ONLY)
50,0,2,133,244,0.0,0,162,0.0,1.1,1.0,0.0,3.0,0,0,Atypical Angina,Female,<= 120 mg/dl,Normal,No,Upsloping,Normal,Younger (<55),Month 4,4,PT-M04-0020,SIMULATED_MONITORING_DATA (EDUCATIONAL_USE_ONLY)
56,0,2,152,294,0.0,2,153,0.0,1.3,2.0,0.0,3.0,0,0,Atypical Angina,Female,<= 120 mg/dl,Left Ventricular Hypertrophy,No,Flat,Normal,Senior (>=55),Month 4,4,PT-M04-0021,SIMULATED_MONITORING_DATA (EDUCATIONAL_USE_ONLY)
63,0,3,150,252,0.0,2,172,0.0,0.0,1.0,0.0,3.0,0,0,Non-Anginal Pain,Female,<= 120 mg/dl,Left Ventricular Hypertrophy,No,Upsloping,Normal,Senior (>=55),Month 4,4,PT-M04-0022,SIMULATED_MONITORING_DATA (EDUCATIONAL_USE_ONLY)
57,1,3,163,168,0.0,0,174,0.0,1.6,1.0,0.0,3.0,0,0,Non-Anginal Pain,Male,<= 120 mg/dl,Normal,No,Upsloping,Normal,Senior (>=55),Month 4,4,PT-M04-0023,SIMULATED_MONITORING_DATA (EDUCATIONAL_USE_ONLY)
58,1,3,158,211,1.0,2,165,0.0,0.0,1.0,0.0,3.0,0,0,Non-Anginal Pain,Male,> 120 mg/dl,Left Ventricular Hypertrophy,No,Upsloping,Normal,Senior (>=55),Month 4,4,PT-M04-0024,SIMULATED_MONITORING_DATA (EDUCATIONAL_USE_ONLY)
44,1,3,147,235,0.0,2,180,0.0,0.0,1.0,0.0,3.0,0,0,Non-Anginal Pain,Male,<= 120 mg/dl,Left Ventricular Hypertrophy,No,Upsloping,Normal,Younger (<55),Month 4,4,PT-M04-0025,SIMULATED_MONITORING_DATA (EDUCATIONAL_USE_ONLY)
57,1,4,140,131,0.0,0,115,1.0,1.2,2.0,1.0,7.0,3,1,Asymptomatic,Male,<= 120 mg/dl,Normal,Yes,Flat,Reversible Defect,Senior (>=55),Month 4,4,PT-M04-0026,SIMULATED_MONITORING_DATA (EDUCATIONAL_USE_ONLY)
55,1,4,148,217,0.0,0,111,1.0,5.6,3.0,0.0,7.0,3,1,Asymptomatic,Male,<= 120 mg/dl,Normal,Yes,Downsloping,Reversible Defect,Senior (>=55),Month 4,4,PT-M04-0027,SIMULATED_MONITORING_DATA (EDUCATIONAL_USE_ONLY)
59,1,4,116,239,0.0,2,142,1.0,1.2,2.0,1.0,7.0,2,1,Asymptomatic,Male,<= 120 mg/dl,Left Ventricular Hypertrophy,Yes,Flat,Reversible Defect,Senior (>=55),Month 4,4,PT-M04-0028,SIMULATED_MONITORING_DATA (EDUCATIONAL_USE_ONLY)
67,1,4,132,254,1.0,0,163,0.0,0.2,2.0,2.0,7.0,3,1,Asymptomatic,Male,> 120 mg/dl,Normal,No,Flat,Reversible Defect,Senior (>=55),Month 4,4,PT-M04-0029,SIMULATED_MONITORING_DATA (EDUCATIONAL_USE_ONLY)
51,1,4,152,299,0.0,0,173,1.0,1.6,1.0,0.0,7.0,1,1,Asymptomatic,Male,<= 120 mg/dl,Normal,Yes,Upsloping,Reversible Defect,Younger (<55),Month 4,4,PT-M04-0030,SIMULATED_MONITORING_DATA (EDUCATIONAL_USE_ONLY)
48,0,3,141,275,0.0,0,139,0.0,0.2,1.0,0.0,3.0,0,0,Non-Anginal Pain,Female,<= 120 mg/dl,Normal,No,Upsloping,Normal,Younger (<55),Month 4,4,PT-M04-0031,SIMULATED_MONITORING_DATA (EDUCATIONAL_USE_ONLY)
62,0,3,174,164,0.0,2,145,0.0,6.2,3.0,3.0,7.0,3,1,Non-Anginal Pain,Female,<= 120 mg/dl,Left Ventricular Hypertrophy,No,Downsloping,Reversible Defect,Senior (>=55),Month 4,4,PT-M04-0032,SIMULATED_MONITORING_DATA (EDUCATIONAL_USE_ONLY)
60,1,4,132,258,0.0,2,141,1.0,2.8,2.0,1.0,7.0,1,1,Asymptomatic,Male,<= 120 mg/dl,Left Ventricular Hypertrophy,Yes,Flat,Reversible Defect,Senior (>=55),Month 4,4,PT-M04-0033,SIMULATED_MONITORING_DATA (EDUCATIONAL_USE_ONLY)
55,0,2,142,342,0.0,0,166,0.0,1.2,1.0,0.0,3.0,0,0,Atypical Angina,Female,<= 120 mg/dl,Normal,No,Upsloping,Normal,Senior (>=55),Month 4,4,PT-M04-0034,SIMULATED_MONITORING_DATA (EDUCATIONAL_USE_ONLY)
67,1,4,105,299,0.0,2,125,1.0,0.9,2.0,2.0,3.0,3,1,Asymptomatic,Male,<= 120 mg/dl,Left Ventricular Hypertrophy,Yes,Flat,Normal,Senior (>=55),Month 4,4,PT-M04-0035,SIMULATED_MONITORING_DATA (EDUCATIONAL_USE_ONLY)
44,0,3,130,242,0.0,0,149,0.0,0.3,2.0,1.0,3.0,0,0,Non-Anginal Pain,Female,<= 120 mg/dl,Normal,No,Flat,Normal,Younger (<55),Month 4,4,PT-M04-0036,SIMULATED_MONITORING_DATA (EDUCATIONAL_USE_ONLY)
66,0,1,159,226,0.0,0,114,0.0,2.6,3.0,0.0,3.0,0,0,Typical Angina,Female,<= 120 mg/dl,Normal,No,Downsloping,Normal,Senior (>=55),Month 4,4,PT-M04-0037,SIMULATED_MONITORING_DATA (EDUCATIONAL_USE_ONLY)
50,1,4,161,243,0.0,2,128,0.0,2.6,2.0,0.0,7.0,4,1,Asymptomatic,Male,<= 120 mg/dl,Left Ventricular Hypertrophy,No,Flat,Reversible Defect,Younger (<55),Month 4,4,PT-M04-0038,SIMULATED_MONITORING_DATA (EDUCATIONAL_USE_ONLY)
37,0,3,131,215,0.0,0,170,0.0,0.0,1.0,0.0,3.0,0,0,Non-Anginal Pain,Female,<= 120 mg/dl,Normal,No,Upsloping,Normal,Younger (<55),Month 4,4,PT-M04-0039,SIMULATED_MONITORING_DATA (EDUCATIONAL_USE_ONLY)
59,1,4,175,176,1.0,2,90,0.0,1.0,2.0,2.0,6.0,3,1,Asymptomatic,Male,> 120 mg/dl,Left Ventricular Hypertrophy,No,Flat,Fixed Defect,Senior (>=55),Month 4,4,PT-M04-0040,SIMULATED_MONITORING_DATA (EDUCATIONAL_USE_ONLY)
57,0,4,132,354,0.0,0,163,1.0,0.6,1.0,0.0,3.0,0,0,Asymptomatic,Female,<= 120 mg/dl,Normal,Yes,Upsloping,Normal,Senior (>=55),Month 4,4,PT-M04-0041,SIMULATED_MONITORING_DATA (EDUCATIONAL_USE_ONLY)
64,1,1,188,227,0.0,2,155,0.0,0.6,2.0,0.0,7.0,0,0,Typical Angina,Male,<= 120 mg/dl,Left Ventricular Hypertrophy,No,Flat,Reversible Defect,Senior (>=55),Month 4,4,PT-M04-0042,SIMULATED_MONITORING_DATA (EDUCATIONAL_USE_ONLY)
48,0,3,141,275,0.0,0,139,0.0,0.2,1.0,0.0,3.0,0,0,Non-Anginal Pain,Female,<= 120 mg/dl,Normal,No,Upsloping,Normal,Younger (<55),Month 4,4,PT-M04-0043,SIMULATED_MONITORING_DATA (EDUCATIONAL_USE_ONLY)
52,0,3,150,196,0.0,2,169,0.0,0.1,2.0,0.0,3.0,0,0,Non-Anginal Pain,Female,<= 120 mg/dl,Left Ventricular Hypertrophy,No,Flat,Normal,Younger (<55),Month 4,4,PT-M04-0044,SIMULATED_MONITORING_DATA (EDUCATIONAL_USE_ONLY)
58,0,1,156,283,1.0,2,162,0.0,1.0,1.0,0.0,3.0,0,0,Typical Angina,Female,> 120 mg/dl,Left Ventricular Hypertrophy,No,Upsloping,Normal,Senior (>=55),Month 4,4,PT-M04-0045,SIMULATED_MONITORING_DATA (EDUCATIONAL_USE_ONLY)
39,1,3,150,321,0.0,2,182,0.0,0.0,1.0,0.0,3.0,0,0,Non-Anginal Pain,Male,<= 120 mg/dl,Left Ventricular Hypertrophy,No,Upsloping,Normal,Younger (<55),Month 4,4,PT-M04-0046,SIMULATED_MONITORING_DATA (EDUCATIONAL_USE_ONLY)
60,1,4,141,253,0.0,0,144,1.0,1.4,1.0,1.0,7.0,1,1,Asymptomatic,Male,<= 120 mg/dl,Normal,Yes,Upsloping,Reversible Defect,Senior (>=55),Month 4,4,PT-M04-0047,SIMULATED_MONITORING_DATA (EDUCATIONAL_USE_ONLY)
58,1,4,135,216,0.0,2,131,1.0,2.2,2.0,3.0,7.0,1,1,Asymptomatic,Male,<= 120 mg/dl,Left Ventricular Hypertrophy,Yes,Flat,Reversible Defect,Senior (>=55),Month 4,4,PT-M04-0048,SIMULATED_MONITORING_DATA (EDUCATIONAL_USE_ONLY)
64,1,3,152,335,0.0,0,158,0.0,0.0,1.0,0.0,3.0,1,1,Non-Anginal Pain,Male,<= 120 mg/dl,Normal,No,Upsloping,Normal,Senior (>=55),Month 4,4,PT-M04-0049,SIMULATED_MONITORING_DATA (EDUCATIONAL_USE_ONLY)
57,1,4,146,207,0.0,0,168,1.0,0.0,1.0,0.0,7.0,0,0,Asymptomatic,Male,<= 120 mg/dl,Normal,Yes,Upsloping,Reversible Defect,Senior (>=55),Month 4,4,PT-M04-0050,SIMULATED_MONITORING_DATA (EDUCATIONAL_USE_ONLY)
67,1,4,124,229,0.0,2,129,1.0,2.6,2.0,2.0,7.0,1,1,Asymptomatic,Male,<= 120 mg/dl,Left Ventricular Hypertrophy,Yes,Flat,Reversible Defect,Senior (>=55),Month 4,4,PT-M04-0051,SIMULATED_MONITORING_DATA (EDUCATIONAL_USE_ONLY)
49,0,2,141,271,0.0,0,162,0.0,0.0,2.0,0.0,3.0,0,0,Atypical Angina,Female,<= 120 mg/dl,Normal,No,Flat,Normal,Younger (<55),Month 4,4,PT-M04-0052,SIMULATED_MONITORING_DATA (EDUCATIONAL_USE_ONLY)
61,0,2,141,330,0.0,2,169,0.0,0.0,1.0,0.0,3.0,1,1,Atypical Angina,Female,<= 120 mg/dl,Left Ventricular Hypertrophy,No,Upsloping,Normal,Senior (>=55),Month 4,4,PT-M04-0053,SIMULATED_MONITORING_DATA (EDUCATIONAL_USE_ONLY)
59,1,4,147,234,0.0,0,161,0.0,0.5,2.0,0.0,7.0,0,0,Asymptomatic,Male,<= 120 mg/dl,Normal,No,Flat,Reversible Defect,Senior (>=55),Month 4,4,PT-M04-0054,SIMULATED_MONITORING_DATA (EDUCATIONAL_USE_ONLY)
43,0,3,134,213,0.0,0,165,0.0,0.2,2.0,0.0,3.0,0,0,Non-Anginal Pain,Female,<= 120 mg/dl,Normal,No,Flat,Normal,Younger (<55),Month 4,4,PT-M04-0055,SIMULATED_MONITORING_DATA (EDUCATIONAL_USE_ONLY)
65,0,3,168,269,0.0,0,148,0.0,0.8,1.0,0.0,3.0,0,0,Non-Anginal Pain,Female,<= 120 mg/dl,Normal,No,Upsloping,Normal,Senior (>=55),Month 4,4,PT-M04-0056,SIMULATED_MONITORING_DATA (EDUCATIONAL_USE_ONLY)
51,0,3,131,295,0.0,2,157,0.0,0.6,1.0,0.0,3.0,0,0,Non-Anginal Pain,Female,<= 120 mg/dl,Left Ventricular Hypertrophy,No,Upsloping,Normal,Younger (<55),Month 4,4,PT-M04-0057,SIMULATED_MONITORING_DATA (EDUCATIONAL_USE_ONLY)
67,1,4,132,229,0.0,2,129,1.0,2.6,2.0,2.0,7.0,1,1,Asymptomatic,Male,<= 120 mg/dl,Left Ventricular Hypertrophy,Yes,Flat,Reversible Defect,Senior (>=55),Month 4,4,PT-M04-0058,SIMULATED_MONITORING_DATA (EDUCATIONAL_USE_ONLY)
50,1,4,161,243,0.0,2,128,0.0,2.6,2.0,0.0,7.0,4,1,Asymptomatic,Male,<= 120 mg/dl,Left Ventricular Hypertrophy,No,Flat,Reversible Defect,Younger (<55),Month 4,4,PT-M04-0059,SIMULATED_MONITORING_DATA (EDUCATIONAL_USE_ONLY)
46,0,4,147,243,0.0,2,152,1.0,0.0,2.0,0.0,3.0,0,0,Asymptomatic,Female,<= 120 mg/dl,Left Ventricular Hypertrophy,Yes,Flat,Normal,Younger (<55),Month 4,4,PT-M04-0060,SIMULATED_MONITORING_DATA (EDUCATIONAL_USE_ONLY)
50,1,4,161,243,0.0,2,128,0.0,2.6,2.0,0.0,7.0,4,1,Asymptomatic,Male,<= 120 mg/dl,Left Ventricular Hypertrophy,No,Flat,Reversible Defect,Younger (<55),Month 4,4,PT-M04-0061,SIMULATED_MONITORING_DATA (EDUCATIONAL_USE_ONLY)
58,0,2,147,319,1.0,2,152,0.0,0.0,1.0,2.0,3.0,3,1,Atypical Angina,Female,> 120 mg/dl,Left Ventricular Hypertrophy,No,Upsloping,Normal,Senior (>=55),Month 4,4,PT-M04-0062,SIMULATED_MONITORING_DATA (EDUCATIONAL_USE_ONLY)
58,0,4,106,248,0.0,2,122,0.0,1.0,2.0,0.0,3.0,0,0,Asymptomatic,Female,<= 120 mg/dl,Left Ventricular Hypertrophy,No,Flat,Normal,Senior (>=55),Month 4,4,PT-M04-0063,SIMULATED_MONITORING_DATA (EDUCATIONAL_USE_ONLY)
29,1,2,139,204,0.0,2,202,0.0,0.0,1.0,0.0,3.0,0,0,Atypical Angina,Male,<= 120 mg/dl,Left Ventricular Hypertrophy,No,Upsloping,Normal,Younger (<55),Month 4,4,PT-M04-0064,SIMULATED_MONITORING_DATA (EDUCATIONAL_USE_ONLY)
62,0,2,152,268,0.0,2,160,0.0,3.6,3.0,2.0,3.0,3,1,Atypical Angina,Female,<= 120 mg/dl,Left Ventricular Hypertrophy,No,Downsloping,Normal,Senior (>=55),Month 4,4,PT-M04-0065,SIMULATED_MONITORING_DATA (EDUCATIONAL_USE_ONLY)
51,1,4,152,299,0.0,0,173,1.0,1.6,1.0,0.0,7.0,1,1,Asymptomatic,Male,<= 120 mg/dl,Normal,Yes,Upsloping,Reversible Defect,Younger (<55),Month 4,4,PT-M04-0066,SIMULATED_MONITORING_DATA (EDUCATIONAL_USE_ONLY)
58,0,3,183,225,1.0,2,146,1.0,2.8,2.0,2.0,6.0,2,1,Non-Anginal Pain,Female,> 120 mg/dl,Left Ventricular Hypertrophy,Yes,Flat,Fixed Defect,Senior (>=55),Month 4,4,PT-M04-0067,SIMULATED_MONITORING_DATA (EDUCATIONAL_USE_ONLY)
39,1,4,122,219,0.0,0,140,0.0,1.2,2.0,0.0,7.0,3,1,Asymptomatic,Male,<= 120 mg/dl,Normal,No,Flat,Reversible Defect,Younger (<55),Month 4,4,PT-M04-0068,SIMULATED_MONITORING_DATA (EDUCATIONAL_USE_ONLY)
56,0,4,210,288,1.0,2,133,1.0,4.0,3.0,2.0,7.0,3,1,Asymptomatic,Female,> 120 mg/dl,Left Ventricular Hypertrophy,Yes,Downsloping,Reversible Defect,Senior (>=55),Month 4,4,PT-M04-0069,SIMULATED_MONITORING_DATA (EDUCATIONAL_USE_ONLY)
58,1,4,155,218,0.0,0,105,0.0,2.0,2.0,1.0,7.0,1,1,Asymptomatic,Male,<= 120 mg/dl,Normal,No,Flat,Reversible Defect,Senior (>=55),Month 4,4,PT-M04-0070,SIMULATED_MONITORING_DATA (EDUCATIONAL_USE_ONLY)
41,0,3,124,268,0.0,2,172,1.0,0.0,1.0,0.0,3.0,0,0,Non-Anginal Pain,Female,<= 120 mg/dl,Left Ventricular Hypertrophy,Yes,Upsloping,Normal,Younger (<55),Month 4,4,PT-M04-0071,SIMULATED_MONITORING_DATA (EDUCATIONAL_USE_ONLY)
55,1,4,172,289,0.0,2,145,1.0,0.8,2.0,1.0,7.0,4,1,Asymptomatic,Male,<= 120 mg/dl,Left Ventricular Hypertrophy,Yes,Flat,Reversible Defect,Senior (>=55),Month 4,4,PT-M04-0072,SIMULATED_MONITORING_DATA (EDUCATIONAL_USE_ONLY)
65,0,3,170,360,0.0,2,151,0.0,0.8,1.0,0.0,3.0,0,0,Non-Anginal Pain,Female,<= 120 mg/dl,Left Ventricular Hypertrophy,No,Upsloping,Normal,Senior (>=55),Month 4,4,PT-M04-0073,SIMULATED_MONITORING_DATA (EDUCATIONAL_USE_ONLY)
37,0,3,129,215,0.0,0,170,0.0,0.0,1.0,0.0,3.0,0,0,Non-Anginal Pain,Female,<= 120 mg/dl,Normal,No,Upsloping,Normal,Younger (<55),Month 4,4,PT-M04-0074,SIMULATED_MONITORING_DATA (EDUCATIONAL_USE_ONLY)
60,0,3,174,305,0.0,2,161,0.0,0.0,1.0,0.0,3.0,1,1,Non-Anginal Pain,Female,<= 120 mg/dl,Left Ventricular Hypertrophy,No,Upsloping,Normal,Senior (>=55),Month 4,4,PT-M04-0075,SIMULATED_MONITORING_DATA (EDUCATIONAL_USE_ONLY)
59,1,2,153,221,0.0,0,164,1.0,0.0,1.0,0.0,3.0,0,0,Atypical Angina,Male,<= 120 mg/dl,Normal,Yes,Upsloping,Normal,Senior (>=55),Month 4,4,PT-M04-0076,SIMULATED_MONITORING_DATA (EDUCATIONAL_USE_ONLY)
59,1,1,193,270,0.0,2,145,0.0,4.2,3.0,0.0,7.0,0,0,Typical Angina,Male,<= 120 mg/dl,Left Ventricular Hypertrophy,No,Downsloping,Reversible Defect,Senior (>=55),Month 4,4,PT-M04-0077,SIMULATED_MONITORING_DATA (EDUCATIONAL_USE_ONLY)
60,0,3,158,258,0.0,2,157,0.0,2.6,2.0,2.0,7.0,3,1,Non-Anginal Pain,Female,<= 120 mg/dl,Left Ventricular Hypertrophy,No,Flat,Reversible Defect,Senior (>=55),Month 4,4,PT-M04-0078,SIMULATED_MONITORING_DATA (EDUCATIONAL_USE_ONLY)
64,0,3,156,313,0.0,0,133,0.0,0.2,1.0,0.0,7.0,0,0,Non-Anginal Pain,Female,<= 120 mg/dl,Normal,No,Upsloping,Reversible Defect,Senior (>=55),Month 4,4,PT-M04-0079,SIMULATED_MONITORING_DATA (EDUCATIONAL_USE_ONLY)
66,0,1,160,226,0.0,0,114,0.0,2.6,3.0,0.0,3.0,0,0,Typical Angina,Female,<= 120 mg/dl,Normal,No,Downsloping,Normal,Senior (>=55),Month 4,4,PT-M04-0080,SIMULATED_MONITORING_DATA (EDUCATIONAL_USE_ONLY)
62,0,3,143,263,0.0,0,97,0.0,1.2,2.0,1.0,7.0,2,1,Non-Anginal Pain,Female,<= 120 mg/dl,Normal,No,Flat,Reversible Defect,Senior (>=55),Month 4,4,PT-M04-0081,SIMULATED_MONITORING_DATA (EDUCATIONAL_USE_ONLY)
56,0,2,144,409,0.0,2,150,1.0,1.9,2.0,2.0,7.0,2,1,Atypical Angina,Female,<= 120 mg/dl,Left Ventricular Hypertrophy,Yes,Flat,Reversible Defect,Senior (>=55),Month 4,4,PT-M04-0082,SIMULATED_MONITORING_DATA (EDUCATIONAL_USE_ONLY)
60,0,3,132,178,1.0,0,96,0.0,0.0,1.0,0.0,3.0,0,0,Non-Anginal Pain,Female,> 120 mg/dl,Normal,No,Upsloping,Normal,Senior (>=55),Month 4,4,PT-M04-0083,SIMULATED_MONITORING_DATA (EDUCATIONAL_USE_ONLY)
60,0,3,114,318,0.0,0,160,0.0,0.0,1.0,1.0,3.0,0,0,Non-Anginal Pain,Female,<= 120 mg/dl,Normal,No,Upsloping,Normal,Senior (>=55),Month 4,4,PT-M04-0084,SIMULATED_MONITORING_DATA (EDUCATIONAL_USE_ONLY)
45,0,4,151,236,0.0,2,152,1.0,0.2,2.0,0.0,3.0,0,0,Asymptomatic,Female,<= 120 mg/dl,Left Ventricular Hypertrophy,Yes,Flat,Normal,Younger (<55),Month 4,4,PT-M04-0085,SIMULATED_MONITORING_DATA (EDUCATIONAL_USE_ONLY)
52,1,4,119,233,1.0,0,147,0.0,0.1,1.0,3.0,7.0,0,0,Asymptomatic,Male,> 120 mg/dl,Normal,No,Upsloping,Reversible Defect,Younger (<55),Month 4,4,PT-M04-0086,SIMULATED_MONITORING_DATA (EDUCATIONAL_USE_ONLY)
71,0,3,119,265,1.0,2,130,0.0,0.0,1.0,1.0,3.0,0,0,Non-Anginal Pain,Female,> 120 mg/dl,Left Ventricular Hypertrophy,No,Upsloping,Normal,Senior (>=55),Month 4,4,PT-M04-0087,SIMULATED_MONITORING_DATA (EDUCATIONAL_USE_ONLY)
59,1,3,161,212,1.0,0,157,0.0,1.6,1.0,0.0,3.0,0,0,Non-Anginal Pain,Male,> 120 mg/dl,Normal,No,Upsloping,Normal,Senior (>=55),Month 4,4,PT-M04-0088,SIMULATED_MONITORING_DATA (EDUCATIONAL_USE_ONLY)
71,0,4,121,149,0.0,0,125,0.0,1.6,2.0,0.0,3.0,0,0,Asymptomatic,Female,<= 120 mg/dl,Normal,No,Flat,Normal,Senior (>=55),Month 4,4,PT-M04-0089,SIMULATED_MONITORING_DATA (EDUCATIONAL_USE_ONLY)
65,0,3,172,360,0.0,2,151,0.0,0.8,1.0,0.0,3.0,0,0,Non-Anginal Pain,Female,<= 120 mg/dl,Left Ventricular Hypertrophy,No,Upsloping,Normal,Senior (>=55),Month 4,4,PT-M04-0090,SIMULATED_MONITORING_DATA (EDUCATIONAL_USE_ONLY)
46,1,3,169,231,0.0,0,147,0.0,3.6,2.0,0.0,3.0,1,1,Non-Anginal Pain,Male,<= 120 mg/dl,Normal,No,Flat,Normal,Younger (<55),Month 4,4,PT-M04-0091,SIMULATED_MONITORING_DATA (EDUCATIONAL_USE_ONLY)
41,1,4,116,172,0.0,2,158,0.0,0.0,1.0,0.0,7.0,1,1,Asymptomatic,Male,<= 120 mg/dl,Left Ventricular Hypertrophy,No,Upsloping,Reversible Defect,Younger (<55),Month 4,4,PT-M04-0092,SIMULATED_MONITORING_DATA (EDUCATIONAL_USE_ONLY)
43,1,4,122,211,0.0,0,161,0.0,0.0,1.0,0.0,7.0,0,0,Asymptomatic,Male,<= 120 mg/dl,Normal,No,Upsloping,Reversible Defect,Younger (<55),Month 4,4,PT-M04-0093,SIMULATED_MONITORING_DATA (EDUCATIONAL_USE_ONLY)
54,1,4,153,239,0.0,0,160,0.0,1.2,1.0,0.0,3.0,0,0,Asymptomatic,Male,<= 120 mg/dl,Normal,No,Upsloping,Normal,Younger (<55),Month 4,4,PT-M04-0094,SIMULATED_MONITORING_DATA (EDUCATIONAL_USE_ONLY)
66,0,1,163,226,0.0,0,114,0.0,2.6,3.0,0.0,3.0,0,0,Typical Angina,Female,<= 120 mg/dl,Normal,No,Downsloping,Normal,Senior (>=55),Month 4,4,PT-M04-0095,SIMULATED_MONITORING_DATA (EDUCATIONAL_USE_ONLY)
64,0,4,145,303,0.0,0,122,0.0,2.0,2.0,2.0,3.0,0,0,Asymptomatic,Female,<= 120 mg/dl,Normal,No,Flat,Normal,Senior (>=55),Month 4,4,PT-M04-0096,SIMULATED_MONITORING_DATA (EDUCATIONAL_USE_ONLY)
39,0,3,102,199,0.0,0,179,0.0,0.0,1.0,0.0,3.0,0,0,Non-Anginal Pain,Female,<= 120 mg/dl,Normal,No,Upsloping,Normal,Younger (<55),Month 4,4,PT-M04-0097,SIMULATED_MONITORING_DATA (EDUCATIONAL_USE_ONLY)
58,0,4,106,248,0.0,2,122,0.0,1.0,2.0,0.0,3.0,0,0,Asymptomatic,Female,<= 120 mg/dl,Left Ventricular Hypertrophy,No,Flat,Normal,Senior (>=55),Month 4,4,PT-M04-0098,SIMULATED_MONITORING_DATA (EDUCATIONAL_USE_ONLY)
58,1,4,139,259,0.0,2,130,1.0,3.0,2.0,2.0,7.0,3,1,Asymptomatic,Male,<= 120 mg/dl,Left Ventricular Hypertrophy,Yes,Flat,Reversible Defect,Senior (>=55),Month 4,4,PT-M04-0099,SIMULATED_MONITORING_DATA (EDUCATIONAL_USE_ONLY)
60,0,2,161,258,0.0,2,157,0.0,2.6,2.0,2.0,7.0,3,1,Atypical Angina,Female,<= 120 mg/dl,Left Ventricular Hypertrophy,No,Flat,Reversible Defect,Senior (>=55),Month 4,4,PT-M04-0100,SIMULATED_MONITORING_DATA (EDUCATIONAL_USE_ONLY)
50,0,3,131,219,0.0,0,158,0.0,1.6,2.0,0.0,3.0,0,0,Non-Anginal Pain,Female,<= 120 mg/dl,Normal,No,Flat,Normal,Younger (<55),Month 4,4,PT-M04-0101,SIMULATED_MONITORING_DATA (EDUCATIONAL_USE_ONLY)
41,0,3,123,268,0.0,2,172,1.0,0.0,1.0,0.0,3.0,0,0,Non-Anginal Pain,Female,<= 120 mg/dl,Left Ventricular Hypertrophy,Yes,Upsloping,Normal,Younger (<55),Month 4,4,PT-M04-0102,SIMULATED_MONITORING_DATA (EDUCATIONAL_USE_ONLY)
39,0,3,99,199,0.0,0,179,0.0,0.0,1.0,0.0,3.0,0,0,Non-Anginal Pain,Female,<= 120 mg/dl,Normal,No,Upsloping,Normal,Younger (<55),Month 4,4,PT-M04-0103,SIMULATED_MONITORING_DATA (EDUCATIONAL_USE_ONLY)
57,0,4,133,354,0.0,0,163,1.0,0.6,1.0,0.0,3.0,0,0,Asymptomatic,Female,<= 120 mg/dl,Normal,Yes,Upsloping,Normal,Senior (>=55),Month 4,4,PT-M04-0104,SIMULATED_MONITORING_DATA (EDUCATIONAL_USE_ONLY)
65,0,2,161,225,0.0,2,114,0.0,1.0,2.0,3.0,7.0,4,1,Atypical Angina,Female,<= 120 mg/dl,Left Ventricular Hypertrophy,No,Flat,Reversible Defect,Senior (>=55),Month 4,4,PT-M04-0105,SIMULATED_MONITORING_DATA (EDUCATIONAL_USE_ONLY)
59,1,2,153,221,0.0,0,164,1.0,0.0,1.0,0.0,3.0,0,0,Atypical Angina,Male,<= 120 mg/dl,Normal,Yes,Upsloping,Normal,Senior (>=55),Month 4,4,PT-M04-0106,SIMULATED_MONITORING_DATA (EDUCATIONAL_USE_ONLY)
45,1,4,126,260,0.0,2,185,0.0,0.0,1.0,0.0,3.0,0,0,Asymptomatic,Male,<= 120 mg/dl,Left Ventricular Hypertrophy,No,Upsloping,Normal,Younger (<55),Month 4,4,PT-M04-0107,SIMULATED_MONITORING_DATA (EDUCATIONAL_USE_ONLY)
55,1,4,174,289,0.0,2,145,1.0,0.8,2.0,1.0,7.0,4,1,Asymptomatic,Male,<= 120 mg/dl,Left Ventricular Hypertrophy,Yes,Flat,Reversible Defect,Senior (>=55),Month 4,4,PT-M04-0108,SIMULATED_MONITORING_DATA (EDUCATIONAL_USE_ONLY)
37,1,3,140,250,0.0,0,187,0.0,3.5,3.0,0.0,3.0,0,0,Non-Anginal Pain,Male,<= 120 mg/dl,Normal,No,Downsloping,Normal,Younger (<55),Month 4,4,PT-M04-0109,SIMULATED_MONITORING_DATA (EDUCATIONAL_USE_ONLY)
62,0,4,132,209,0.0,0,163,0.0,0.0,1.0,0.0,3.0,0,0,Asymptomatic,Female,<= 120 mg/dl,Normal,No,Upsloping,Normal,Senior (>=55),Month 4,4,PT-M04-0110,SIMULATED_MONITORING_DATA (EDUCATIONAL_USE_ONLY)
43,0,3,131,213,0.0,0,165,0.0,0.2,2.0,0.0,3.0,0,0,Non-Anginal Pain,Female,<= 120 mg/dl,Normal,No,Flat,Normal,Younger (<55),Month 4,4,PT-M04-0111,SIMULATED_MONITORING_DATA (EDUCATIONAL_USE_ONLY)
49,0,2,149,271,0.0,0,162,0.0,0.0,2.0,0.0,3.0,0,0,Atypical Angina,Female,<= 120 mg/dl,Normal,No,Flat,Normal,Younger (<55),Month 4,4,PT-M04-0112,SIMULATED_MONITORING_DATA (EDUCATIONAL_USE_ONLY)
51,0,3,149,308,0.0,2,142,0.0,1.5,1.0,1.0,3.0,0,0,Non-Anginal Pain,Female,<= 120 mg/dl,Left Ventricular Hypertrophy,No,Upsloping,Normal,Younger (<55),Month 4,4,PT-M04-0113,SIMULATED_MONITORING_DATA (EDUCATIONAL_USE_ONLY)
60,1,3,149,185,0.0,2,155,0.0,3.0,2.0,0.0,3.0,1,1,Non-Anginal Pain,Male,<= 120 mg/dl,Left Ventricular Hypertrophy,No,Flat,Normal,Senior (>=55),Month 4,4,PT-M04-0114,SIMULATED_MONITORING_DATA (EDUCATIONAL_USE_ONLY)
58,0,3,127,340,0.0,0,172,0.0,0.0,1.0,0.0,3.0,0,0,Non-Anginal Pain,Female,<= 120 mg/dl,Normal,No,Upsloping,Normal,Senior (>=55),Month 4,4,PT-M04-0115,SIMULATED_MONITORING_DATA (EDUCATIONAL_USE_ONLY)
41,0,2,141,204,0.0,2,172,0.0,1.4,1.0,0.0,3.0,0,0,Atypical Angina,Female,<= 120 mg/dl,Left Ventricular Hypertrophy,No,Upsloping,Normal,Younger (<55),Month 4,4,PT-M04-0116,SIMULATED_MONITORING_DATA (EDUCATIONAL_USE_ONLY)
62,0,3,157,244,0.0,0,154,1.0,1.4,2.0,0.0,3.0,1,1,Non-Anginal Pain,Female,<= 120 mg/dl,Normal,Yes,Flat,Normal,Senior (>=55),Month 4,4,PT-M04-0117,SIMULATED_MONITORING_DATA (EDUCATIONAL_USE_ONLY)
49,1,3,126,188,0.0,0,139,0.0,2.0,2.0,3.0,7.0,3,1,Non-Anginal Pain,Male,<= 120 mg/dl,Normal,No,Flat,Reversible Defect,Younger (<55),Month 4,4,PT-M04-0118,SIMULATED_MONITORING_DATA (EDUCATIONAL_USE_ONLY)
61,1,4,159,203,0.0,0,161,0.0,0.0,1.0,1.0,7.0,2,1,Asymptomatic,Male,<= 120 mg/dl,Normal,No,Upsloping,Reversible Defect,Senior (>=55),Month 4,4,PT-M04-0119,SIMULATED_MONITORING_DATA (EDUCATIONAL_USE_ONLY)
54,1,2,203,283,0.0,2,195,0.0,0.0,1.0,1.0,7.0,1,1,Atypical Angina,Male,<= 120 mg/dl,Left Ventricular Hypertrophy,No,Upsloping,Reversible Defect,Younger (<55),Month 4,4,PT-M04-0120,SIMULATED_MONITORING_DATA (EDUCATIONAL_USE_ONLY)
61,0,4,153,307,0.0,2,146,1.0,1.0,2.0,0.0,7.0,1,1,Asymptomatic,Female,<= 120 mg/dl,Left Ventricular Hypertrophy,Yes,Flat,Reversible Defect,Senior (>=55),Month 4,4,PT-M04-0121,SIMULATED_MONITORING_DATA (EDUCATIONAL_USE_ONLY)
46,1,4,126,249,0.0,2,144,0.0,0.8,1.0,0.0,7.0,1,1,Asymptomatic,Male,<= 120 mg/dl,Left Ventricular Hypertrophy,No,Upsloping,Reversible Defect,Younger (<55),Month 4,4,PT-M04-0122,SIMULATED_MONITORING_DATA (EDUCATIONAL_USE_ONLY)
67,0,4,112,223,0.0,0,142,0.0,0.3,1.0,2.0,3.0,0,0,Asymptomatic,Female,<= 120 mg/dl,Normal,No,Upsloping,Normal,Senior (>=55),Month 4,4,PT-M04-0123,SIMULATED_MONITORING_DATA (EDUCATIONAL_USE_ONLY)
65,0,3,164,225,0.0,2,114,0.0,1.0,2.0,3.0,7.0,4,1,Non-Anginal Pain,Female,<= 120 mg/dl,Left Ventricular Hypertrophy,No,Flat,Reversible Defect,Senior (>=55),Month 4,4,PT-M04-0124,SIMULATED_MONITORING_DATA (EDUCATIONAL_USE_ONLY)
67,0,4,117,223,0.0,0,142,0.0,0.3,1.0,2.0,3.0,0,0,Asymptomatic,Female,<= 120 mg/dl,Normal,No,Upsloping,Normal,Senior (>=55),Month 4,4,PT-M04-0125,SIMULATED_MONITORING_DATA (EDUCATIONAL_USE_ONLY)
50,1,3,157,233,0.0,0,163,0.0,0.6,2.0,1.0,7.0,1,1,Non-Anginal Pain,Male,<= 120 mg/dl,Normal,No,Flat,Reversible Defect,Younger (<55),Month 4,4,PT-M04-0126,SIMULATED_MONITORING_DATA (EDUCATIONAL_USE_ONLY)
59,1,4,183,176,1.0,2,90,0.0,1.0,2.0,2.0,6.0,3,1,Asymptomatic,Male,> 120 mg/dl,Left Ventricular Hypertrophy,No,Flat,Fixed Defect,Senior (>=55),Month 4,4,PT-M04-0127,SIMULATED_MONITORING_DATA (EDUCATIONAL_USE_ONLY)
58,1,3,123,230,0.0,2,165,0.0,2.5,2.0,1.0,7.0,4,1,Non-Anginal Pain,Male,<= 120 mg/dl,Left Ventricular Hypertrophy,No,Flat,Reversible Defect,Senior (>=55),Month 4,4,PT-M04-0128,SIMULATED_MONITORING_DATA (EDUCATIONAL_USE_ONLY)
42,1,4,154,226,0.0,0,178,0.0,0.0,1.0,0.0,3.0,0,0,Asymptomatic,Male,<= 120 mg/dl,Normal,No,Upsloping,Normal,Younger (<55),Month 4,4,PT-M04-0129,SIMULATED_MONITORING_DATA (EDUCATIONAL_USE_ONLY)
42,1,1,160,244,0.0,2,178,0.0,0.8,1.0,2.0,3.0,0,0,Typical Angina,Male,<= 120 mg/dl,Left Ventricular Hypertrophy,No,Upsloping,Normal,Younger (<55),Month 4,4,PT-M04-0130,SIMULATED_MONITORING_DATA (EDUCATIONAL_USE_ONLY)
38,1,3,151,175,0.0,0,173,0.0,0.0,1.0,0.0,3.0,0,0,Non-Anginal Pain,Male,<= 120 mg/dl,Normal,No,Upsloping,Normal,Younger (<55),Month 4,4,PT-M04-0131,SIMULATED_MONITORING_DATA (EDUCATIONAL_USE_ONLY)
63,1,1,162,233,1.0,2,150,0.0,2.3,3.0,0.0,6.0,0,0,Typical Angina,Male,> 120 mg/dl,Left Ventricular Hypertrophy,No,Downsloping,Fixed Defect,Senior (>=55),Month 4,4,PT-M04-0132,SIMULATED_MONITORING_DATA (EDUCATIONAL_USE_ONLY)
50,0,3,131,219,0.0,0,158,0.0,1.6,2.0,0.0,3.0,0,0,Non-Anginal Pain,Female,<= 120 mg/dl,Normal,No,Flat,Normal,Younger (<55),Month 4,4,PT-M04-0133,SIMULATED_MONITORING_DATA (EDUCATIONAL_USE_ONLY)
67,1,4,176,286,0.0,2,108,1.0,1.5,2.0,3.0,3.0,2,1,Asymptomatic,Male,<= 120 mg/dl,Left Ventricular Hypertrophy,Yes,Flat,Normal,Senior (>=55),Month 4,4,PT-M04-0134,SIMULATED_MONITORING_DATA (EDUCATIONAL_USE_ONLY)
58,1,3,140,224,0.0,2,173,0.0,3.2,1.0,2.0,7.0,3,1,Non-Anginal Pain,Male,<= 120 mg/dl,Left Ventricular Hypertrophy,No,Upsloping,Reversible Defect,Senior (>=55),Month 4,4,PT-M04-0135,SIMULATED_MONITORING_DATA (EDUCATIONAL_USE_ONLY)
59,1,4,149,177,0.0,0,162,1.0,0.0,1.0,1.0,7.0,2,1,Asymptomatic,Male,<= 120 mg/dl,Normal,Yes,Upsloping,Reversible Defect,Senior (>=55),Month 4,4,PT-M04-0136,SIMULATED_MONITORING_DATA (EDUCATIONAL_USE_ONLY)
48,1,4,133,222,0.0,2,186,0.0,0.0,1.0,0.0,3.0,0,0,Asymptomatic,Male,<= 120 mg/dl,Left Ventricular Hypertrophy,No,Upsloping,Normal,Younger (<55),Month 4,4,PT-M04-0137,SIMULATED_MONITORING_DATA (EDUCATIONAL_USE_ONLY)
54,0,2,143,288,1.0,2,159,1.0,0.0,1.0,1.0,3.0,0,0,Atypical Angina,Female,> 120 mg/dl,Left Ventricular Hypertrophy,Yes,Upsloping,Normal,Younger (<55),Month 4,4,PT-M04-0138,SIMULATED_MONITORING_DATA (EDUCATIONAL_USE_ONLY)
63,0,3,144,252,0.0,2,172,0.0,0.0,1.0,0.0,3.0,0,0,Non-Anginal Pain,Female,<= 120 mg/dl,Left Ventricular Hypertrophy,No,Upsloping,Normal,Senior (>=55),Month 4,4,PT-M04-0139,SIMULATED_MONITORING_DATA (EDUCATIONAL_USE_ONLY)
41,0,3,128,268,0.0,2,172,1.0,0.0,1.0,0.0,3.0,0,0,Non-Anginal Pain,Female,<= 120 mg/dl,Left Ventricular Hypertrophy,Yes,Upsloping,Normal,Younger (<55),Month 4,4,PT-M04-0140,SIMULATED_MONITORING_DATA (EDUCATIONAL_USE_ONLY)
51,0,3,152,308,0.0,2,142,0.0,1.5,1.0,1.0,3.0,0,0,Non-Anginal Pain,Female,<= 120 mg/dl,Left Ventricular Hypertrophy,No,Upsloping,Normal,Younger (<55),Month 4,4,PT-M04-0141,SIMULATED_MONITORING_DATA (EDUCATIONAL_USE_ONLY)
65,0,3,150,417,1.0,2,157,0.0,0.8,1.0,1.0,3.0,0,0,Non-Anginal Pain,Female,> 120 mg/dl,Left Ventricular Hypertrophy,No,Upsloping,Normal,Senior (>=55),Month 4,4,PT-M04-0142,SIMULATED_MONITORING_DATA (EDUCATIONAL_USE_ONLY)
38,1,3,149,175,0.0,0,173,0.0,0.0,1.0,0.0,3.0,0,0,Non-Anginal Pain,Male,<= 120 mg/dl,Normal,No,Upsloping,Normal,Younger (<55),Month 4,4,PT-M04-0143,SIMULATED_MONITORING_DATA (EDUCATIONAL_USE_ONLY)
60,0,1,162,240,0.0,0,171,0.0,0.9,1.0,0.0,3.0,0,0,Typical Angina,Female,<= 120 mg/dl,Normal,No,Upsloping,Normal,Senior (>=55),Month 4,4,PT-M04-0144,SIMULATED_MONITORING_DATA (EDUCATIONAL_USE_ONLY)
50,0,3,130,219,0.0,0,158,0.0,1.6,2.0,0.0,3.0,0,0,Non-Anginal Pain,Female,<= 120 mg/dl,Normal,No,Flat,Normal,Younger (<55),Month 4,4,PT-M04-0145,SIMULATED_MONITORING_DATA (EDUCATIONAL_USE_ONLY)
66,1,4,125,302,0.0,2,151,0.0,0.4,2.0,0.0,3.0,0,0,Asymptomatic,Male,<= 120 mg/dl,Left Ventricular Hypertrophy,No,Flat,Normal,Senior (>=55),Month 4,4,PT-M04-0146,SIMULATED_MONITORING_DATA (EDUCATIONAL_USE_ONLY)
57,1,4,166,276,0.0,2,112,1.0,0.6,2.0,1.0,6.0,1,1,Asymptomatic,Male,<= 120 mg/dl,Left Ventricular Hypertrophy,Yes,Flat,Fixed Defect,Senior (>=55),Month 4,4,PT-M04-0147,SIMULATED_MONITORING_DATA (EDUCATIONAL_USE_ONLY)
52,1,4,139,212,0.0,0,168,0.0,1.0,1.0,2.0,7.0,3,1,Asymptomatic,Male,<= 120 mg/dl,Normal,No,Upsloping,Reversible Defect,Younger (<55),Month 4,4,PT-M04-0148,SIMULATED_MONITORING_DATA (EDUCATIONAL_USE_ONLY)
60,1,4,131,230,1.0,0,160,1.0,1.4,1.0,2.0,7.0,2,1,Asymptomatic,Male,> 120 mg/dl,Normal,Yes,Upsloping,Reversible Defect,Senior (>=55),Month 4,4,PT-M04-0149,SIMULATED_MONITORING_DATA (EDUCATIONAL_USE_ONLY)
40,1,1,152,199,0.0,0,178,1.0,1.4,1.0,0.0,7.0,0,0,Typical Angina,Male,<= 120 mg/dl,Normal,Yes,Upsloping,Reversible Defect,Younger (<55),Month 4,4,PT-M04-0150,SIMULATED_MONITORING_DATA (EDUCATIONAL_USE_ONLY)
58,0,1,164,283,1.0,2,162,0.0,1.0,1.0,0.0,3.0,0,0,Typical Angina,Female,> 120 mg/dl,Left Ventricular Hypertrophy,No,Upsloping,Normal,Senior (>=55),Month 4,4,PT-M04-0151,SIMULATED_MONITORING_DATA (EDUCATIONAL_USE_ONLY)
64,0,4,138,303,0.0,0,122,0.0,2.0,2.0,2.0,3.0,0,0,Asymptomatic,Female,<= 120 mg/dl,Normal,No,Flat,Normal,Senior (>=55),Month 4,4,PT-M04-0152,SIMULATED_MONITORING_DATA (EDUCATIONAL_USE_ONLY)
67,0,3,127,564,0.0,2,160,0.0,1.6,2.0,0.0,7.0,0,0,Non-Anginal Pain,Female,<= 120 mg/dl,Left Ventricular Hypertrophy,No,Flat,Reversible Defect,Senior (>=55),Month 4,4,PT-M04-0153,SIMULATED_MONITORING_DATA (EDUCATIONAL_USE_ONLY)
62,0,4,163,244,0.0,0,154,1.0,1.4,2.0,0.0,3.0,1,1,Asymptomatic,Female,<= 120 mg/dl,Normal,Yes,Flat,Normal,Senior (>=55),Month 4,4,PT-M04-0154,SIMULATED_MONITORING_DATA (EDUCATIONAL_USE_ONLY)
48,1,4,130,222,0.0,2,186,0.0,0.0,1.0,0.0,3.0,0,0,Asymptomatic,Male,<= 120 mg/dl,Left Ventricular Hypertrophy,No,Upsloping,Normal,Younger (<55),Month 4,4,PT-M04-0155,SIMULATED_MONITORING_DATA (EDUCATIONAL_USE_ONLY)
54,0,2,145,288,1.0,2,159,1.0,0.0,1.0,1.0,3.0,0,0,Atypical Angina,Female,> 120 mg/dl,Left Ventricular Hypertrophy,Yes,Upsloping,Normal,Younger (<55),Month 4,4,PT-M04-0156,SIMULATED_MONITORING_DATA (EDUCATIONAL_USE_ONLY)
50,0,3,132,219,0.0,0,158,0.0,1.6,2.0,0.0,3.0,0,0,Non-Anginal Pain,Female,<= 120 mg/dl,Normal,No,Flat,Normal,Younger (<55),Month 4,4,PT-M04-0157,SIMULATED_MONITORING_DATA (EDUCATIONAL_USE_ONLY)
42,0,4,110,265,0.0,2,122,0.0,0.6,2.0,0.0,3.0,0,0,Asymptomatic,Female,<= 120 mg/dl,Left Ventricular Hypertrophy,No,Flat,Normal,Younger (<55),Month 4,4,PT-M04-0158,SIMULATED_MONITORING_DATA (EDUCATIONAL_USE_ONLY)
38,1,3,150,175,0.0,0,173,0.0,0.0,1.0,0.0,3.0,0,0,Non-Anginal Pain,Male,<= 120 mg/dl,Normal,No,Upsloping,Normal,Younger (<55),Month 4,4,PT-M04-0159,SIMULATED_MONITORING_DATA (EDUCATIONAL_USE_ONLY)
40,1,4,161,223,0.0,0,181,0.0,0.0,1.0,0.0,7.0,1,1,Asymptomatic,Male,<= 120 mg/dl,Normal,No,Upsloping,Reversible Defect,Younger (<55),Month 4,4,PT-M04-0160,SIMULATED_MONITORING_DATA (EDUCATIONAL_USE_ONLY)
48,1,3,138,255,1.0,0,175,0.0,0.0,1.0,2.0,3.0,0,0,Non-Anginal Pain,Male,> 120 mg/dl,Normal,No,Upsloping,Normal,Younger (<55),Month 4,4,PT-M04-0161,SIMULATED_MONITORING_DATA (EDUCATIONAL_USE_ONLY)
66,0,4,190,228,1.0,0,165,1.0,1.0,2.0,2.0,7.0,3,1,Asymptomatic,Female,> 120 mg/dl,Normal,Yes,Flat,Reversible Defect,Senior (>=55),Month 4,4,PT-M04-0162,SIMULATED_MONITORING_DATA (EDUCATIONAL_USE_ONLY)
63,0,4,115,269,0.0,0,169,1.0,1.8,2.0,2.0,3.0,1,1,Asymptomatic,Female,<= 120 mg/dl,Normal,Yes,Flat,Normal,Senior (>=55),Month 4,4,PT-M04-0163,SIMULATED_MONITORING_DATA (EDUCATIONAL_USE_ONLY)
64,0,3,151,313,0.0,0,133,0.0,0.2,1.0,0.0,7.0,0,0,Non-Anginal Pain,Female,<= 120 mg/dl,Normal,No,Upsloping,Reversible Defect,Senior (>=55),Month 4,4,PT-M04-0164,SIMULATED_MONITORING_DATA (EDUCATIONAL_USE_ONLY)
52,1,2,142,205,1.0,0,184,0.0,0.0,1.0,0.0,3.0,0,0,Atypical Angina,Male,> 120 mg/dl,Normal,No,Upsloping,Normal,Younger (<55),Month 4,4,PT-M04-0165,SIMULATED_MONITORING_DATA (EDUCATIONAL_USE_ONLY)
62,0,4,155,394,0.0,2,157,0.0,1.2,2.0,0.0,3.0,0,0,Asymptomatic,Female,<= 120 mg/dl,Left Ventricular Hypertrophy,No,Flat,Normal,Senior (>=55),Month 4,4,PT-M04-0166,SIMULATED_MONITORING_DATA (EDUCATIONAL_USE_ONLY)
43,1,4,124,303,0.0,0,181,0.0,1.2,2.0,0.0,3.0,0,0,Asymptomatic,Male,<= 120 mg/dl,Normal,No,Flat,Normal,Younger (<55),Month 4,4,PT-M04-0167,SIMULATED_MONITORING_DATA (EDUCATIONAL_USE_ONLY)
49,0,4,143,269,0.0,0,163,0.0,0.0,1.0,0.0,3.0,0,0,Asymptomatic,Female,<= 120 mg/dl,Normal,No,Upsloping,Normal,Younger (<55),Month 4,4,PT-M04-0168,SIMULATED_MONITORING_DATA (EDUCATIONAL_USE_ONLY)
62,0,3,135,263,0.0,0,97,0.0,1.2,2.0,1.0,7.0,2,1,Non-Anginal Pain,Female,<= 120 mg/dl,Normal,No,Flat,Reversible Defect,Senior (>=55),Month 4,4,PT-M04-0169,SIMULATED_MONITORING_DATA (EDUCATIONAL_USE_ONLY)
62,1,2,136,208,1.0,2,140,0.0,0.0,1.0,0.0,3.0,0,0,Atypical Angina,Male,> 120 mg/dl,Left Ventricular Hypertrophy,No,Upsloping,Normal,Senior (>=55),Month 4,4,PT-M04-0170,SIMULATED_MONITORING_DATA (EDUCATIONAL_USE_ONLY)
63,0,2,149,195,0.0,0,179,0.0,0.0,1.0,2.0,3.0,0,0,Atypical Angina,Female,<= 120 mg/dl,Normal,No,Upsloping,Normal,Senior (>=55),Month 4,4,PT-M04-0171,SIMULATED_MONITORING_DATA (EDUCATIONAL_USE_ONLY)
57,0,4,133,354,0.0,0,163,1.0,0.6,1.0,0.0,3.0,0,0,Asymptomatic,Female,<= 120 mg/dl,Normal,Yes,Upsloping,Normal,Senior (>=55),Month 4,4,PT-M04-0172,SIMULATED_MONITORING_DATA (EDUCATIONAL_USE_ONLY)
58,0,1,164,283,1.0,2,162,0.0,1.0,1.0,0.0,3.0,0,0,Typical Angina,Female,> 120 mg/dl,Left Ventricular Hypertrophy,No,Upsloping,Normal,Senior (>=55),Month 4,4,PT-M04-0173,SIMULATED_MONITORING_DATA (EDUCATIONAL_USE_ONLY)
45,1,4,113,208,0.0,2,148,1.0,3.0,2.0,0.0,3.0,0,0,Asymptomatic,Male,<= 120 mg/dl,Left Ventricular Hypertrophy,Yes,Flat,Normal,Younger (<55),Month 4,4,PT-M04-0174,SIMULATED_MONITORING_DATA (EDUCATIONAL_USE_ONLY)
58,0,4,141,197,0.0,0,131,0.0,0.6,2.0,0.0,3.0,0,0,Asymptomatic,Female,<= 120 mg/dl,Normal,No,Flat,Normal,Senior (>=55),Month 4,4,PT-M04-0175,SIMULATED_MONITORING_DATA (EDUCATIONAL_USE_ONLY)
57,1,2,171,232,0.0,2,164,0.0,0.0,1.0,1.0,3.0,1,1,Atypical Angina,Male,<= 120 mg/dl,Left Ventricular Hypertrophy,No,Upsloping,Normal,Senior (>=55),Month 4,4,PT-M04-0176,SIMULATED_MONITORING_DATA (EDUCATIONAL_USE_ONLY)
49,0,2,144,271,0.0,0,162,0.0,0.0,2.0,0.0,3.0,0,0,Atypical Angina,Female,<= 120 mg/dl,Normal,No,Flat,Normal,Younger (<55),Month 4,4,PT-M04-0177,SIMULATED_MONITORING_DATA (EDUCATIONAL_USE_ONLY)
52,0,3,143,196,0.0,2,169,0.0,0.1,2.0,0.0,3.0,0,0,Non-Anginal Pain,Female,<= 120 mg/dl,Left Ventricular Hypertrophy,No,Flat,Normal,Younger (<55),Month 4,4,PT-M04-0178,SIMULATED_MONITORING_DATA (EDUCATIONAL_USE_ONLY)
51,1,3,138,245,1.0,2,166,0.0,2.4,2.0,0.0,3.0,0,0,Non-Anginal Pain,Male,> 120 mg/dl,Left Ventricular Hypertrophy,No,Flat,Normal,Younger (<55),Month 4,4,PT-M04-0179,SIMULATED_MONITORING_DATA (EDUCATIONAL_USE_ONLY)
63,0,3,146,252,0.0,2,172,0.0,0.0,1.0,0.0,3.0,0,0,Non-Anginal Pain,Female,<= 120 mg/dl,Left Ventricular Hypertrophy,No,Upsloping,Normal,Senior (>=55),Month 4,4,PT-M04-0180,SIMULATED_MONITORING_DATA (EDUCATIONAL_USE_ONLY)
57,1,4,154,192,0.0,0,148,0.0,0.4,2.0,0.0,6.0,0,0,Asymptomatic,Male,<= 120 mg/dl,Normal,No,Flat,Fixed Defect,Senior (>=55),Month 4,4,PT-M04-0181,SIMULATED_MONITORING_DATA (EDUCATIONAL_USE_ONLY)
68,0,3,129,211,0.0,2,115,0.0,1.5,2.0,0.0,3.0,0,0,Non-Anginal Pain,Female,<= 120 mg/dl,Left Ventricular Hypertrophy,No,Flat,Normal,Senior (>=55),Month 4,4,PT-M04-0182,SIMULATED_MONITORING_DATA (EDUCATIONAL_USE_ONLY)
69,1,1,170,234,1.0,2,131,0.0,0.1,2.0,1.0,3.0,0,0,Typical Angina,Male,> 120 mg/dl,Left Ventricular Hypertrophy,No,Flat,Normal,Senior (>=55),Month 4,4,PT-M04-0183,SIMULATED_MONITORING_DATA (EDUCATIONAL_USE_ONLY)
54,0,3,174,201,0.0,0,163,0.0,0.0,1.0,1.0,3.0,0,0,Non-Anginal Pain,Female,<= 120 mg/dl,Normal,No,Upsloping,Normal,Younger (<55),Month 4,4,PT-M04-0184,SIMULATED_MONITORING_DATA (EDUCATIONAL_USE_ONLY)
54,1,3,162,232,0.0,2,165,0.0,1.6,1.0,0.0,7.0,0,0,Non-Anginal Pain,Male,<= 120 mg/dl,Left Ventricular Hypertrophy,No,Upsloping,Reversible Defect,Younger (<55),Month 4,4,PT-M04-0185,SIMULATED_MONITORING_DATA (EDUCATIONAL_USE_ONLY)
41,0,2,114,198,0.0,0,168,0.0,0.0,1.0,1.0,3.0,0,0,Atypical Angina,Female,<= 120 mg/dl,Normal,No,Upsloping,Normal,Younger (<55),Month 4,4,PT-M04-0186,SIMULATED_MONITORING_DATA (EDUCATIONAL_USE_ONLY)
39,0,3,106,199,0.0,0,179,0.0,0.0,1.0,0.0,3.0,0,0,Non-Anginal Pain,Female,<= 120 mg/dl,Normal,No,Upsloping,Normal,Younger (<55),Month 4,4,PT-M04-0187,SIMULATED_MONITORING_DATA (EDUCATIONAL_USE_ONLY)
45,0,4,146,236,0.0,2,152,1.0,0.2,2.0,0.0,3.0,0,0,Asymptomatic,Female,<= 120 mg/dl,Left Ventricular Hypertrophy,Yes,Flat,Normal,Younger (<55),Month 4,4,PT-M04-0188,SIMULATED_MONITORING_DATA (EDUCATIONAL_USE_ONLY)
58,0,3,130,340,0.0,0,172,0.0,0.0,1.0,0.0,3.0,0,0,Non-Anginal Pain,Female,<= 120 mg/dl,Normal,No,Upsloping,Normal,Senior (>=55),Month 4,4,PT-M04-0189,SIMULATED_MONITORING_DATA (EDUCATIONAL_USE_ONLY)
52,1,3,147,223,0.0,0,169,0.0,0.0,1.0,0.0,3.0,0,0,Non-Anginal Pain,Male,<= 120 mg/dl,Normal,No,Upsloping,Normal,Younger (<55),Month 4,4,PT-M04-0190,SIMULATED_MONITORING_DATA (EDUCATIONAL_USE_ONLY)
60,0,1,154,240,0.0,0,171,0.0,0.9,1.0,0.0,3.0,0,0,Typical Angina,Female,<= 120 mg/dl,Normal,No,Upsloping,Normal,Senior (>=55),Month 4,4,PT-M04-0191,SIMULATED_MONITORING_DATA (EDUCATIONAL_USE_ONLY)
37,1,3,140,250,0.0,0,187,0.0,3.5,3.0,0.0,3.0,0,0,Non-Anginal Pain,Male,<= 120 mg/dl,Normal,No,Downsloping,Normal,Younger (<55),Month 4,4,PT-M04-0192,SIMULATED_MONITORING_DATA (EDUCATIONAL_USE_ONLY)
61,1,4,130,260,0.0,0,140,1.0,3.6,2.0,1.0,7.0,2,1,Asymptomatic,Male,<= 120 mg/dl,Normal,Yes,Flat,Reversible Defect,Senior (>=55),Month 4,4,PT-M04-0193,SIMULATED_MONITORING_DATA (EDUCATIONAL_USE_ONLY)
43,1,3,142,315,0.0,0,162,0.0,1.9,1.0,1.0,3.0,0,0,Non-Anginal Pain,Male,<= 120 mg/dl,Normal,No,Upsloping,Normal,Younger (<55),Month 4,4,PT-M04-0194,SIMULATED_MONITORING_DATA (EDUCATIONAL_USE_ONLY)
55,0,2,194,327,0.0,1,117,1.0,3.4,2.0,0.0,3.0,2,1,Atypical Angina,Female,<= 120 mg/dl,ST-T Abnormality,Yes,Flat,Normal,Senior (>=55),Month 4,4,PT-M04-0195,SIMULATED_MONITORING_DATA (EDUCATIONAL_USE_ONLY)
60,0,3,158,258,0.0,2,157,0.0,2.6,2.0,2.0,7.0,3,1,Non-Anginal Pain,Female,<= 120 mg/dl,Left Ventricular Hypertrophy,No,Flat,Reversible Defect,Senior (>=55),Month 4,4,PT-M04-0196,SIMULATED_MONITORING_DATA (EDUCATIONAL_USE_ONLY)
74,0,2,127,269,0.0,2,121,1.0,0.2,1.0,1.0,3.0,0,0,Atypical Angina,Female,<= 120 mg/dl,Left Ventricular Hypertrophy,Yes,Upsloping,Normal,Senior (>=55),Month 4,4,PT-M04-0197,SIMULATED_MONITORING_DATA (EDUCATIONAL_USE_ONLY)
68,1,3,198,274,1.0,2,150,1.0,1.6,2.0,0.0,7.0,3,1,Non-Anginal Pain,Male,> 120 mg/dl,Left Ventricular Hypertrophy,Yes,Flat,Reversible Defect,Senior (>=55),Month 4,4,PT-M04-0198,SIMULATED_MONITORING_DATA (EDUCATIONAL_USE_ONLY)
44,1,3,138,233,0.0,0,179,1.0,0.4,1.0,0.0,3.0,0,0,Non-Anginal Pain,Male,<= 120 mg/dl,Normal,Yes,Upsloping,Normal,Younger (<55),Month 4,4,PT-M04-0199,SIMULATED_MONITORING_DATA (EDUCATIONAL_USE_ONLY)
52,1,4,140,212,0.0,0,168,0.0,1.0,1.0,2.0,7.0,3,1,Asymptomatic,Male,<= 120 mg/dl,Normal,No,Upsloping,Reversible Defect,Younger (<55),Month 4,4,PT-M04-0200,SIMULATED_MONITORING_DATA (EDUCATIONAL_USE_ONLY)
62,0,2,152,294,1.0,0,106,0.0,1.9,2.0,3.0,3.0,2,1,Atypical Angina,Female,> 120 mg/dl,Normal,No,Flat,Normal,Senior (>=55),Month 4,4,PT-M04-0201,SIMULATED_MONITORING_DATA (EDUCATIONAL_USE_ONLY)
60,0,2,170,305,0.0,2,161,0.0,0.0,1.0,0.0,3.0,1,1,Atypical Angina,Female,<= 120 mg/dl,Left Ventricular Hypertrophy,No,Upsloping,Normal,Senior (>=55),Month 4,4,PT-M04-0202,SIMULATED_MONITORING_DATA (EDUCATIONAL_USE_ONLY)
57,1,4,149,192,0.0,0,148,0.0,0.4,2.0,0.0,6.0,0,0,Asymptomatic,Male,<= 120 mg/dl,Normal,No,Flat,Fixed Defect,Senior (>=55),Month 4,4,PT-M04-0203,SIMULATED_MONITORING_DATA (EDUCATIONAL_USE_ONLY)
39,0,3,152,220,0.0,0,152,0.0,0.0,2.0,0.0,3.0,0,0,Non-Anginal Pain,Female,<= 120 mg/dl,Normal,No,Flat,Normal,Younger (<55),Month 4,4,PT-M04-0204,SIMULATED_MONITORING_DATA (EDUCATIONAL_USE_ONLY)
52,0,3,146,196,0.0,2,169,0.0,0.1,2.0,0.0,3.0,0,0,Non-Anginal Pain,Female,<= 120 mg/dl,Left Ventricular Hypertrophy,No,Flat,Normal,Younger (<55),Month 4,4,PT-M04-0205,SIMULATED_MONITORING_DATA (EDUCATIONAL_USE_ONLY)
62,0,4,144,294,1.0,0,106,0.0,1.9,2.0,3.0,3.0,2,1,Asymptomatic,Female,> 120 mg/dl,Normal,No,Flat,Normal,Senior (>=55),Month 4,4,PT-M04-0206,SIMULATED_MONITORING_DATA (EDUCATIONAL_USE_ONLY)
63,0,3,147,252,0.0,2,172,0.0,0.0,1.0,0.0,3.0,0,0,Non-Anginal Pain,Female,<= 120 mg/dl,Left Ventricular Hypertrophy,No,Upsloping,Normal,Senior (>=55),Month 4,4,PT-M04-0207,SIMULATED_MONITORING_DATA (EDUCATIONAL_USE_ONLY)
62,0,3,163,244,0.0,0,154,1.0,1.4,2.0,0.0,3.0,1,1,Non-Anginal Pain,Female,<= 120 mg/dl,Normal,Yes,Flat,Normal,Senior (>=55),Month 4,4,PT-M04-0208,SIMULATED_MONITORING_DATA (EDUCATIONAL_USE_ONLY)
51,1,4,155,261,0.0,2,186,1.0,0.0,1.0,0.0,3.0,0,0,Asymptomatic,Male,<= 120 mg/dl,Left Ventricular Hypertrophy,Yes,Upsloping,Normal,Younger (<55),Month 4,4,PT-M04-0209,SIMULATED_MONITORING_DATA (EDUCATIONAL_USE_ONLY)
51,0,3,131,295,0.0,2,157,0.0,0.6,1.0,0.0,3.0,0,0,Non-Anginal Pain,Female,<= 120 mg/dl,Left Ventricular Hypertrophy,No,Upsloping,Normal,Younger (<55),Month 4,4,PT-M04-0210,SIMULATED_MONITORING_DATA (EDUCATIONAL_USE_ONLY)
53,0,3,137,216,0.0,2,115,0.0,0.0,1.0,0.0,3.0,0,0,Non-Anginal Pain,Female,<= 120 mg/dl,Left Ventricular Hypertrophy,No,Upsloping,Normal,Younger (<55),Month 4,4,PT-M04-0211,SIMULATED_MONITORING_DATA (EDUCATIONAL_USE_ONLY)
54,1,3,133,258,0.0,2,147,0.0,0.4,2.0,0.0,7.0,0,0,Non-Anginal Pain,Male,<= 120 mg/dl,Left Ventricular Hypertrophy,No,Flat,Reversible Defect,Younger (<55),Month 4,4,PT-M04-0212,SIMULATED_MONITORING_DATA (EDUCATIONAL_USE_ONLY)
62,0,4,155,394,0.0,2,157,0.0,1.2,2.0,0.0,3.0,0,0,Asymptomatic,Female,<= 120 mg/dl,Left Ventricular Hypertrophy,No,Flat,Normal,Senior (>=55),Month 4,4,PT-M04-0213,SIMULATED_MONITORING_DATA (EDUCATIONAL_USE_ONLY)
65,0,2,163,225,0.0,2,114,0.0,1.0,2.0,3.0,7.0,4,1,Atypical Angina,Female,<= 120 mg/dl,Left Ventricular Hypertrophy,No,Flat,Reversible Defect,Senior (>=55),Month 4,4,PT-M04-0214,SIMULATED_MONITORING_DATA (EDUCATIONAL_USE_ONLY)
42,1,3,130,240,1.0,0,194,0.0,0.8,3.0,0.0,7.0,0,0,Non-Anginal Pain,Male,> 120 mg/dl,Normal,No,Downsloping,Reversible Defect,Younger (<55),Month 4,4,PT-M04-0215,SIMULATED_MONITORING_DATA (EDUCATIONAL_USE_ONLY)
43,1,4,139,247,1.0,2,143,1.0,0.1,2.0,0.0,7.0,1,1,Asymptomatic,Male,> 120 mg/dl,Left Ventricular Hypertrophy,Yes,Flat,Reversible Defect,Younger (<55),Month 4,4,PT-M04-0216,SIMULATED_MONITORING_DATA (EDUCATIONAL_USE_ONLY)
51,1,3,117,175,0.0,0,123,0.0,0.6,1.0,0.0,3.0,0,0,Non-Anginal Pain,Male,<= 120 mg/dl,Normal,No,Upsloping,Normal,Younger (<55),Month 4,4,PT-M04-0217,SIMULATED_MONITORING_DATA (EDUCATIONAL_USE_ONLY)
46,1,4,132,249,0.0,2,144,0.0,0.8,1.0,0.0,7.0,1,1,Asymptomatic,Male,<= 120 mg/dl,Left Ventricular Hypertrophy,No,Upsloping,Reversible Defect,Younger (<55),Month 4,4,PT-M04-0218,SIMULATED_MONITORING_DATA (EDUCATIONAL_USE_ONLY)
63,1,4,139,254,0.0,2,147,0.0,1.4,2.0,1.0,7.0,2,1,Asymptomatic,Male,<= 120 mg/dl,Left Ventricular Hypertrophy,No,Flat,Reversible Defect,Senior (>=55),Month 4,4,PT-M04-0219,SIMULATED_MONITORING_DATA (EDUCATIONAL_USE_ONLY)
62,1,2,134,208,1.0,2,140,0.0,0.0,1.0,0.0,3.0,0,0,Atypical Angina,Male,> 120 mg/dl,Left Ventricular Hypertrophy,No,Upsloping,Normal,Senior (>=55),Month 4,4,PT-M04-0220,SIMULATED_MONITORING_DATA (EDUCATIONAL_USE_ONLY)
42,0,4,121,265,0.0,2,122,0.0,0.6,2.0,0.0,3.0,0,0,Asymptomatic,Female,<= 120 mg/dl,Left Ventricular Hypertrophy,No,Flat,Normal,Younger (<55),Month 4,4,PT-M04-0221,SIMULATED_MONITORING_DATA (EDUCATIONAL_USE_ONLY)
54,0,3,112,267,0.0,2,167,0.0,0.0,1.0,0.0,3.0,0,0,Non-Anginal Pain,Female,<= 120 mg/dl,Left Ventricular Hypertrophy,No,Upsloping,Normal,Younger (<55),Month 4,4,PT-M04-0222,SIMULATED_MONITORING_DATA (EDUCATIONAL_USE_ONLY)
62,0,4,169,244,0.0,0,154,1.0,1.4,2.0,0.0,3.0,1,1,Asymptomatic,Female,<= 120 mg/dl,Normal,Yes,Flat,Normal,Senior (>=55),Month 4,4,PT-M04-0223,SIMULATED_MONITORING_DATA (EDUCATIONAL_USE_ONLY)
65,1,1,148,282,1.0,2,174,0.0,1.4,2.0,1.0,3.0,1,1,Typical Angina,Male,> 120 mg/dl,Left Ventricular Hypertrophy,No,Flat,Normal,Senior (>=55),Month 4,4,PT-M04-0224,SIMULATED_MONITORING_DATA (EDUCATIONAL_USE_ONLY)
53,1,4,133,282,0.0,0,95,1.0,2.0,2.0,2.0,7.0,3,1,Asymptomatic,Male,<= 120 mg/dl,Normal,Yes,Flat,Reversible Defect,Younger (<55),Month 4,4,PT-M04-0225,SIMULATED_MONITORING_DATA (EDUCATIONAL_USE_ONLY)
53,1,3,138,197,1.0,2,152,0.0,1.2,3.0,0.0,3.0,0,0,Non-Anginal Pain,Male,> 120 mg/dl,Left Ventricular Hypertrophy,No,Downsloping,Normal,Younger (<55),Month 4,4,PT-M04-0226,SIMULATED_MONITORING_DATA (EDUCATIONAL_USE_ONLY)
60,0,3,113,318,0.0,0,160,0.0,0.0,1.0,1.0,3.0,0,0,Non-Anginal Pain,Female,<= 120 mg/dl,Normal,No,Upsloping,Normal,Senior (>=55),Month 4,4,PT-M04-0227,SIMULATED_MONITORING_DATA (EDUCATIONAL_USE_ONLY)
64,1,1,114,211,0.0,2,144,1.0,1.8,2.0,0.0,3.0,0,0,Typical Angina,Male,<= 120 mg/dl,Left Ventricular Hypertrophy,Yes,Flat,Normal,Senior (>=55),Month 4,4,PT-M04-0228,SIMULATED_MONITORING_DATA (EDUCATIONAL_USE_ONLY)
59,1,4,178,326,0.0,2,140,1.0,3.4,3.0,0.0,7.0,2,1,Asymptomatic,Male,<= 120 mg/dl,Left Ventricular Hypertrophy,Yes,Downsloping,Reversible Defect,Senior (>=55),Month 4,4,PT-M04-0229,SIMULATED_MONITORING_DATA (EDUCATIONAL_USE_ONLY)
46,0,4,154,243,0.0,2,152,1.0,0.0,2.0,0.0,3.0,0,0,Asymptomatic,Female,<= 120 mg/dl,Left Ventricular Hypertrophy,Yes,Flat,Normal,Younger (<55),Month 4,4,PT-M04-0230,SIMULATED_MONITORING_DATA (EDUCATIONAL_USE_ONLY)
43,1,4,160,247,0.0,0,171,0.0,1.5,1.0,0.0,3.0,0,0,Asymptomatic,Male,<= 120 mg/dl,Normal,No,Upsloping,Normal,Younger (<55),Month 4,4,PT-M04-0231,SIMULATED_MONITORING_DATA (EDUCATIONAL_USE_ONLY)
59,1,3,138,218,1.0,0,134,0.0,2.2,2.0,1.0,6.0,2,1,Non-Anginal Pain,Male,> 120 mg/dl,Normal,No,Flat,Fixed Defect,Senior (>=55),Month 4,4,PT-M04-0232,SIMULATED_MONITORING_DATA (EDUCATIONAL_USE_ONLY)
61,1,4,157,203,0.0,0,161,0.0,0.0,1.0,1.0,7.0,2,1,Asymptomatic,Male,<= 120 mg/dl,Normal,No,Upsloping,Reversible Defect,Senior (>=55),Month 4,4,PT-M04-0233,SIMULATED_MONITORING_DATA (EDUCATIONAL_USE_ONLY)
63,0,3,119,269,0.0,0,169,1.0,1.8,2.0,2.0,3.0,1,1,Non-Anginal Pain,Female,<= 120 mg/dl,Normal,Yes,Flat,Normal,Senior (>=55),Month 4,4,PT-M04-0234,SIMULATED_MONITORING_DATA (EDUCATIONAL_USE_ONLY)
42,0,3,135,209,0.0,0,173,0.0,0.0,2.0,0.0,3.0,0,0,Non-Anginal Pain,Female,<= 120 mg/dl,Normal,No,Flat,Normal,Younger (<55),Month 4,4,PT-M04-0235,SIMULATED_MONITORING_DATA (EDUCATIONAL_USE_ONLY)
45,0,2,119,160,0.0,0,138,0.0,0.0,2.0,0.0,3.0,0,0,Atypical Angina,Female,<= 120 mg/dl,Normal,No,Flat,Normal,Younger (<55),Month 4,4,PT-M04-0236,SIMULATED_MONITORING_DATA (EDUCATIONAL_USE_ONLY)
35,1,4,130,282,0.0,2,156,1.0,0.0,1.0,0.0,7.0,1,1,Asymptomatic,Male,<= 120 mg/dl,Left Ventricular Hypertrophy,Yes,Upsloping,Reversible Defect,Younger (<55),Month 4,4,PT-M04-0237,SIMULATED_MONITORING_DATA (EDUCATIONAL_USE_ONLY)
59,1,1,197,270,0.0,2,145,0.0,4.2,3.0,0.0,7.0,0,0,Typical Angina,Male,<= 120 mg/dl,Left Ventricular Hypertrophy,No,Downsloping,Reversible Defect,Senior (>=55),Month 4,4,PT-M04-0238,SIMULATED_MONITORING_DATA (EDUCATIONAL_USE_ONLY)
41,1,2,122,235,0.0,0,153,0.0,0.0,1.0,0.0,3.0,0,0,Atypical Angina,Male,<= 120 mg/dl,Normal,No,Upsloping,Normal,Younger (<55),Month 4,4,PT-M04-0239,SIMULATED_MONITORING_DATA (EDUCATIONAL_USE_ONLY)
48,0,3,139,275,0.0,0,139,0.0,0.2,1.0,0.0,3.0,0,0,Non-Anginal Pain,Female,<= 120 mg/dl,Normal,No,Upsloping,Normal,Younger (<55),Month 4,4,PT-M04-0240,SIMULATED_MONITORING_DATA (EDUCATIONAL_USE_ONLY)
59,1,2,151,221,0.0,0,164,1.0,0.0,1.0,0.0,3.0,0,0,Atypical Angina,Male,<= 120 mg/dl,Normal,Yes,Upsloping,Normal,Senior (>=55),Month 4,4,PT-M04-0241,SIMULATED_MONITORING_DATA (EDUCATIONAL_USE_ONLY)
74,0,2,126,269,0.0,2,121,1.0,0.2,1.0,1.0,3.0,0,0,Atypical Angina,Female,<= 120 mg/dl,Left Ventricular Hypertrophy,Yes,Upsloping,Normal,Senior (>=55),Month 4,4,PT-M04-0242,SIMULATED_MONITORING_DATA (EDUCATIONAL_USE_ONLY)
76,0,3,155,197,0.0,1,116,0.0,1.1,2.0,0.0,3.0,0,0,Non-Anginal Pain,Female,<= 120 mg/dl,ST-T Abnormality,No,Flat,Normal,Senior (>=55),Month 4,4,PT-M04-0243,SIMULATED_MONITORING_DATA (EDUCATIONAL_USE_ONLY)
58,0,4,182,225,1.0,2,146,1.0,2.8,2.0,2.0,6.0,2,1,Asymptomatic,Female,> 120 mg/dl,Left Ventricular Hypertrophy,Yes,Flat,Fixed Defect,Senior (>=55),Month 4,4,PT-M04-0244,SIMULATED_MONITORING_DATA (EDUCATIONAL_USE_ONLY)
46,0,4,145,243,0.0,2,152,1.0,0.0,2.0,0.0,3.0,0,0,Asymptomatic,Female,<= 120 mg/dl,Left Ventricular Hypertrophy,Yes,Flat,Normal,Younger (<55),Month 4,4,PT-M04-0245,SIMULATED_MONITORING_DATA (EDUCATIONAL_USE_ONLY)
57,1,4,179,289,1.0,2,124,0.0,1.0,2.0,3.0,7.0,4,1,Asymptomatic,Male,> 120 mg/dl,Left Ventricular Hypertrophy,No,Flat,Reversible Defect,Senior (>=55),Month 4,4,PT-M04-0246,SIMULATED_MONITORING_DATA (EDUCATIONAL_USE_ONLY)
69,1,3,149,254,0.0,2,146,0.0,2.0,2.0,3.0,7.0,2,1,Non-Anginal Pain,Male,<= 120 mg/dl,Left Ventricular Hypertrophy,No,Flat,Reversible Defect,Senior (>=55),Month 4,4,PT-M04-0247,SIMULATED_MONITORING_DATA (EDUCATIONAL_USE_ONLY)
63,0,3,114,269,0.0,0,169,1.0,1.8,2.0,2.0,3.0,1,1,Non-Anginal Pain,Female,<= 120 mg/dl,Normal,Yes,Flat,Normal,Senior (>=55),Month 4,4,PT-M04-0248,SIMULATED_MONITORING_DATA (EDUCATIONAL_USE_ONLY)
55,0,2,145,250,0.0,2,161,0.0,1.4,2.0,0.0,3.0,0,0,Atypical Angina,Female,<= 120 mg/dl,Left Ventricular Hypertrophy,No,Flat,Normal,Senior (>=55),Month 4,4,PT-M04-0249,SIMULATED_MONITORING_DATA (EDUCATIONAL_USE_ONLY)
65,1,4,130,177,0.0,0,140,0.0,0.4,1.0,0.0,7.0,0,0,Asymptomatic,Male,<= 120 mg/dl,Normal,No,Upsloping,Reversible Defect,Senior (>=55),Month 4,4,PT-M04-0250,SIMULATED_MONITORING_DATA (EDUCATIONAL_USE_ONLY)
46,1,3,147,268,0.0,1,153,1.0,0.4,1.0,0.0,3.0,0,0,Non-Anginal Pain,Male,<= 120 mg/dl,ST-T Abnormality,Yes,Upsloping,Normal,Younger (<55),Month 5,5,PT-M05-0001,SIMULATED_MONITORING_DATA (EDUCATIONAL_USE_ONLY)
52,1,4,138,196,0.0,0,127,1.0,2.8,3.0,0.0,6.0,2,1,Asymptomatic,Male,<= 120 mg/dl,Normal,Yes,Downsloping,Fixed Defect,Younger (<55),Month 5,5,PT-M05-0002,SIMULATED_MONITORING_DATA (EDUCATIONAL_USE_ONLY)
61,1,2,155,305,0.0,0,136,0.0,0.0,1.0,0.0,3.0,0,0,Atypical Angina,Male,<= 120 mg/dl,Normal,No,Upsloping,Normal,Senior (>=55),Month 5,5,PT-M05-0003,SIMULATED_MONITORING_DATA (EDUCATIONAL_USE_ONLY)
58,1,2,126,359,0.0,1,138,0.0,0.0,1.0,0.0,7.0,0,0,Atypical Angina,Male,<= 120 mg/dl,ST-T Abnormality,No,Upsloping,Reversible Defect,Senior (>=55),Month 5,5,PT-M05-0004,SIMULATED_MONITORING_DATA (EDUCATIONAL_USE_ONLY)
60,1,3,172,146,1.0,0,153,0.0,0.2,1.0,1.0,7.0,0,0,Non-Anginal Pain,Male,> 120 mg/dl,Normal,No,Upsloping,Reversible Defect,Senior (>=55),Month 5,5,PT-M05-0005,SIMULATED_MONITORING_DATA (EDUCATIONAL_USE_ONLY)
57,0,3,158,236,0.0,2,146,0.0,0.1,2.0,0.0,3.0,0,0,Non-Anginal Pain,Female,<= 120 mg/dl,Left Ventricular Hypertrophy,No,Flat,Normal,Senior (>=55),Month 5,5,PT-M05-0006,SIMULATED_MONITORING_DATA (EDUCATIONAL_USE_ONLY)
67,0,4,183,367,0.0,2,142,0.0,0.0,1.0,0.0,3.0,1,1,Asymptomatic,Female,<= 120 mg/dl,Left Ventricular Hypertrophy,No,Upsloping,Normal,Senior (>=55),Month 5,5,PT-M05-0007,SIMULATED_MONITORING_DATA (EDUCATIONAL_USE_ONLY)
69,0,4,167,481,0.0,2,137,0.0,4.0,2.0,3.0,7.0,4,1,Asymptomatic,Female,<= 120 mg/dl,Left Ventricular Hypertrophy,No,Flat,Reversible Defect,Senior (>=55),Month 5,5,PT-M05-0008,SIMULATED_MONITORING_DATA (EDUCATIONAL_USE_ONLY)
71,0,4,205,382,0.0,0,134,1.0,0.0,1.0,0.0,3.0,0,0,Asymptomatic,Female,<= 120 mg/dl,Normal,Yes,Upsloping,Normal,Senior (>=55),Month 5,5,PT-M05-0009,SIMULATED_MONITORING_DATA (EDUCATIONAL_USE_ONLY)
69,1,4,136,297,0.0,2,140,0.0,0.6,1.0,2.0,6.0,1,1,Asymptomatic,Male,<= 120 mg/dl,Left Ventricular Hypertrophy,No,Upsloping,Fixed Defect,Senior (>=55),Month 5,5,PT-M05-0010,SIMULATED_MONITORING_DATA (EDUCATIONAL_USE_ONLY)
64,0,3,187,413,0.0,1,133,0.0,0.8,1.0,0.0,3.0,0,0,Non-Anginal Pain,Female,<= 120 mg/dl,ST-T Abnormality,No,Upsloping,Normal,Senior (>=55),Month 5,5,PT-M05-0011,SIMULATED_MONITORING_DATA (EDUCATIONAL_USE_ONLY)
64,0,4,135,412,0.0,0,142,1.0,0.6,1.0,0.0,3.0,0,0,Asymptomatic,Female,<= 120 mg/dl,Normal,Yes,Upsloping,Normal,Senior (>=55),Month 5,5,PT-M05-0012,SIMULATED_MONITORING_DATA (EDUCATIONAL_USE_ONLY)
45,1,4,123,185,0.0,2,101,1.0,2.0,2.0,0.0,7.0,3,1,Asymptomatic,Male,<= 120 mg/dl,Left Ventricular Hypertrophy,Yes,Flat,Reversible Defect,Younger (<55),Month 5,5,PT-M05-0013,SIMULATED_MONITORING_DATA (EDUCATIONAL_USE_ONLY)
72,1,4,134,351,0.0,2,132,0.0,0.4,2.0,0.0,3.0,0,0,Asymptomatic,Male,<= 120 mg/dl,Left Ventricular Hypertrophy,No,Flat,Normal,Senior (>=55),Month 5,5,PT-M05-0014,SIMULATED_MONITORING_DATA (EDUCATIONAL_USE_ONLY)
68,0,4,184,356,0.0,1,144,0.0,0.0,1.0,0.0,3.0,1,1,Asymptomatic,Female,<= 120 mg/dl,ST-T Abnormality,No,Upsloping,Normal,Senior (>=55),Month 5,5,PT-M05-0015,SIMULATED_MONITORING_DATA (EDUCATIONAL_USE_ONLY)
69,1,4,132,289,0.0,2,124,1.0,1.2,2.0,1.0,7.0,2,1,Asymptomatic,Male,<= 120 mg/dl,Left Ventricular Hypertrophy,Yes,Flat,Reversible Defect,Senior (>=55),Month 5,5,PT-M05-0016,SIMULATED_MONITORING_DATA (EDUCATIONAL_USE_ONLY)
58,1,4,144,300,0.0,2,92,1.0,2.2,2.0,1.0,7.0,1,1,Asymptomatic,Male,<= 120 mg/dl,Left Ventricular Hypertrophy,Yes,Flat,Reversible Defect,Senior (>=55),Month 5,5,PT-M05-0017,SIMULATED_MONITORING_DATA (EDUCATIONAL_USE_ONLY)
76,0,4,128,174,0.0,0,111,0.0,1.6,2.0,0.0,3.0,0,0,Asymptomatic,Female,<= 120 mg/dl,Normal,No,Flat,Normal,Senior (>=55),Month 5,5,PT-M05-0018,SIMULATED_MONITORING_DATA (EDUCATIONAL_USE_ONLY)
66,1,4,169,322,0.0,2,98,1.0,0.8,1.0,0.0,7.0,3,1,Asymptomatic,Male,<= 120 mg/dl,Left Ventricular Hypertrophy,Yes,Upsloping,Reversible Defect,Senior (>=55),Month 5,5,PT-M05-0019,SIMULATED_MONITORING_DATA (EDUCATIONAL_USE_ONLY)
61,1,4,172,321,0.0,2,94,1.0,0.8,1.0,0.0,7.0,3,1,Asymptomatic,Male,<= 120 mg/dl,Left Ventricular Hypertrophy,Yes,Upsloping,Reversible Defect,Senior (>=55),Month 5,5,PT-M05-0020,SIMULATED_MONITORING_DATA (EDUCATIONAL_USE_ONLY)
62,1,4,127,383,0.0,1,125,0.0,4.4,3.0,3.0,6.0,4,1,Asymptomatic,Male,<= 120 mg/dl,ST-T Abnormality,No,Downsloping,Fixed Defect,Senior (>=55),Month 5,5,PT-M05-0021,SIMULATED_MONITORING_DATA (EDUCATIONAL_USE_ONLY)
59,1,4,143,417,0.0,0,118,1.0,1.2,2.0,1.0,7.0,3,1,Asymptomatic,Male,<= 120 mg/dl,Normal,Yes,Flat,Reversible Defect,Senior (>=55),Month 5,5,PT-M05-0022,SIMULATED_MONITORING_DATA (EDUCATIONAL_USE_ONLY)
71,0,4,209,271,1.0,0,143,1.0,1.0,2.0,2.0,7.0,3,1,Asymptomatic,Female,> 120 mg/dl,Normal,Yes,Flat,Reversible Defect,Senior (>=55),Month 5,5,PT-M05-0023,SIMULATED_MONITORING_DATA (EDUCATIONAL_USE_ONLY)
72,1,4,178,328,0.0,2,93,1.0,1.5,2.0,3.0,3.0,2,1,Asymptomatic,Male,<= 120 mg/dl,Left Ventricular Hypertrophy,Yes,Flat,Normal,Senior (>=55),Month 5,5,PT-M05-0024,SIMULATED_MONITORING_DATA (EDUCATIONAL_USE_ONLY)
68,1,4,145,305,0.0,0,92,1.0,0.2,2.0,1.0,7.0,0,0,Asymptomatic,Male,<= 120 mg/dl,Normal,Yes,Flat,Reversible Defect,Senior (>=55),Month 5,5,PT-M05-0025,SIMULATED_MONITORING_DATA (EDUCATIONAL_USE_ONLY)
62,1,1,185,313,0.0,1,108,0.0,0.0,1.0,0.0,3.0,1,1,Typical Angina,Male,<= 120 mg/dl,ST-T Abnormality,No,Upsloping,Normal,Senior (>=55),Month 5,5,PT-M05-0026,SIMULATED_MONITORING_DATA (EDUCATIONAL_USE_ONLY)
75,1,3,140,330,0.0,2,135,0.0,1.0,1.0,1.0,7.0,0,0,Non-Anginal Pain,Male,<= 120 mg/dl,Left Ventricular Hypertrophy,No,Upsloping,Reversible Defect,Senior (>=55),Month 5,5,PT-M05-0027,SIMULATED_MONITORING_DATA (EDUCATIONAL_USE_ONLY)
66,0,4,149,234,0.0,0,116,0.0,0.6,2.0,0.0,3.0,0,0,Asymptomatic,Female,<= 120 mg/dl,Normal,No,Flat,Normal,Senior (>=55),Month 5,5,PT-M05-0028,SIMULATED_MONITORING_DATA (EDUCATIONAL_USE_ONLY)
75,0,3,126,560,0.0,2,138,0.0,1.6,2.0,0.0,7.0,0,0,Non-Anginal Pain,Female,<= 120 mg/dl,Left Ventricular Hypertrophy,No,Flat,Reversible Defect,Senior (>=55),Month 5,5,PT-M05-0029,SIMULATED_MONITORING_DATA (EDUCATIONAL_USE_ONLY)
48,1,2,147,254,0.0,2,163,0.0,0.0,1.0,0.0,3.0,0,0,Atypical Angina,Male,<= 120 mg/dl,Left Ventricular Hypertrophy,No,Upsloping,Normal,Younger (<55),Month 5,5,PT-M05-0030,SIMULATED_MONITORING_DATA (EDUCATIONAL_USE_ONLY)
58,1,4,157,348,0.0,0,156,1.0,1.6,1.0,0.0,7.0,1,1,Asymptomatic,Male,<= 120 mg/dl,Normal,Yes,Upsloping,Reversible Defect,Senior (>=55),Month 5,5,PT-M05-0031,SIMULATED_MONITORING_DATA (EDUCATIONAL_USE_ONLY)
58,0,3,146,256,0.0,2,106,0.0,0.0,1.0,0.0,3.0,0,0,Non-Anginal Pain,Female,<= 120 mg/dl,Left Ventricular Hypertrophy,No,Upsloping,Normal,Senior (>=55),Month 5,5,PT-M05-0032,SIMULATED_MONITORING_DATA (EDUCATIONAL_USE_ONLY)
41,1,3,153,292,0.0,1,166,0.0,3.5,3.0,0.0,3.0,0,0,Non-Anginal Pain,Male,<= 120 mg/dl,ST-T Abnormality,No,Downsloping,Normal,Younger (<55),Month 5,5,PT-M05-0033,SIMULATED_MONITORING_DATA (EDUCATIONAL_USE_ONLY)
63,1,2,131,303,0.0,1,123,0.0,0.3,1.0,0.0,7.0,1,1,Atypical Angina,Male,<= 120 mg/dl,ST-T Abnormality,No,Upsloping,Reversible Defect,Senior (>=55),Month 5,5,PT-M05-0034,SIMULATED_MONITORING_DATA (EDUCATIONAL_USE_ONLY)
70,1,2,181,288,0.0,0,104,1.0,0.0,2.0,3.0,6.0,2,1,Atypical Angina,Male,<= 120 mg/dl,Normal,Yes,Flat,Fixed Defect,Senior (>=55),Month 5,5,PT-M05-0035,SIMULATED_MONITORING_DATA (EDUCATIONAL_USE_ONLY)
51,1,3,146,295,0.0,2,159,0.0,0.0,1.0,0.0,3.0,0,0,Non-Anginal Pain,Male,<= 120 mg/dl,Left Ventricular Hypertrophy,No,Upsloping,Normal,Younger (<55),Month 5,5,PT-M05-0036,SIMULATED_MONITORING_DATA (EDUCATIONAL_USE_ONLY)
43,1,3,143,248,0.0,2,148,0.0,2.0,2.0,0.0,3.0,0,0,Non-Anginal Pain,Male,<= 120 mg/dl,Left Ventricular Hypertrophy,No,Flat,Normal,Younger (<55),Month 5,5,PT-M05-0037,SIMULATED_MONITORING_DATA (EDUCATIONAL_USE_ONLY)
52,1,2,151,283,0.0,2,154,0.0,0.2,2.0,0.0,3.0,0,0,Atypical Angina,Male,<= 120 mg/dl,Left Ventricular Hypertrophy,No,Flat,Normal,Younger (<55),Month 5,5,PT-M05-0038,SIMULATED_MONITORING_DATA (EDUCATIONAL_USE_ONLY)
67,1,4,131,309,0.0,0,126,1.0,3.6,2.0,1.0,7.0,2,1,Asymptomatic,Male,<= 120 mg/dl,Normal,Yes,Flat,Reversible Defect,Senior (>=55),Month 5,5,PT-M05-0039,SIMULATED_MONITORING_DATA (EDUCATIONAL_USE_ONLY)
72,1,4,132,298,0.0,2,89,1.0,2.2,3.0,1.0,3.0,3,1,Asymptomatic,Male,<= 120 mg/dl,Left Ventricular Hypertrophy,Yes,Downsloping,Normal,Senior (>=55),Month 5,5,PT-M05-0040,SIMULATED_MONITORING_DATA (EDUCATIONAL_USE_ONLY)
64,1,4,163,346,0.0,2,152,0.0,1.2,2.0,2.0,7.0,2,1,Asymptomatic,Male,<= 120 mg/dl,Left Ventricular Hypertrophy,No,Flat,Reversible Defect,Senior (>=55),Month 5,5,PT-M05-0041,SIMULATED_MONITORING_DATA (EDUCATIONAL_USE_ONLY)
63,1,4,149,306,0.0,2,121,1.0,2.8,2.0,1.0,7.0,1,1,Asymptomatic,Male,<= 120 mg/dl,Left Ventricular Hypertrophy,Yes,Flat,Reversible Defect,Senior (>=55),Month 5,5,PT-M05-0042,SIMULATED_MONITORING_DATA (EDUCATIONAL_USE_ONLY)
52,1,4,127,345,0.0,2,133,0.0,0.0,1.0,1.0,3.0,2,1,Asymptomatic,Male,<= 120 mg/dl,Left Ventricular Hypertrophy,No,Upsloping,Normal,Younger (<55),Month 5,5,PT-M05-0043,SIMULATED_MONITORING_DATA (EDUCATIONAL_USE_ONLY)
65,1,4,132,309,0.0,1,118,1.0,3.6,2.0,1.0,7.0,2,1,Asymptomatic,Male,<= 120 mg/dl,ST-T Abnormality,Yes,Flat,Reversible Defect,Senior (>=55),Month 5,5,PT-M05-0044,SIMULATED_MONITORING_DATA (EDUCATIONAL_USE_ONLY)
42,1,1,157,231,0.0,0,161,1.0,1.4,1.0,0.0,7.0,0,0,Typical Angina,Male,<= 120 mg/dl,Normal,Yes,Upsloping,Reversible Defect,Younger (<55),Month 5,5,PT-M05-0045,SIMULATED_MONITORING_DATA (EDUCATIONAL_USE_ONLY)
46,1,2,158,248,0.0,0,115,0.0,0.0,2.0,0.0,6.0,0,0,Atypical Angina,Male,<= 120 mg/dl,Normal,No,Flat,Fixed Defect,Younger (<55),Month 5,5,PT-M05-0046,SIMULATED_MONITORING_DATA (EDUCATIONAL_USE_ONLY)
63,1,2,160,257,0.0,0,151,1.0,0.0,1.0,0.0,3.0,0,0,Atypical Angina,Male,<= 120 mg/dl,Normal,Yes,Upsloping,Normal,Senior (>=55),Month 5,5,PT-M05-0047,SIMULATED_MONITORING_DATA (EDUCATIONAL_USE_ONLY)
65,0,2,150,407,0.0,1,152,0.0,1.2,1.0,0.0,3.0,0,0,Atypical Angina,Female,<= 120 mg/dl,ST-T Abnormality,No,Upsloping,Normal,Senior (>=55),Month 5,5,PT-M05-0048,SIMULATED_MONITORING_DATA (EDUCATIONAL_USE_ONLY)
77,0,2,184,359,0.0,0,140,0.0,0.4,1.0,2.0,3.0,0,0,Atypical Angina,Female,<= 120 mg/dl,Normal,No,Upsloping,Normal,Senior (>=55),Month 5,5,PT-M05-0049,SIMULATED_MONITORING_DATA (EDUCATIONAL_USE_ONLY)
72,0,3,131,560,0.0,2,139,0.0,1.6,2.0,0.0,7.0,0,0,Non-Anginal Pain,Female,<= 120 mg/dl,Left Ventricular Hypertrophy,No,Flat,Reversible Defect,Senior (>=55),Month 5,5,PT-M05-0050,SIMULATED_MONITORING_DATA (EDUCATIONAL_USE_ONLY)
67,1,4,143,288,0.0,2,86,1.0,2.2,3.0,1.0,3.0,3,1,Asymptomatic,Male,<= 120 mg/dl,Left Ventricular Hypertrophy,Yes,Downsloping,Normal,Senior (>=55),Month 5,5,PT-M05-0051,SIMULATED_MONITORING_DATA (EDUCATIONAL_USE_ONLY)
72,1,4,134,357,0.0,2,128,0.0,0.4,2.0,0.0,3.0,0,0,Asymptomatic,Male,<= 120 mg/dl,Left Ventricular Hypertrophy,No,Flat,Normal,Senior (>=55),Month 5,5,PT-M05-0052,SIMULATED_MONITORING_DATA (EDUCATIONAL_USE_ONLY)
59,1,3,122,207,0.0,0,107,0.0,0.6,1.0,0.0,3.0,0,0,Non-Anginal Pain,Male,<= 120 mg/dl,Normal,No,Upsloping,Normal,Senior (>=55),Month 5,5,PT-M05-0053,SIMULATED_MONITORING_DATA (EDUCATIONAL_USE_ONLY)
65,0,4,193,295,0.0,0,124,1.0,0.0,2.0,0.0,3.0,1,1,Asymptomatic,Female,<= 120 mg/dl,Normal,Yes,Flat,Normal,Senior (>=55),Month 5,5,PT-M05-0054,SIMULATED_MONITORING_DATA (EDUCATIONAL_USE_ONLY)
63,1,4,131,275,1.0,0,146,1.0,1.4,1.0,2.0,7.0,2,1,Asymptomatic,Male,> 120 mg/dl,Normal,Yes,Upsloping,Reversible Defect,Senior (>=55),Month 5,5,PT-M05-0055,SIMULATED_MONITORING_DATA (EDUCATIONAL_USE_ONLY)
64,0,4,110,293,0.0,2,108,0.0,1.0,2.0,0.0,3.0,0,0,Asymptomatic,Female,<= 120 mg/dl,Left Ventricular Hypertrophy,No,Flat,Normal,Senior (>=55),Month 5,5,PT-M05-0056,SIMULATED_MONITORING_DATA (EDUCATIONAL_USE_ONLY)
67,0,3,149,312,0.0,0,85,0.0,1.2,2.0,1.0,7.0,2,1,Non-Anginal Pain,Female,<= 120 mg/dl,Normal,No,Flat,Reversible Defect,Senior (>=55),Month 5,5,PT-M05-0057,SIMULATED_MONITORING_DATA (EDUCATIONAL_USE_ONLY)
66,1,4,148,243,0.0,2,114,1.0,2.4,2.0,2.0,7.0,4,1,Asymptomatic,Male,<= 120 mg/dl,Left Ventricular Hypertrophy,Yes,Flat,Reversible Defect,Senior (>=55),Month 5,5,PT-M05-0058,SIMULATED_MONITORING_DATA (EDUCATIONAL_USE_ONLY)
81,1,4,138,354,0.0,2,145,1.0,0.0,1.0,3.0,3.0,4,1,Asymptomatic,Male,<= 120 mg/dl,Left Ventricular Hypertrophy,Yes,Upsloping,Normal,Senior (>=55),Month 5,5,PT-M05-0059,SIMULATED_MONITORING_DATA (EDUCATIONAL_USE_ONLY)
67,0,2,162,230,0.0,0,156,0.0,0.0,1.0,2.0,3.0,0,0,Atypical Angina,Female,<= 120 mg/dl,Normal,No,Upsloping,Normal,Senior (>=55),Month 5,5,PT-M05-0060,SIMULATED_MONITORING_DATA (EDUCATIONAL_USE_ONLY)
73,1,3,166,303,0.0,1,128,0.0,2.0,2.0,3.0,7.0,2,1,Non-Anginal Pain,Male,<= 120 mg/dl,ST-T Abnormality,No,Flat,Reversible Defect,Senior (>=55),Month 5,5,PT-M05-0061,SIMULATED_MONITORING_DATA (EDUCATIONAL_USE_ONLY)
48,1,4,127,209,0.0,2,137,0.0,0.0,1.0,0.0,7.0,1,1,Asymptomatic,Male,<= 120 mg/dl,Left Ventricular Hypertrophy,No,Upsloping,Reversible Defect,Younger (<55),Month 5,5,PT-M05-0062,SIMULATED_MONITORING_DATA (EDUCATIONAL_USE_ONLY)
62,1,4,120,378,0.0,1,119,0.0,4.4,3.0,3.0,6.0,4,1,Asymptomatic,Male,<= 120 mg/dl,ST-T Abnormality,No,Downsloping,Fixed Defect,Senior (>=55),Month 5,5,PT-M05-0063,SIMULATED_MONITORING_DATA (EDUCATIONAL_USE_ONLY)
52,1,2,133,277,0.0,1,145,0.0,1.0,3.0,0.0,7.0,1,1,Atypical Angina,Male,<= 120 mg/dl,ST-T Abnormality,No,Downsloping,Reversible Defect,Younger (<55),Month 5,5,PT-M05-0064,SIMULATED_MONITORING_DATA (EDUCATIONAL_USE_ONLY)
60,1,2,144,310,0.0,0,123,0.0,0.3,1.0,0.0,7.0,1,1,Atypical Angina,Male,<= 120 mg/dl,Normal,No,Upsloping,Reversible Defect,Senior (>=55),Month 5,5,PT-M05-0065,SIMULATED_MONITORING_DATA (EDUCATIONAL_USE_ONLY)
69,0,4,131,322,0.0,0,148,1.0,1.8,2.0,2.0,3.0,1,1,Asymptomatic,Female,<= 120 mg/dl,Normal,Yes,Flat,Normal,Senior (>=55),Month 5,5,PT-M05-0066,SIMULATED_MONITORING_DATA (EDUCATIONAL_USE_ONLY)
71,0,3,187,429,0.0,2,132,0.0,0.8,1.0,0.0,3.0,0,0,Non-Anginal Pain,Female,<= 120 mg/dl,Left Ventricular Hypertrophy,No,Upsloping,Normal,Senior (>=55),Month 5,5,PT-M05-0067,SIMULATED_MONITORING_DATA (EDUCATIONAL_USE_ONLY)
70,0,3,172,327,0.0,2,133,0.0,0.0,2.0,1.0,3.0,0,0,Non-Anginal Pain,Female,<= 120 mg/dl,Left Ventricular Hypertrophy,No,Flat,Normal,Senior (>=55),Month 5,5,PT-M05-0068,SIMULATED_MONITORING_DATA (EDUCATIONAL_USE_ONLY)
55,1,3,108,271,0.0,0,134,1.0,0.0,1.0,1.0,7.0,0,0,Non-Anginal Pain,Male,<= 120 mg/dl,Normal,Yes,Upsloping,Reversible Defect,Senior (>=55),Month 5,5,PT-M05-0069,SIMULATED_MONITORING_DATA (EDUCATIONAL_USE_ONLY)
65,1,4,141,289,1.0,2,131,1.0,1.2,2.0,1.0,3.0,1,1,Asymptomatic,Male,> 120 mg/dl,Left Ventricular Hypertrophy,Yes,Flat,Normal,Senior (>=55),Month 5,5,PT-M05-0070,SIMULATED_MONITORING_DATA (EDUCATIONAL_USE_ONLY)
59,0,2,157,378,1.0,2,137,0.0,0.0,1.0,2.0,3.0,3,1,Atypical Angina,Female,> 120 mg/dl,Left Ventricular Hypertrophy,No,Upsloping,Normal,Senior (>=55),Month 5,5,PT-M05-0071,SIMULATED_MONITORING_DATA (EDUCATIONAL_USE_ONLY)
52,0,2,117,244,0.0,0,151,0.0,0.0,1.0,0.0,3.0,0,0,Atypical Angina,Female,<= 120 mg/dl,Normal,No,Upsloping,Normal,Younger (<55),Month 5,5,PT-M05-0072,SIMULATED_MONITORING_DATA (EDUCATIONAL_USE_ONLY)
47,0,3,109,240,0.0,0,158,0.0,0.0,1.0,0.0,3.0,0,0,Non-Anginal Pain,Female,<= 120 mg/dl,Normal,No,Upsloping,Normal,Younger (<55),Month 5,5,PT-M05-0073,SIMULATED_MONITORING_DATA (EDUCATIONAL_USE_ONLY)
68,1,2,167,293,0.0,2,125,0.0,0.0,1.0,0.0,3.0,0,0,Atypical Angina,Male,<= 120 mg/dl,Left Ventricular Hypertrophy,No,Upsloping,Normal,Senior (>=55),Month 5,5,PT-M05-0074,SIMULATED_MONITORING_DATA (EDUCATIONAL_USE_ONLY)
71,1,3,143,370,0.0,1,107,1.0,1.8,2.0,0.0,7.0,1,1,Non-Anginal Pain,Male,<= 120 mg/dl,ST-T Abnormality,Yes,Flat,Reversible Defect,Senior (>=55),Month 5,5,PT-M05-0075,SIMULATED_MONITORING_DATA (EDUCATIONAL_USE_ONLY)
71,1,4,142,356,0.0,2,133,0.0,0.4,2.0,0.0,3.0,0,0,Asymptomatic,Male,<= 120 mg/dl,Left Ventricular Hypertrophy,No,Flat,Normal,Senior (>=55),Month 5,5,PT-M05-0076,SIMULATED_MONITORING_DATA (EDUCATIONAL_USE_ONLY)
57,1,3,108,266,0.0,0,136,1.0,0.0,1.0,1.0,7.0,0,0,Non-Anginal Pain,Male,<= 120 mg/dl,Normal,Yes,Upsloping,Reversible Defect,Senior (>=55),Month 5,5,PT-M05-0077,SIMULATED_MONITORING_DATA (EDUCATIONAL_USE_ONLY)
68,1,4,144,289,0.0,1,80,1.0,2.2,3.0,1.0,3.0,3,1,Asymptomatic,Male,<= 120 mg/dl,ST-T Abnormality,Yes,Downsloping,Normal,Senior (>=55),Month 5,5,PT-M05-0078,SIMULATED_MONITORING_DATA (EDUCATIONAL_USE_ONLY)
71,1,4,164,251,0.0,2,118,0.0,2.0,2.0,2.0,6.0,4,1,Asymptomatic,Male,<= 120 mg/dl,Left Ventricular Hypertrophy,No,Flat,Fixed Defect,Senior (>=55),Month 5,5,PT-M05-0079,SIMULATED_MONITORING_DATA (EDUCATIONAL_USE_ONLY)
70,1,4,141,281,0.0,2,84,1.0,2.2,3.0,1.0,3.0,3,1,Asymptomatic,Male,<= 120 mg/dl,Left Ventricular Hypertrophy,Yes,Downsloping,Normal,Senior (>=55),Month 5,5,PT-M05-0080,SIMULATED_MONITORING_DATA (EDUCATIONAL_USE_ONLY)
68,0,4,138,239,0.0,0,121,1.0,0.0,2.0,0.0,3.0,1,1,Asymptomatic,Female,<= 120 mg/dl,Normal,Yes,Flat,Normal,Senior (>=55),Month 5,5,PT-M05-0081,SIMULATED_MONITORING_DATA (EDUCATIONAL_USE_ONLY)
65,0,4,163,465,0.0,2,137,0.0,1.2,2.0,0.0,3.0,0,0,Asymptomatic,Female,<= 120 mg/dl,Left Ventricular Hypertrophy,No,Flat,Normal,Senior (>=55),Month 5,5,PT-M05-0082,SIMULATED_MONITORING_DATA (EDUCATIONAL_USE_ONLY)
50,0,2,145,359,0.0,0,147,0.0,0.0,1.0,0.0,3.0,0,0,Atypical Angina,Female,<= 120 mg/dl,Normal,No,Upsloping,Normal,Younger (<55),Month 5,5,PT-M05-0083,SIMULATED_MONITORING_DATA (EDUCATIONAL_USE_ONLY)
55,0,3,136,246,0.0,0,140,0.0,1.6,2.0,0.0,3.0,0,0,Non-Anginal Pain,Female,<= 120 mg/dl,Normal,No,Flat,Normal,Senior (>=55),Month 5,5,PT-M05-0084,SIMULATED_MONITORING_DATA (EDUCATIONAL_USE_ONLY)
68,1,3,109,283,0.0,2,139,1.0,0.6,2.0,0.0,7.0,0,0,Non-Anginal Pain,Male,<= 120 mg/dl,Left Ventricular Hypertrophy,Yes,Flat,Reversible Defect,Senior (>=55),Month 5,5,PT-M05-0085,SIMULATED_MONITORING_DATA (EDUCATIONAL_USE_ONLY)
51,1,4,154,371,0.0,1,113,1.0,1.8,2.0,0.0,6.0,2,1,Asymptomatic,Male,<= 120 mg/dl,ST-T Abnormality,Yes,Flat,Fixed Defect,Younger (<55),Month 5,5,PT-M05-0086,SIMULATED_MONITORING_DATA (EDUCATIONAL_USE_ONLY)
72,0,4,129,171,0.0,0,107,0.0,1.6,2.0,0.0,3.0,0,0,Asymptomatic,Female,<= 120 mg/dl,Normal,No,Flat,Normal,Senior (>=55),Month 5,5,PT-M05-0087,SIMULATED_MONITORING_DATA (EDUCATIONAL_USE_ONLY)
63,1,4,197,381,0.0,2,121,1.0,3.4,3.0,0.0,7.0,2,1,Asymptomatic,Male,<= 120 mg/dl,Left Ventricular Hypertrophy,Yes,Downsloping,Reversible Defect,Senior (>=55),Month 5,5,PT-M05-0088,SIMULATED_MONITORING_DATA (EDUCATIONAL_USE_ONLY)
66,1,4,154,389,1.0,2,118,1.0,1.8,1.0,3.0,7.0,3,1,Asymptomatic,Male,> 120 mg/dl,Left Ventricular Hypertrophy,Yes,Upsloping,Reversible Defect,Senior (>=55),Month 5,5,PT-M05-0089,SIMULATED_MONITORING_DATA (EDUCATIONAL_USE_ONLY)
65,1,4,168,343,0.0,2,149,0.0,1.2,2.0,2.0,7.0,2,1,Asymptomatic,Male,<= 120 mg/dl,Left Ventricular Hypertrophy,No,Flat,Reversible Defect,Senior (>=55),Month 5,5,PT-M05-0090,SIMULATED_MONITORING_DATA (EDUCATIONAL_USE_ONLY)
65,0,4,185,363,0.0,2,141,0.0,0.0,1.0,0.0,3.0,1,1,Asymptomatic,Female,<= 120 mg/dl,Left Ventricular Hypertrophy,No,Upsloping,Normal,Senior (>=55),Month 5,5,PT-M05-0091,SIMULATED_MONITORING_DATA (EDUCATIONAL_USE_ONLY)
64,1,1,192,336,0.0,2,144,0.0,0.2,2.0,0.0,7.0,1,1,Typical Angina,Male,<= 120 mg/dl,Left Ventricular Hypertrophy,No,Flat,Reversible Defect,Senior (>=55),Month 5,5,PT-M05-0092,SIMULATED_MONITORING_DATA (EDUCATIONAL_USE_ONLY)
84,1,4,141,359,0.0,2,142,1.0,0.0,1.0,3.0,3.0,4,1,Asymptomatic,Male,<= 120 mg/dl,Left Ventricular Hypertrophy,Yes,Upsloping,Normal,Senior (>=55),Month 5,5,PT-M05-0093,SIMULATED_MONITORING_DATA (EDUCATIONAL_USE_ONLY)
78,1,3,185,323,0.0,0,96,1.0,2.9,2.0,1.0,7.0,3,1,Non-Anginal Pain,Male,<= 120 mg/dl,Normal,Yes,Flat,Reversible Defect,Senior (>=55),Month 5,5,PT-M05-0094,SIMULATED_MONITORING_DATA (EDUCATIONAL_USE_ONLY)
70,0,3,156,297,0.0,2,149,0.0,0.0,1.0,0.0,3.0,0,0,Non-Anginal Pain,Female,<= 120 mg/dl,Left Ventricular Hypertrophy,No,Upsloping,Normal,Senior (>=55),Month 5,5,PT-M05-0095,SIMULATED_MONITORING_DATA (EDUCATIONAL_USE_ONLY)
68,0,4,155,359,0.0,0,114,0.0,2.0,2.0,2.0,3.0,0,0,Asymptomatic,Female,<= 120 mg/dl,Normal,No,Flat,Normal,Senior (>=55),Month 5,5,PT-M05-0096,SIMULATED_MONITORING_DATA (EDUCATIONAL_USE_ONLY)
67,1,4,156,312,0.0,0,92,1.0,0.2,2.0,1.0,7.0,0,0,Asymptomatic,Male,<= 120 mg/dl,Normal,Yes,Flat,Reversible Defect,Senior (>=55),Month 5,5,PT-M05-0097,SIMULATED_MONITORING_DATA (EDUCATIONAL_USE_ONLY)
64,1,1,203,340,0.0,2,136,0.0,0.2,2.0,0.0,7.0,1,1,Typical Angina,Male,<= 120 mg/dl,Left Ventricular Hypertrophy,No,Flat,Reversible Defect,Senior (>=55),Month 5,5,PT-M05-0098,SIMULATED_MONITORING_DATA (EDUCATIONAL_USE_ONLY)
57,0,3,143,348,0.0,2,133,0.0,0.6,1.0,0.0,3.0,0,0,Non-Anginal Pain,Female,<= 120 mg/dl,Left Ventricular Hypertrophy,No,Upsloping,Normal,Senior (>=55),Month 5,5,PT-M05-0099,SIMULATED_MONITORING_DATA (EDUCATIONAL_USE_ONLY)
74,1,3,162,297,0.0,2,127,0.0,2.0,2.0,3.0,7.0,2,1,Non-Anginal Pain,Male,<= 120 mg/dl,Left Ventricular Hypertrophy,No,Flat,Reversible Defect,Senior (>=55),Month 5,5,PT-M05-0100,SIMULATED_MONITORING_DATA (EDUCATIONAL_USE_ONLY)
62,1,4,165,346,0.0,2,149,0.0,1.2,2.0,2.0,7.0,2,1,Asymptomatic,Male,<= 120 mg/dl,Left Ventricular Hypertrophy,No,Flat,Reversible Defect,Senior (>=55),Month 5,5,PT-M05-0101,SIMULATED_MONITORING_DATA (EDUCATIONAL_USE_ONLY)
58,0,3,162,230,0.0,2,152,0.0,0.1,2.0,0.0,3.0,0,0,Non-Anginal Pain,Female,<= 120 mg/dl,Left Ventricular Hypertrophy,No,Flat,Normal,Senior (>=55),Month 5,5,PT-M05-0102,SIMULATED_MONITORING_DATA (EDUCATIONAL_USE_ONLY)
67,0,3,153,305,0.0,2,154,0.0,0.0,1.0,0.0,3.0,0,0,Non-Anginal Pain,Female,<= 120 mg/dl,Left Ventricular Hypertrophy,No,Upsloping,Normal,Senior (>=55),Month 5,5,PT-M05-0103,SIMULATED_MONITORING_DATA (EDUCATIONAL_USE_ONLY)
61,1,4,157,231,0.0,0,130,0.0,0.4,2.0,0.0,6.0,0,0,Asymptomatic,Male,<= 120 mg/dl,Normal,No,Flat,Fixed Defect,Senior (>=55),Month 5,5,PT-M05-0104,SIMULATED_MONITORING_DATA (EDUCATIONAL_USE_ONLY)
54,1,3,131,169,0.0,2,110,0.0,0.8,1.0,3.0,3.0,1,1,Non-Anginal Pain,Male,<= 120 mg/dl,Left Ventricular Hypertrophy,No,Upsloping,Normal,Younger (<55),Month 5,5,PT-M05-0105,SIMULATED_MONITORING_DATA (EDUCATIONAL_USE_ONLY)
59,1,4,122,236,0.0,2,96,1.0,0.0,2.0,1.0,3.0,3,1,Asymptomatic,Male,<= 120 mg/dl,Left Ventricular Hypertrophy,Yes,Flat,Normal,Senior (>=55),Month 5,5,PT-M05-0106,SIMULATED_MONITORING_DATA (EDUCATIONAL_USE_ONLY)
43,1,3,154,378,0.0,2,155,0.0,0.0,1.0,0.0,3.0,0,0,Non-Anginal Pain,Male,<= 120 mg/dl,Left Ventricular Hypertrophy,No,Upsloping,Normal,Younger (<55),Month 5,5,PT-M05-0107,SIMULATED_MONITORING_DATA (EDUCATIONAL_USE_ONLY)
57,0,2,155,293,0.0,2,148,0.0,1.4,2.0,0.0,3.0,0,0,Atypical Angina,Female,<= 120 mg/dl,Left Ventricular Hypertrophy,No,Flat,Normal,Senior (>=55),Month 5,5,PT-M05-0108,SIMULATED_MONITORING_DATA (EDUCATIONAL_USE_ONLY)
68,1,4,144,388,1.0,2,118,1.0,1.8,1.0,3.0,7.0,3,1,Asymptomatic,Male,> 120 mg/dl,Left Ventricular Hypertrophy,Yes,Upsloping,Reversible Defect,Senior (>=55),Month 5,5,PT-M05-0109,SIMULATED_MONITORING_DATA (EDUCATIONAL_USE_ONLY)
64,1,4,127,378,0.0,1,126,0.0,4.4,3.0,3.0,6.0,4,1,Asymptomatic,Male,<= 120 mg/dl,ST-T Abnormality,No,Downsloping,Fixed Defect,Senior (>=55),Month 5,5,PT-M05-0110,SIMULATED_MONITORING_DATA (EDUCATIONAL_USE_ONLY)
55,1,3,140,223,0.0,0,119,0.0,2.0,2.0,3.0,7.0,3,1,Non-Anginal Pain,Male,<= 120 mg/dl,Normal,No,Flat,Reversible Defect,Senior (>=55),Month 5,5,PT-M05-0111,SIMULATED_MONITORING_DATA (EDUCATIONAL_USE_ONLY)
55,1,2,126,272,0.0,1,152,0.0,1.0,3.0,0.0,7.0,1,1,Atypical Angina,Male,<= 120 mg/dl,ST-T Abnormality,No,Downsloping,Reversible Defect,Senior (>=55),Month 5,5,PT-M05-0112,SIMULATED_MONITORING_DATA (EDUCATIONAL_USE_ONLY)
71,1,4,184,345,0.0,2,94,1.0,1.5,2.0,3.0,3.0,2,1,Asymptomatic,Male,<= 120 mg/dl,Left Ventricular Hypertrophy,Yes,Flat,Normal,Senior (>=55),Month 5,5,PT-M05-0113,SIMULATED_MONITORING_DATA (EDUCATIONAL_USE_ONLY)
59,1,4,179,316,0.0,0,75,1.0,1.2,2.0,1.0,7.0,1,1,Asymptomatic,Male,<= 120 mg/dl,Normal,Yes,Flat,Reversible Defect,Senior (>=55),Month 5,5,PT-M05-0114,SIMULATED_MONITORING_DATA (EDUCATIONAL_USE_ONLY)
76,0,3,129,313,1.0,2,114,0.0,0.0,1.0,1.0,3.0,0,0,Non-Anginal Pain,Female,> 120 mg/dl,Left Ventricular Hypertrophy,No,Upsloping,Normal,Senior (>=55),Month 5,5,PT-M05-0115,SIMULATED_MONITORING_DATA (EDUCATIONAL_USE_ONLY)
56,1,2,152,239,1.0,0,162,0.0,0.0,1.0,0.0,3.0,0,0,Atypical Angina,Male,> 120 mg/dl,Normal,No,Upsloping,Normal,Senior (>=55),Month 5,5,PT-M05-0116,SIMULATED_MONITORING_DATA (EDUCATIONAL_USE_ONLY)
63,1,4,187,215,1.0,2,76,0.0,1.0,2.0,2.0,6.0,3,1,Asymptomatic,Male,> 120 mg/dl,Left Ventricular Hypertrophy,No,Flat,Fixed Defect,Senior (>=55),Month 5,5,PT-M05-0117,SIMULATED_MONITORING_DATA (EDUCATIONAL_USE_ONLY)
56,1,1,149,240,0.0,2,107,1.0,1.4,1.0,1.0,3.0,0,0,Typical Angina,Male,<= 120 mg/dl,Left Ventricular Hypertrophy,Yes,Upsloping,Normal,Senior (>=55),Month 5,5,PT-M05-0118,SIMULATED_MONITORING_DATA (EDUCATIONAL_USE_ONLY)
64,0,4,172,294,0.0,2,135,0.0,2.6,2.0,2.0,7.0,3,1,Asymptomatic,Female,<= 120 mg/dl,Left Ventricular Hypertrophy,No,Flat,Reversible Defect,Senior (>=55),Month 5,5,PT-M05-0119,SIMULATED_MONITORING_DATA (EDUCATIONAL_USE_ONLY)
65,1,4,160,222,0.0,2,124,1.0,4.0,1.0,2.0,7.0,2,1,Asymptomatic,Male,<= 120 mg/dl,Left Ventricular Hypertrophy,Yes,Upsloping,Reversible Defect,Senior (>=55),Month 5,5,PT-M05-0120,SIMULATED_MONITORING_DATA (EDUCATIONAL_USE_ONLY)
68,0,3,165,375,0.0,0,116,0.0,0.2,1.0,0.0,7.0,0,0,Non-Anginal Pain,Female,<= 120 mg/dl,Normal,No,Upsloping,Reversible Defect,Senior (>=55),Month 5,5,PT-M05-0121,SIMULATED_MONITORING_DATA (EDUCATIONAL_USE_ONLY)
52,0,4,154,291,0.0,2,130,1.0,0.0,2.0,0.0,3.0,0,0,Asymptomatic,Female,<= 120 mg/dl,Left Ventricular Hypertrophy,Yes,Flat,Normal,Younger (<55),Month 5,5,PT-M05-0122,SIMULATED_MONITORING_DATA (EDUCATIONAL_USE_ONLY)
64,1,2,145,331,0.0,2,139,0.0,1.8,2.0,0.0,3.0,1,1,Atypical Angina,Male,<= 120 mg/dl,Left Ventricular Hypertrophy,No,Flat,Normal,Senior (>=55),Month 5,5,PT-M05-0123,SIMULATED_MONITORING_DATA (EDUCATIONAL_USE_ONLY)
62,1,2,136,286,0.0,0,160,0.0,0.8,1.0,0.0,3.0,0,0,Atypical Angina,Male,<= 120 mg/dl,Normal,No,Upsloping,Normal,Senior (>=55),Month 5,5,PT-M05-0124,SIMULATED_MONITORING_DATA (EDUCATIONAL_USE_ONLY)
59,1,3,143,226,1.0,2,136,0.0,1.2,3.0,0.0,3.0,0,0,Non-Anginal Pain,Male,> 120 mg/dl,Left Ventricular Hypertrophy,No,Downsloping,Normal,Senior (>=55),Month 5,5,PT-M05-0125,SIMULATED_MONITORING_DATA (EDUCATIONAL_USE_ONLY)
62,1,4,162,233,0.0,0,127,0.0,0.4,2.0,0.0,6.0,0,0,Asymptomatic,Male,<= 120 mg/dl,Normal,No,Flat,Fixed Defect,Senior (>=55),Month 5,5,PT-M05-0126,SIMULATED_MONITORING_DATA (EDUCATIONAL_USE_ONLY)
65,1,1,181,317,0.0,2,113,0.0,0.0,1.0,0.0,3.0,1,1,Typical Angina,Male,<= 120 mg/dl,Left Ventricular Hypertrophy,No,Upsloping,Normal,Senior (>=55),Month 5,5,PT-M05-0127,SIMULATED_MONITORING_DATA (EDUCATIONAL_USE_ONLY)
82,1,4,151,357,0.0,2,137,1.0,0.0,1.0,3.0,3.0,4,1,Asymptomatic,Male,<= 120 mg/dl,Left Ventricular Hypertrophy,Yes,Upsloping,Normal,Senior (>=55),Month 5,5,PT-M05-0128,SIMULATED_MONITORING_DATA (EDUCATIONAL_USE_ONLY)
65,0,4,178,363,0.0,2,149,0.0,0.0,1.0,0.0,3.0,1,1,Asymptomatic,Female,<= 120 mg/dl,Left Ventricular Hypertrophy,No,Upsloping,Normal,Senior (>=55),Month 5,5,PT-M05-0129,SIMULATED_MONITORING_DATA (EDUCATIONAL_USE_ONLY)
64,0,4,149,382,0.0,2,153,0.0,0.0,1.0,0.0,3.0,1,1,Asymptomatic,Female,<= 120 mg/dl,Left Ventricular Hypertrophy,No,Upsloping,Normal,Senior (>=55),Month 5,5,PT-M05-0130,SIMULATED_MONITORING_DATA (EDUCATIONAL_USE_ONLY)
72,0,3,125,560,0.0,2,139,0.0,1.6,2.0,0.0,7.0,0,0,Non-Anginal Pain,Female,<= 120 mg/dl,Left Ventricular Hypertrophy,No,Flat,Reversible Defect,Senior (>=55),Month 5,5,PT-M05-0131,SIMULATED_MONITORING_DATA (EDUCATIONAL_USE_ONLY)
48,1,4,158,370,0.0,0,111,1.0,1.8,2.0,0.0,6.0,2,1,Asymptomatic,Male,<= 120 mg/dl,Normal,Yes,Flat,Fixed Defect,Younger (<55),Month 5,5,PT-M05-0132,SIMULATED_MONITORING_DATA (EDUCATIONAL_USE_ONLY)
65,1,3,168,251,1.0,0,134,0.0,1.6,1.0,0.0,3.0,0,0,Non-Anginal Pain,Male,> 120 mg/dl,Normal,No,Upsloping,Normal,Senior (>=55),Month 5,5,PT-M05-0133,SIMULATED_MONITORING_DATA (EDUCATIONAL_USE_ONLY)
54,0,3,158,237,0.0,2,149,0.0,0.1,2.0,0.0,3.0,0,0,Non-Anginal Pain,Female,<= 120 mg/dl,Left Ventricular Hypertrophy,No,Flat,Normal,Younger (<55),Month 5,5,PT-M05-0134,SIMULATED_MONITORING_DATA (EDUCATIONAL_USE_ONLY)
70,0,3,181,421,0.0,2,132,0.0,0.8,1.0,0.0,3.0,0,0,Non-Anginal Pain,Female,<= 120 mg/dl,Left Ventricular Hypertrophy,No,Upsloping,Normal,Senior (>=55),Month 5,5,PT-M05-0135,SIMULATED_MONITORING_DATA (EDUCATIONAL_USE_ONLY)
58,1,4,140,339,1.0,2,88,1.0,1.6,3.0,0.0,7.0,2,1,Asymptomatic,Male,> 120 mg/dl,Left Ventricular Hypertrophy,Yes,Downsloping,Reversible Defect,Senior (>=55),Month 5,5,PT-M05-0136,SIMULATED_MONITORING_DATA (EDUCATIONAL_USE_ONLY)
64,1,1,203,327,0.0,2,126,0.0,4.2,3.0,0.0,7.0,0,0,Typical Angina,Male,<= 120 mg/dl,Left Ventricular Hypertrophy,No,Downsloping,Reversible Defect,Senior (>=55),Month 5,5,PT-M05-0137,SIMULATED_MONITORING_DATA (EDUCATIONAL_USE_ONLY)
61,1,4,188,338,1.0,2,107,0.0,1.0,2.0,3.0,7.0,4,1,Asymptomatic,Male,> 120 mg/dl,Left Ventricular Hypertrophy,No,Flat,Reversible Defect,Senior (>=55),Month 5,5,PT-M05-0138,SIMULATED_MONITORING_DATA (EDUCATIONAL_USE_ONLY)
65,1,4,192,348,1.0,1,106,0.0,1.0,2.0,3.0,7.0,4,1,Asymptomatic,Male,> 120 mg/dl,ST-T Abnormality,No,Flat,Reversible Defect,Senior (>=55),Month 5,5,PT-M05-0139,SIMULATED_MONITORING_DATA (EDUCATIONAL_USE_ONLY)
59,1,4,132,234,0.0,2,92,1.0,0.0,2.0,1.0,3.0,3,1,Asymptomatic,Male,<= 120 mg/dl,Left Ventricular Hypertrophy,Yes,Flat,Normal,Senior (>=55),Month 5,5,PT-M05-0140,SIMULATED_MONITORING_DATA (EDUCATIONAL_USE_ONLY)
62,0,4,213,388,0.0,1,99,1.0,3.4,2.0,0.0,3.0,2,1,Asymptomatic,Female,<= 120 mg/dl,ST-T Abnormality,Yes,Flat,Normal,Senior (>=55),Month 5,5,PT-M05-0141,SIMULATED_MONITORING_DATA (EDUCATIONAL_USE_ONLY)
52,1,4,174,285,0.0,0,153,0.0,1.5,1.0,0.0,3.0,0,0,Asymptomatic,Male,<= 120 mg/dl,Normal,No,Upsloping,Normal,Younger (<55),Month 5,5,PT-M05-0142,SIMULATED_MONITORING_DATA (EDUCATIONAL_USE_ONLY)
47,1,3,161,282,0.0,2,156,0.0,0.0,1.0,0.0,3.0,0,0,Non-Anginal Pain,Male,<= 120 mg/dl,Left Ventricular Hypertrophy,No,Upsloping,Normal,Younger (<55),Month 5,5,PT-M05-0143,SIMULATED_MONITORING_DATA (EDUCATIONAL_USE_ONLY)
59,1,3,142,237,1.0,1,130,0.0,1.2,3.0,0.0,3.0,0,0,Non-Anginal Pain,Male,> 120 mg/dl,ST-T Abnormality,No,Downsloping,Normal,Senior (>=55),Month 5,5,PT-M05-0144,SIMULATED_MONITORING_DATA (EDUCATIONAL_USE_ONLY)
67,1,4,138,301,0.0,2,87,1.0,2.2,3.0,1.0,3.0,3,1,Asymptomatic,Male,<= 120 mg/dl,Left Ventricular Hypertrophy,Yes,Downsloping,Normal,Senior (>=55),Month 5,5,PT-M05-0145,SIMULATED_MONITORING_DATA (EDUCATIONAL_USE_ONLY)
56,1,4,165,243,0.0,2,112,1.0,0.9,2.0,0.0,7.0,3,1,Asymptomatic,Male,<= 120 mg/dl,Left Ventricular Hypertrophy,Yes,Flat,Reversible Defect,Senior (>=55),Month 5,5,PT-M05-0146,SIMULATED_MONITORING_DATA (EDUCATIONAL_USE_ONLY)
60,0,3,136,347,0.0,2,141,0.0,0.6,1.0,0.0,3.0,0,0,Non-Anginal Pain,Female,<= 120 mg/dl,Left Ventricular Hypertrophy,No,Upsloping,Normal,Senior (>=55),Month 5,5,PT-M05-0147,SIMULATED_MONITORING_DATA (EDUCATIONAL_USE_ONLY)
61,1,4,128,390,0.0,0,129,1.0,3.0,2.0,1.0,7.0,2,1,Asymptomatic,Male,<= 120 mg/dl,Normal,Yes,Flat,Reversible Defect,Senior (>=55),Month 5,5,PT-M05-0148,SIMULATED_MONITORING_DATA (EDUCATIONAL_USE_ONLY)
71,1,3,210,326,1.0,2,138,1.0,1.6,2.0,0.0,7.0,3,1,Non-Anginal Pain,Male,> 120 mg/dl,Left Ventricular Hypertrophy,Yes,Flat,Reversible Defect,Senior (>=55),Month 5,5,PT-M05-0149,SIMULATED_MONITORING_DATA (EDUCATIONAL_USE_ONLY)
54,0,2,149,319,0.0,0,142,0.0,0.0,2.0,0.0,3.0,0,0,Atypical Angina,Female,<= 120 mg/dl,Normal,No,Flat,Normal,Younger (<55),Month 5,5,PT-M05-0150,SIMULATED_MONITORING_DATA (EDUCATIONAL_USE_ONLY)
72,0,4,120,325,0.0,0,144,1.0,1.8,2.0,2.0,3.0,1,1,Asymptomatic,Female,<= 120 mg/dl,Normal,Yes,Flat,Normal,Senior (>=55),Month 5,5,PT-M05-0151,SIMULATED_MONITORING_DATA (EDUCATIONAL_USE_ONLY)
78,0,2,182,346,0.0,0,143,0.0,0.4,1.0,2.0,3.0,0,0,Atypical Angina,Female,<= 120 mg/dl,Normal,No,Upsloping,Normal,Senior (>=55),Month 5,5,PT-M05-0152,SIMULATED_MONITORING_DATA (EDUCATIONAL_USE_ONLY)
73,1,3,180,328,0.0,0,97,1.0,2.9,2.0,1.0,7.0,3,1,Non-Anginal Pain,Male,<= 120 mg/dl,Normal,Yes,Flat,Reversible Defect,Senior (>=55),Month 5,5,PT-M05-0153,SIMULATED_MONITORING_DATA (EDUCATIONAL_USE_ONLY)
66,1,4,136,357,0.0,2,148,0.0,0.0,1.0,2.0,7.0,1,1,Asymptomatic,Male,<= 120 mg/dl,Left Ventricular Hypertrophy,No,Upsloping,Reversible Defect,Senior (>=55),Month 5,5,PT-M05-0154,SIMULATED_MONITORING_DATA (EDUCATIONAL_USE_ONLY)
64,1,4,133,311,0.0,0,87,1.0,1.8,2.0,2.0,7.0,1,1,Asymptomatic,Male,<= 120 mg/dl,Normal,Yes,Flat,Reversible Defect,Senior (>=55),Month 5,5,PT-M05-0155,SIMULATED_MONITORING_DATA (EDUCATIONAL_USE_ONLY)
62,0,3,141,259,0.0,2,104,0.0,0.0,1.0,0.0,3.0,0,0,Non-Anginal Pain,Female,<= 120 mg/dl,Left Ventricular Hypertrophy,No,Upsloping,Normal,Senior (>=55),Month 5,5,PT-M05-0156,SIMULATED_MONITORING_DATA (EDUCATIONAL_USE_ONLY)
75,0,3,142,255,0.0,2,99,0.0,1.5,2.0,0.0,3.0,0,0,Non-Anginal Pain,Female,<= 120 mg/dl,Left Ventricular Hypertrophy,No,Flat,Normal,Senior (>=55),Month 5,5,PT-M05-0157,SIMULATED_MONITORING_DATA (EDUCATIONAL_USE_ONLY)
63,1,2,130,365,0.0,0,141,0.0,0.0,1.0,0.0,7.0,0,0,Atypical Angina,Male,<= 120 mg/dl,Normal,No,Upsloping,Reversible Defect,Senior (>=55),Month 5,5,PT-M05-0158,SIMULATED_MONITORING_DATA (EDUCATIONAL_USE_ONLY)
62,0,4,167,296,0.0,2,135,0.0,2.6,2.0,2.0,7.0,3,1,Asymptomatic,Female,<= 120 mg/dl,Left Ventricular Hypertrophy,No,Flat,Reversible Defect,Senior (>=55),Month 5,5,PT-M05-0159,SIMULATED_MONITORING_DATA (EDUCATIONAL_USE_ONLY)
61,0,4,155,481,0.0,2,131,1.0,1.9,2.0,2.0,7.0,2,1,Asymptomatic,Female,<= 120 mg/dl,Left Ventricular Hypertrophy,Yes,Flat,Reversible Defect,Senior (>=55),Month 5,5,PT-M05-0160,SIMULATED_MONITORING_DATA (EDUCATIONAL_USE_ONLY)
67,0,4,163,321,0.0,2,142,0.0,3.6,3.0,2.0,3.0,3,1,Asymptomatic,Female,<= 120 mg/dl,Left Ventricular Hypertrophy,No,Downsloping,Normal,Senior (>=55),Month 5,5,PT-M05-0161,SIMULATED_MONITORING_DATA (EDUCATIONAL_USE_ONLY)
62,1,4,154,211,0.0,0,141,1.0,0.0,1.0,1.0,7.0,2,1,Asymptomatic,Male,<= 120 mg/dl,Normal,Yes,Upsloping,Reversible Defect,Senior (>=55),Month 5,5,PT-M05-0162,SIMULATED_MONITORING_DATA (EDUCATIONAL_USE_ONLY)
46,1,4,126,232,0.0,2,150,0.0,0.0,1.0,1.0,3.0,1,1,Asymptomatic,Male,<= 120 mg/dl,Left Ventricular Hypertrophy,No,Upsloping,Normal,Younger (<55),Month 5,5,PT-M05-0163,SIMULATED_MONITORING_DATA (EDUCATIONAL_USE_ONLY)
62,1,1,147,234,0.0,2,145,0.0,1.9,2.0,0.0,7.0,0,0,Typical Angina,Male,<= 120 mg/dl,Left Ventricular Hypertrophy,No,Flat,Reversible Defect,Senior (>=55),Month 5,5,PT-M05-0164,SIMULATED_MONITORING_DATA (EDUCATIONAL_USE_ONLY)
69,1,4,151,393,1.0,1,114,1.0,1.8,1.0,3.0,7.0,3,1,Asymptomatic,Male,> 120 mg/dl,ST-T Abnormality,Yes,Upsloping,Reversible Defect,Senior (>=55),Month 5,5,PT-M05-0165,SIMULATED_MONITORING_DATA (EDUCATIONAL_USE_ONLY)
67,1,4,159,213,0.0,0,145,1.0,0.0,1.0,1.0,7.0,2,1,Asymptomatic,Male,<= 120 mg/dl,Normal,Yes,Upsloping,Reversible Defect,Senior (>=55),Month 5,5,PT-M05-0166,SIMULATED_MONITORING_DATA (EDUCATIONAL_USE_ONLY)
64,1,4,157,344,0.0,2,146,0.0,1.2,2.0,2.0,7.0,2,1,Asymptomatic,Male,<= 120 mg/dl,Left Ventricular Hypertrophy,No,Flat,Reversible Defect,Senior (>=55),Month 5,5,PT-M05-0167,SIMULATED_MONITORING_DATA (EDUCATIONAL_USE_ONLY)
62,1,4,165,321,0.0,0,74,1.0,1.2,2.0,1.0,7.0,1,1,Asymptomatic,Male,<= 120 mg/dl,Normal,Yes,Flat,Reversible Defect,Senior (>=55),Month 5,5,PT-M05-0168,SIMULATED_MONITORING_DATA (EDUCATIONAL_USE_ONLY)
64,0,4,159,338,1.0,1,96,0.0,1.9,2.0,3.0,3.0,2,1,Asymptomatic,Female,> 120 mg/dl,ST-T Abnormality,No,Flat,Normal,Senior (>=55),Month 5,5,PT-M05-0169,SIMULATED_MONITORING_DATA (EDUCATIONAL_USE_ONLY)
63,0,4,154,241,0.0,1,115,1.0,2.0,2.0,1.0,7.0,3,1,Asymptomatic,Female,<= 120 mg/dl,ST-T Abnormality,Yes,Flat,Reversible Defect,Senior (>=55),Month 5,5,PT-M05-0170,SIMULATED_MONITORING_DATA (EDUCATIONAL_USE_ONLY)
55,0,2,134,293,0.0,0,141,0.0,1.1,1.0,0.0,3.0,0,0,Atypical Angina,Female,<= 120 mg/dl,Normal,No,Upsloping,Normal,Senior (>=55),Month 5,5,PT-M05-0171,SIMULATED_MONITORING_DATA (EDUCATIONAL_USE_ONLY)
54,1,2,118,269,0.0,0,149,0.0,1.0,3.0,0.0,7.0,1,1,Atypical Angina,Male,<= 120 mg/dl,Normal,No,Downsloping,Reversible Defect,Younger (<55),Month 5,5,PT-M05-0172,SIMULATED_MONITORING_DATA (EDUCATIONAL_USE_ONLY)
48,1,2,123,280,0.0,0,132,0.0,0.0,1.0,0.0,3.0,0,0,Atypical Angina,Male,<= 120 mg/dl,Normal,No,Upsloping,Normal,Younger (<55),Month 5,5,PT-M05-0173,SIMULATED_MONITORING_DATA (EDUCATIONAL_USE_ONLY)
62,0,3,127,321,0.0,2,147,0.0,0.0,1.0,0.0,3.0,0,0,Non-Anginal Pain,Female,<= 120 mg/dl,Left Ventricular Hypertrophy,No,Upsloping,Normal,Senior (>=55),Month 5,5,PT-M05-0174,SIMULATED_MONITORING_DATA (EDUCATIONAL_USE_ONLY)
68,0,3,181,427,0.0,2,133,0.0,0.8,1.0,0.0,3.0,0,0,Non-Anginal Pain,Female,<= 120 mg/dl,Left Ventricular Hypertrophy,No,Upsloping,Normal,Senior (>=55),Month 5,5,PT-M05-0175,SIMULATED_MONITORING_DATA (EDUCATIONAL_USE_ONLY)
61,0,4,143,244,0.0,1,113,1.0,2.0,2.0,1.0,7.0,3,1,Asymptomatic,Female,<= 120 mg/dl,ST-T Abnormality,Yes,Flat,Reversible Defect,Senior (>=55),Month 5,5,PT-M05-0176,SIMULATED_MONITORING_DATA (EDUCATIONAL_USE_ONLY)
70,1,4,137,202,0.0,0,121,0.0,0.4,1.0,0.0,7.0,0,0,Asymptomatic,Male,<= 120 mg/dl,Normal,No,Upsloping,Reversible Defect,Senior (>=55),Month 5,5,PT-M05-0177,SIMULATED_MONITORING_DATA (EDUCATIONAL_USE_ONLY)
63,1,2,215,332,0.0,2,172,0.0,0.0,1.0,1.0,7.0,1,1,Atypical Angina,Male,<= 120 mg/dl,Left Ventricular Hypertrophy,No,Upsloping,Reversible Defect,Senior (>=55),Month 5,5,PT-M05-0178,SIMULATED_MONITORING_DATA (EDUCATIONAL_USE_ONLY)
67,1,4,140,319,0.0,0,92,1.0,0.2,2.0,1.0,7.0,0,0,Asymptomatic,Male,<= 120 mg/dl,Normal,Yes,Flat,Reversible Defect,Senior (>=55),Month 5,5,PT-M05-0179,SIMULATED_MONITORING_DATA (EDUCATIONAL_USE_ONLY)
63,0,4,215,340,1.0,2,116,1.0,4.0,3.0,2.0,7.0,3,1,Asymptomatic,Female,> 120 mg/dl,Left Ventricular Hypertrophy,Yes,Downsloping,Reversible Defect,Senior (>=55),Month 5,5,PT-M05-0180,SIMULATED_MONITORING_DATA (EDUCATIONAL_USE_ONLY)
62,1,2,135,293,0.0,0,146,0.0,0.0,3.0,0.0,3.0,0,0,Atypical Angina,Male,<= 120 mg/dl,Normal,No,Downsloping,Normal,Senior (>=55),Month 5,5,PT-M05-0181,SIMULATED_MONITORING_DATA (EDUCATIONAL_USE_ONLY)
63,1,2,139,304,0.0,1,124,0.0,0.3,1.0,0.0,7.0,1,1,Atypical Angina,Male,<= 120 mg/dl,ST-T Abnormality,No,Upsloping,Reversible Defect,Senior (>=55),Month 5,5,PT-M05-0182,SIMULATED_MONITORING_DATA (EDUCATIONAL_USE_ONLY)
60,1,2,144,310,0.0,0,135,0.0,0.0,1.0,0.0,3.0,0,0,Atypical Angina,Male,<= 120 mg/dl,Normal,No,Upsloping,Normal,Senior (>=55),Month 5,5,PT-M05-0183,SIMULATED_MONITORING_DATA (EDUCATIONAL_USE_ONLY)
59,1,3,129,205,0.0,2,105,0.0,0.6,1.0,0.0,3.0,0,0,Non-Anginal Pain,Male,<= 120 mg/dl,Left Ventricular Hypertrophy,No,Upsloping,Normal,Senior (>=55),Month 5,5,PT-M05-0184,SIMULATED_MONITORING_DATA (EDUCATIONAL_USE_ONLY)
70,1,4,143,313,0.0,0,93,1.0,0.2,2.0,1.0,7.0,0,0,Asymptomatic,Male,<= 120 mg/dl,Normal,Yes,Flat,Reversible Defect,Senior (>=55),Month 5,5,PT-M05-0185,SIMULATED_MONITORING_DATA (EDUCATIONAL_USE_ONLY)
44,0,3,129,251,0.0,0,157,0.0,0.0,2.0,0.0,3.0,0,0,Non-Anginal Pain,Female,<= 120 mg/dl,Normal,No,Flat,Normal,Younger (<55),Month 5,5,PT-M05-0186,SIMULATED_MONITORING_DATA (EDUCATIONAL_USE_ONLY)
74,1,4,138,273,0.0,2,112,1.0,2.6,2.0,2.0,7.0,1,1,Asymptomatic,Male,<= 120 mg/dl,Left Ventricular Hypertrophy,Yes,Flat,Reversible Defect,Senior (>=55),Month 5,5,PT-M05-0187,SIMULATED_MONITORING_DATA (EDUCATIONAL_USE_ONLY)
70,1,4,151,395,1.0,2,121,1.0,1.8,1.0,3.0,7.0,3,1,Asymptomatic,Male,> 120 mg/dl,Left Ventricular Hypertrophy,Yes,Upsloping,Reversible Defect,Senior (>=55),Month 5,5,PT-M05-0188,SIMULATED_MONITORING_DATA (EDUCATIONAL_USE_ONLY)
64,1,2,134,335,0.0,2,147,0.0,1.8,2.0,0.0,3.0,1,1,Atypical Angina,Male,<= 120 mg/dl,Left Ventricular Hypertrophy,No,Flat,Normal,Senior (>=55),Month 5,5,PT-M05-0189,SIMULATED_MONITORING_DATA (EDUCATIONAL_USE_ONLY)
59,1,4,146,333,1.0,2,88,1.0,1.6,3.0,0.0,7.0,2,1,Asymptomatic,Male,> 120 mg/dl,Left Ventricular Hypertrophy,Yes,Downsloping,Reversible Defect,Senior (>=55),Month 5,5,PT-M05-0190,SIMULATED_MONITORING_DATA (EDUCATIONAL_USE_ONLY)
69,1,4,125,241,0.0,1,116,1.0,0.1,1.0,1.0,3.0,2,1,Asymptomatic,Male,<= 120 mg/dl,ST-T Abnormality,Yes,Upsloping,Normal,Senior (>=55),Month 5,5,PT-M05-0191,SIMULATED_MONITORING_DATA (EDUCATIONAL_USE_ONLY)
55,1,4,138,341,0.0,2,108,1.0,3.2,2.0,2.0,3.0,3,1,Asymptomatic,Male,<= 120 mg/dl,Left Ventricular Hypertrophy,Yes,Flat,Normal,Senior (>=55),Month 5,5,PT-M05-0192,SIMULATED_MONITORING_DATA (EDUCATIONAL_USE_ONLY)
63,1,4,193,342,1.0,2,109,0.0,1.0,2.0,3.0,7.0,4,1,Asymptomatic,Male,> 120 mg/dl,Left Ventricular Hypertrophy,No,Flat,Reversible Defect,Senior (>=55),Month 5,5,PT-M05-0193,SIMULATED_MONITORING_DATA (EDUCATIONAL_USE_ONLY)
56,0,3,123,315,0.0,2,147,0.0,0.0,1.0,0.0,3.0,0,0,Non-Anginal Pain,Female,<= 120 mg/dl,Left Ventricular Hypertrophy,No,Upsloping,Normal,Senior (>=55),Month 5,5,PT-M05-0194,SIMULATED_MONITORING_DATA (EDUCATIONAL_USE_ONLY)
69,1,4,186,337,0.0,1,90,1.0,1.5,2.0,3.0,3.0,2,1,Asymptomatic,Male,<= 120 mg/dl,ST-T Abnormality,Yes,Flat,Normal,Senior (>=55),Month 5,5,PT-M05-0195,SIMULATED_MONITORING_DATA (EDUCATIONAL_USE_ONLY)
59,1,3,103,268,0.0,0,134,1.0,0.0,1.0,1.0,7.0,0,0,Non-Anginal Pain,Male,<= 120 mg/dl,Normal,Yes,Upsloping,Reversible Defect,Senior (>=55),Month 5,5,PT-M05-0196,SIMULATED_MONITORING_DATA (EDUCATIONAL_USE_ONLY)
57,0,3,135,257,0.0,0,141,0.0,1.6,2.0,0.0,3.0,0,0,Non-Anginal Pain,Female,<= 120 mg/dl,Normal,No,Flat,Normal,Senior (>=55),Month 5,5,PT-M05-0197,SIMULATED_MONITORING_DATA (EDUCATIONAL_USE_ONLY)
63,1,1,186,319,0.0,2,117,0.0,0.0,1.0,0.0,3.0,1,1,Typical Angina,Male,<= 120 mg/dl,Left Ventricular Hypertrophy,No,Upsloping,Normal,Senior (>=55),Month 5,5,PT-M05-0198,SIMULATED_MONITORING_DATA (EDUCATIONAL_USE_ONLY)
46,1,4,122,204,0.0,2,138,0.0,0.0,1.0,0.0,7.0,1,1,Asymptomatic,Male,<= 120 mg/dl,Left Ventricular Hypertrophy,No,Upsloping,Reversible Defect,Younger (<55),Month 5,5,PT-M05-0199,SIMULATED_MONITORING_DATA (EDUCATIONAL_USE_ONLY)
57,1,2,145,310,0.0,1,119,0.0,0.3,1.0,0.0,7.0,1,1,Atypical Angina,Male,<= 120 mg/dl,ST-T Abnormality,No,Upsloping,Reversible Defect,Senior (>=55),Month 5,5,PT-M05-0200,SIMULATED_MONITORING_DATA (EDUCATIONAL_USE_ONLY)
53,1,4,134,290,0.0,2,123,0.0,0.8,1.0,0.0,7.0,1,1,Asymptomatic,Male,<= 120 mg/dl,Left Ventricular Hypertrophy,No,Upsloping,Reversible Defect,Younger (<55),Month 5,5,PT-M05-0201,SIMULATED_MONITORING_DATA (EDUCATIONAL_USE_ONLY)
62,0,4,193,263,1.0,2,128,1.0,2.8,2.0,2.0,6.0,2,1,Asymptomatic,Female,> 120 mg/dl,Left Ventricular Hypertrophy,Yes,Flat,Fixed Defect,Senior (>=55),Month 5,5,PT-M05-0202,SIMULATED_MONITORING_DATA (EDUCATIONAL_USE_ONLY)
47,0,2,126,233,0.0,0,151,0.0,0.0,1.0,1.0,3.0,0,0,Atypical Angina,Female,<= 120 mg/dl,Normal,No,Upsloping,Normal,Younger (<55),Month 5,5,PT-M05-0203,SIMULATED_MONITORING_DATA (EDUCATIONAL_USE_ONLY)
63,0,4,121,317,0.0,0,151,1.0,1.8,2.0,2.0,3.0,1,1,Asymptomatic,Female,<= 120 mg/dl,Normal,Yes,Flat,Normal,Senior (>=55),Month 5,5,PT-M05-0204,SIMULATED_MONITORING_DATA (EDUCATIONAL_USE_ONLY)
65,1,4,143,353,0.0,2,152,0.0,0.0,1.0,2.0,7.0,1,1,Asymptomatic,Male,<= 120 mg/dl,Left Ventricular Hypertrophy,No,Upsloping,Reversible Defect,Senior (>=55),Month 5,5,PT-M05-0205,SIMULATED_MONITORING_DATA (EDUCATIONAL_USE_ONLY)
58,0,2,153,407,0.0,1,150,0.0,1.2,1.0,0.0,3.0,0,0,Atypical Angina,Female,<= 120 mg/dl,ST-T Abnormality,No,Upsloping,Normal,Senior (>=55),Month 5,5,PT-M05-0206,SIMULATED_MONITORING_DATA (EDUCATIONAL_USE_ONLY)
61,0,4,199,286,0.0,0,124,1.0,0.0,2.0,0.0,3.0,1,1,Asymptomatic,Female,<= 120 mg/dl,Normal,Yes,Flat,Normal,Senior (>=55),Month 5,5,PT-M05-0207,SIMULATED_MONITORING_DATA (EDUCATIONAL_USE_ONLY)
61,1,4,172,318,0.0,2,99,1.0,0.6,2.0,1.0,6.0,1,1,Asymptomatic,Male,<= 120 mg/dl,Left Ventricular Hypertrophy,Yes,Flat,Fixed Defect,Senior (>=55),Month 5,5,PT-M05-0208,SIMULATED_MONITORING_DATA (EDUCATIONAL_USE_ONLY)
55,1,4,159,353,0.0,0,106,1.0,4.2,2.0,3.0,7.0,3,1,Asymptomatic,Male,<= 120 mg/dl,Normal,Yes,Flat,Reversible Defect,Senior (>=55),Month 5,5,PT-M05-0209,SIMULATED_MONITORING_DATA (EDUCATIONAL_USE_ONLY)
72,1,4,149,297,0.0,2,111,0.0,2.8,2.0,1.0,7.0,2,1,Asymptomatic,Male,<= 120 mg/dl,Left Ventricular Hypertrophy,No,Flat,Reversible Defect,Senior (>=55),Month 5,5,PT-M05-0210,SIMULATED_MONITORING_DATA (EDUCATIONAL_USE_ONLY)
64,1,4,161,350,0.0,2,147,0.0,1.2,2.0,2.0,7.0,2,1,Asymptomatic,Male,<= 120 mg/dl,Left Ventricular Hypertrophy,No,Flat,Reversible Defect,Senior (>=55),Month 5,5,PT-M05-0211,SIMULATED_MONITORING_DATA (EDUCATIONAL_USE_ONLY)
66,1,3,117,289,0.0,2,134,1.0,0.6,2.0,0.0,7.0,0,0,Non-Anginal Pain,Male,<= 120 mg/dl,Left Ventricular Hypertrophy,Yes,Flat,Reversible Defect,Senior (>=55),Month 5,5,PT-M05-0212,SIMULATED_MONITORING_DATA (EDUCATIONAL_USE_ONLY)
60,0,3,129,254,0.0,2,139,0.0,1.6,2.0,0.0,3.0,0,0,Non-Anginal Pain,Female,<= 120 mg/dl,Left Ventricular Hypertrophy,No,Flat,Normal,Senior (>=55),Month 5,5,PT-M05-0213,SIMULATED_MONITORING_DATA (EDUCATIONAL_USE_ONLY)
64,1,4,194,336,1.0,2,108,0.0,1.0,2.0,3.0,7.0,4,1,Asymptomatic,Male,> 120 mg/dl,Left Ventricular Hypertrophy,No,Flat,Reversible Defect,Senior (>=55),Month 5,5,PT-M05-0214,SIMULATED_MONITORING_DATA (EDUCATIONAL_USE_ONLY)
62,1,4,118,401,0.0,1,125,1.0,3.0,2.0,1.0,7.0,2,1,Asymptomatic,Male,<= 120 mg/dl,ST-T Abnormality,Yes,Flat,Reversible Defect,Senior (>=55),Month 5,5,PT-M05-0215,SIMULATED_MONITORING_DATA (EDUCATIONAL_USE_ONLY)
69,1,4,142,308,0.0,0,124,1.0,3.6,2.0,1.0,7.0,2,1,Asymptomatic,Male,<= 120 mg/dl,Normal,Yes,Flat,Reversible Defect,Senior (>=55),Month 5,5,PT-M05-0216,SIMULATED_MONITORING_DATA (EDUCATIONAL_USE_ONLY)
48,1,1,124,304,0.0,2,120,0.0,1.2,2.0,0.0,7.0,1,1,Typical Angina,Male,<= 120 mg/dl,Left Ventricular Hypertrophy,No,Flat,Reversible Defect,Younger (<55),Month 5,5,PT-M05-0217,SIMULATED_MONITORING_DATA (EDUCATIONAL_USE_ONLY)
64,1,1,193,333,0.0,2,144,0.0,0.2,2.0,0.0,7.0,1,1,Typical Angina,Male,<= 120 mg/dl,Left Ventricular Hypertrophy,No,Flat,Reversible Defect,Senior (>=55),Month 5,5,PT-M05-0218,SIMULATED_MONITORING_DATA (EDUCATIONAL_USE_ONLY)
63,1,1,190,347,0.0,2,142,0.0,0.2,2.0,0.0,7.0,1,1,Typical Angina,Male,<= 120 mg/dl,Left Ventricular Hypertrophy,No,Flat,Reversible Defect,Senior (>=55),Month 5,5,PT-M05-0219,SIMULATED_MONITORING_DATA (EDUCATIONAL_USE_ONLY)
69,0,4,166,369,0.0,2,125,1.0,1.0,2.0,0.0,7.0,1,1,Asymptomatic,Female,<= 120 mg/dl,Left Ventricular Hypertrophy,Yes,Flat,Reversible Defect,Senior (>=55),Month 5,5,PT-M05-0220,SIMULATED_MONITORING_DATA (EDUCATIONAL_USE_ONLY)
75,0,3,131,560,0.0,2,140,0.0,1.6,2.0,0.0,7.0,0,0,Non-Anginal Pain,Female,<= 120 mg/dl,Left Ventricular Hypertrophy,No,Flat,Reversible Defect,Senior (>=55),Month 5,5,PT-M05-0221,SIMULATED_MONITORING_DATA (EDUCATIONAL_USE_ONLY)
70,0,4,175,259,0.0,2,99,0.0,1.0,2.0,3.0,7.0,4,1,Asymptomatic,Female,<= 120 mg/dl,Left Ventricular Hypertrophy,No,Flat,Reversible Defect,Senior (>=55),Month 5,5,PT-M05-0222,SIMULATED_MONITORING_DATA (EDUCATIONAL_USE_ONLY)
46,1,4,122,238,0.0,2,154,0.0,0.0,1.0,1.0,3.0,1,1,Asymptomatic,Male,<= 120 mg/dl,Left Ventricular Hypertrophy,No,Upsloping,Normal,Younger (<55),Month 5,5,PT-M05-0223,SIMULATED_MONITORING_DATA (EDUCATIONAL_USE_ONLY)
49,0,3,146,251,0.0,0,146,0.0,0.2,2.0,0.0,3.0,0,0,Non-Anginal Pain,Female,<= 120 mg/dl,Normal,No,Flat,Normal,Younger (<55),Month 5,5,PT-M05-0224,SIMULATED_MONITORING_DATA (EDUCATIONAL_USE_ONLY)
61,1,1,155,244,0.0,0,138,0.0,0.8,1.0,2.0,3.0,1,1,Typical Angina,Male,<= 120 mg/dl,Normal,No,Upsloping,Normal,Senior (>=55),Month 5,5,PT-M05-0225,SIMULATED_MONITORING_DATA (EDUCATIONAL_USE_ONLY)
53,0,4,158,278,0.0,2,139,1.0,0.2,2.0,0.0,3.0,0,0,Asymptomatic,Female,<= 120 mg/dl,Left Ventricular Hypertrophy,Yes,Flat,Normal,Younger (<55),Month 5,5,PT-M05-0226,SIMULATED_MONITORING_DATA (EDUCATIONAL_USE_ONLY)
72,1,3,204,327,1.0,2,136,1.0,1.6,2.0,0.0,7.0,3,1,Non-Anginal Pain,Male,> 120 mg/dl,Left Ventricular Hypertrophy,Yes,Flat,Reversible Defect,Senior (>=55),Month 5,5,PT-M05-0227,SIMULATED_MONITORING_DATA (EDUCATIONAL_USE_ONLY)
71,1,4,181,269,0.0,2,123,0.0,2.3,1.0,0.0,6.0,0,0,Asymptomatic,Male,<= 120 mg/dl,Left Ventricular Hypertrophy,No,Upsloping,Fixed Defect,Senior (>=55),Month 5,5,PT-M05-0228,SIMULATED_MONITORING_DATA (EDUCATIONAL_USE_ONLY)
58,1,3,142,320,0.0,2,134,0.0,0.5,3.0,1.0,3.0,0,0,Non-Anginal Pain,Male,<= 120 mg/dl,Left Ventricular Hypertrophy,No,Downsloping,Normal,Senior (>=55),Month 5,5,PT-M05-0229,SIMULATED_MONITORING_DATA (EDUCATIONAL_USE_ONLY)
66,1,4,160,226,0.0,1,130,1.0,4.0,1.0,2.0,7.0,2,1,Asymptomatic,Male,<= 120 mg/dl,ST-T Abnormality,Yes,Upsloping,Reversible Defect,Senior (>=55),Month 5,5,PT-M05-0230,SIMULATED_MONITORING_DATA (EDUCATIONAL_USE_ONLY)
61,1,4,182,342,0.0,2,130,1.0,0.8,2.0,1.0,7.0,4,1,Asymptomatic,Male,<= 120 mg/dl,Left Ventricular Hypertrophy,Yes,Flat,Reversible Defect,Senior (>=55),Month 5,5,PT-M05-0231,SIMULATED_MONITORING_DATA (EDUCATIONAL_USE_ONLY)
60,1,2,146,312,0.0,0,140,0.0,0.0,1.0,0.0,3.0,0,0,Atypical Angina,Male,<= 120 mg/dl,Normal,No,Upsloping,Normal,Senior (>=55),Month 5,5,PT-M05-0232,SIMULATED_MONITORING_DATA (EDUCATIONAL_USE_ONLY)
60,0,2,155,296,0.0,2,142,0.0,1.4,2.0,0.0,3.0,0,0,Atypical Angina,Female,<= 120 mg/dl,Left Ventricular Hypertrophy,No,Flat,Normal,Senior (>=55),Month 5,5,PT-M05-0233,SIMULATED_MONITORING_DATA (EDUCATIONAL_USE_ONLY)
62,1,4,190,382,0.0,2,129,1.0,3.4,3.0,0.0,7.0,2,1,Asymptomatic,Male,<= 120 mg/dl,Left Ventricular Hypertrophy,Yes,Downsloping,Reversible Defect,Senior (>=55),Month 5,5,PT-M05-0234,SIMULATED_MONITORING_DATA (EDUCATIONAL_USE_ONLY)
52,1,4,163,373,0.0,2,133,1.0,0.0,2.0,3.0,7.0,3,1,Asymptomatic,Male,<= 120 mg/dl,Left Ventricular Hypertrophy,Yes,Flat,Reversible Defect,Younger (<55),Month 5,5,PT-M05-0235,SIMULATED_MONITORING_DATA (EDUCATIONAL_USE_ONLY)
69,0,4,159,318,0.0,1,142,0.0,3.6,3.0,2.0,3.0,3,1,Asymptomatic,Female,<= 120 mg/dl,ST-T Abnormality,No,Downsloping,Normal,Senior (>=55),Month 5,5,PT-M05-0236,SIMULATED_MONITORING_DATA (EDUCATIONAL_USE_ONLY)
68,1,4,162,219,0.0,2,130,1.0,4.0,1.0,2.0,7.0,2,1,Asymptomatic,Male,<= 120 mg/dl,Left Ventricular Hypertrophy,Yes,Upsloping,Reversible Defect,Senior (>=55),Month 5,5,PT-M05-0237,SIMULATED_MONITORING_DATA (EDUCATIONAL_USE_ONLY)
71,1,4,152,306,0.0,2,128,0.0,1.4,2.0,1.0,7.0,2,1,Asymptomatic,Male,<= 120 mg/dl,Left Ventricular Hypertrophy,No,Flat,Reversible Defect,Senior (>=55),Month 5,5,PT-M05-0238,SIMULATED_MONITORING_DATA (EDUCATIONAL_USE_ONLY)
64,1,4,158,270,0.0,0,138,0.0,0.5,2.0,0.0,7.0,0,0,Asymptomatic,Male,<= 120 mg/dl,Normal,No,Flat,Reversible Defect,Senior (>=55),Month 5,5,PT-M05-0239,SIMULATED_MONITORING_DATA (EDUCATIONAL_USE_ONLY)
59,1,4,144,261,0.0,0,149,0.0,1.0,1.0,2.0,7.0,3,1,Asymptomatic,Male,<= 120 mg/dl,Normal,No,Upsloping,Reversible Defect,Senior (>=55),Month 5,5,PT-M05-0240,SIMULATED_MONITORING_DATA (EDUCATIONAL_USE_ONLY)
57,0,2,152,403,0.0,0,146,0.0,1.2,1.0,0.0,3.0,0,0,Atypical Angina,Female,<= 120 mg/dl,Normal,No,Upsloping,Normal,Senior (>=55),Month 5,5,PT-M05-0241,SIMULATED_MONITORING_DATA (EDUCATIONAL_USE_ONLY)
66,1,4,164,326,0.0,2,124,1.0,2.8,2.0,2.0,7.0,2,1,Asymptomatic,Male,<= 120 mg/dl,Left Ventricular Hypertrophy,Yes,Flat,Reversible Defect,Senior (>=55),Month 5,5,PT-M05-0242,SIMULATED_MONITORING_DATA (EDUCATIONAL_USE_ONLY)
71,0,3,176,336,0.0,1,155,0.0,0.0,1.0,1.0,3.0,0,0,Non-Anginal Pain,Female,<= 120 mg/dl,ST-T Abnormality,No,Upsloping,Normal,Senior (>=55),Month 5,5,PT-M05-0243,SIMULATED_MONITORING_DATA (EDUCATIONAL_USE_ONLY)
67,0,3,151,308,0.0,0,86,0.0,1.2,2.0,1.0,7.0,2,1,Non-Anginal Pain,Female,<= 120 mg/dl,Normal,No,Flat,Reversible Defect,Senior (>=55),Month 5,5,PT-M05-0244,SIMULATED_MONITORING_DATA (EDUCATIONAL_USE_ONLY)
62,1,4,165,327,0.0,1,99,1.0,0.6,2.0,1.0,6.0,1,1,Asymptomatic,Male,<= 120 mg/dl,ST-T Abnormality,Yes,Flat,Fixed Defect,Senior (>=55),Month 5,5,PT-M05-0245,SIMULATED_MONITORING_DATA (EDUCATIONAL_USE_ONLY)
55,0,4,127,303,0.0,2,139,0.0,0.0,1.0,0.0,3.0,0,0,Asymptomatic,Female,<= 120 mg/dl,Left Ventricular Hypertrophy,No,Upsloping,Normal,Senior (>=55),Month 5,5,PT-M05-0246,SIMULATED_MONITORING_DATA (EDUCATIONAL_USE_ONLY)
51,1,1,131,317,0.0,1,119,0.0,1.2,2.0,0.0,7.0,1,1,Typical Angina,Male,<= 120 mg/dl,ST-T Abnormality,No,Flat,Reversible Defect,Younger (<55),Month 5,5,PT-M05-0247,SIMULATED_MONITORING_DATA (EDUCATIONAL_USE_ONLY)
33,1,2,147,242,0.0,2,180,0.0,0.0,1.0,0.0,3.0,0,0,Atypical Angina,Male,<= 120 mg/dl,Left Ventricular Hypertrophy,No,Upsloping,Normal,Younger (<55),Month 5,5,PT-M05-0248,SIMULATED_MONITORING_DATA (EDUCATIONAL_USE_ONLY)
64,1,3,125,268,0.0,2,148,0.0,2.5,2.0,1.0,7.0,4,1,Non-Anginal Pain,Male,<= 120 mg/dl,Left Ventricular Hypertrophy,No,Flat,Reversible Defect,Senior (>=55),Month 5,5,PT-M05-0249,SIMULATED_MONITORING_DATA (EDUCATIONAL_USE_ONLY)
60,1,4,158,241,1.0,2,135,1.0,3.1,3.0,0.0,7.0,1,1,Asymptomatic,Male,> 120 mg/dl,Left Ventricular Hypertrophy,Yes,Downsloping,Reversible Defect,Senior (>=55),Month 5,5,PT-M05-0250,SIMULATED_MONITORING_DATA (EDUCATIONAL_USE_ONLY)
